股票名称,周期,时间,strategy_id,strategy_name,strategy_mode,strategy_status,是否命中,trigger_bar,reason,推送状态,图
BILI,1h,2026-03-08 13:00:28,buy_core,笑笑砖策略,live,no_hit,否,492483,pattern_not_met,none,
BILI,1h,2026-03-08 13:00:28,buy_plus_red_diamond,买+红砖石,shadow,no_hit,否,,red_ratio_low,shadow,
BILI,1h,2026-03-08 13:00:28,buy_purple_bottom,紫抄,shadow,no_hit,否,492483,template_miss,shadow,
BILI,1h,2026-03-08 13:00:28,sell_purple_cry,紫色哭脸,live,no_hit,否,492483,template_miss,none,
BILI,1h,2026-03-08 13:00:28,sell_purple_exit,紫色卖出,shadow,no_hit,否,492483,template_miss,shadow,
BILI,2h,2026-03-08 13:01:37,buy_core,笑笑砖策略,live,no_hit,否,246241,pattern_not_met,none,
BILI,2h,2026-03-08 13:01:37,buy_plus_red_diamond,买+红砖石,shadow,no_hit,否,,template_miss,shadow,
BILI,2h,2026-03-08 13:01:37,buy_purple_bottom,紫抄,shadow,no_hit,否,246241,template_miss,shadow,
BILI,2h,2026-03-08 13:01:37,sell_purple_cry,紫色哭脸,live,no_hit,否,246241,template_miss,none,
BILI,2h,2026-03-08 13:01:37,sell_purple_exit,紫色卖出,shadow,no_hit,否,246241,template_miss,shadow,
BILI,3h,2026-03-08 13:02:46,buy_core,笑笑砖策略,live,no_hit,否,164160,pattern_not_met,none,
BILI,3h,2026-03-08 13:02:46,buy_plus_red_diamond,买+红砖石,shadow,no_hit,否,,template_miss,shadow,
BILI,3h,2026-03-08 13:02:46,buy_purple_bottom,紫抄,shadow,no_hit,否,164160,template_miss,shadow,
BILI,3h,2026-03-08 13:02:46,sell_purple_cry,紫色哭脸,live,no_hit,否,164160,template_miss,none,
BILI,3h,2026-03-08 13:02:46,sell_purple_exit,紫色卖出,shadow,no_hit,否,164160,template_miss,shadow,
BILI,4h,2026-03-08 13:04:11,buy_core,笑笑砖策略,live,no_hit,否,123120,pattern_not_met,none,
BILI,4h,2026-03-08 13:04:11,buy_plus_red_diamond,买+红砖石,shadow,no_hit,否,,red_ratio_low,shadow,
BILI,4h,2026-03-08 13:04:11,buy_purple_bottom,紫抄,shadow,no_hit,否,123120,template_miss,shadow,
BILI,4h,2026-03-08 13:04:11,sell_purple_cry,紫色哭脸,live,no_hit,否,123120,template_miss,none,
BILI,4h,2026-03-08 13:04:11,sell_purple_exit,紫色卖出,shadow,no_hit,否,123120,template_miss,shadow,
CONI,1h,2026-03-08 13:05:05,buy_core,笑笑砖策略,live,no_hit,否,492484,pattern_not_met,none,
CONI,1h,2026-03-08 13:05:05,buy_plus_red_diamond,买+红砖石,shadow,no_hit,否,,red_ratio_low,shadow,
CONI,1h,2026-03-08 13:05:05,buy_purple_bottom,紫抄,shadow,no_hit,否,492484,template_miss,shadow,
CONI,1h,2026-03-08 13:05:05,sell_purple_cry,紫色哭脸,live,no_hit,否,492484,template_miss,none,
CONI,1h,2026-03-08 13:05:05,sell_purple_exit,紫色卖出,shadow,no_hit,否,492484,template_miss,shadow,
CONI,2h,2026-03-08 13:05:52,buy_core,笑笑砖策略,live,no_hit,否,246241,pattern_not_met,none,
CONI,2h,2026-03-08 13:05:52,buy_plus_red_diamond,买+红砖石,shadow,no_hit,否,,red_ratio_low,shadow,
CONI,2h,2026-03-08 13:05:52,buy_purple_bottom,紫抄,shadow,no_hit,否,246241,template_miss,shadow,
CONI,2h,2026-03-08 13:05:52,sell_purple_cry,紫色哭脸,live,no_hit,否,246241,already_active,none,
CONI,2h,2026-03-08 13:05:52,sell_purple_exit,紫色卖出,shadow,no_hit,否,246241,template_miss,shadow,
CONI,3h,2026-03-08 13:06:34,buy_core,笑笑砖策略,live,no_hit,否,164160,pattern_not_met,none,
CONI,3h,2026-03-08 13:06:34,buy_plus_red_diamond,买+红砖石,shadow,no_hit,否,,red_ratio_low,shadow,
CONI,3h,2026-03-08 13:06:34,buy_purple_bottom,紫抄,shadow,no_hit,否,164160,template_miss,shadow,
CONI,3h,2026-03-08 13:06:34,sell_purple_cry,紫色哭脸,live,no_hit,否,164160,already_active,none,
CONI,3h,2026-03-08 13:06:34,sell_purple_exit,紫色卖出,shadow,no_hit,否,164160,template_miss,shadow,
CONI,4h,2026-03-08 13:07:51,buy_core,笑笑砖策略,live,no_hit,否,123120,pattern_not_met,none,
CONI,4h,2026-03-08 13:07:51,buy_plus_red_diamond,买+红砖石,shadow,no_hit,否,,red_ratio_low,shadow,
CONI,4h,2026-03-08 13:07:51,buy_purple_bottom,紫抄,shadow,no_hit,否,123120,template_miss,shadow,
CONI,4h,2026-03-08 13:07:51,sell_purple_cry,紫色哭脸,live,no_hit,否,123120,template_miss,none,
CONI,4h,2026-03-08 13:07:51,sell_purple_exit,紫色卖出,shadow,no_hit,否,123120,template_miss,shadow,
CORD,1h,2026-03-08 13:08:30,buy_core,笑笑砖策略,live,no_hit,否,492484,pattern_not_met,none,
CORD,1h,2026-03-08 13:08:30,buy_plus_red_diamond,买+红砖石,shadow,no_hit,否,,red_ratio_low,shadow,
CORD,1h,2026-03-08 13:08:30,buy_purple_bottom,紫抄,shadow,no_hit,否,492484,template_miss,shadow,
CORD,1h,2026-03-08 13:08:30,sell_purple_cry,紫色哭脸,live,no_hit,否,492484,template_miss,none,
CORD,1h,2026-03-08 13:08:30,sell_purple_exit,紫色卖出,shadow,no_hit,否,492484,template_miss,shadow,
CORD,2h,2026-03-08 13:09:14,buy_core,笑笑砖策略,live,no_hit,否,246241,pattern_not_met,none,
CORD,2h,2026-03-08 13:09:14,buy_plus_red_diamond,买+红砖石,shadow,no_hit,否,,red_ratio_low,shadow,
CORD,2h,2026-03-08 13:09:14,buy_purple_bottom,紫抄,shadow,no_hit,否,246241,template_miss,shadow,
CORD,2h,2026-03-08 13:09:14,sell_purple_cry,紫色哭脸,live,no_hit,否,246241,purple_ratio_low,none,
CORD,2h,2026-03-08 13:09:14,sell_purple_exit,紫色卖出,shadow,no_hit,否,246241,template_miss,shadow,
CORD,3h,2026-03-08 13:09:54,buy_core,笑笑砖策略,live,no_hit,否,164160,pattern_not_met,none,
CORD,3h,2026-03-08 13:09:54,buy_plus_red_diamond,买+红砖石,shadow,no_hit,否,,red_ratio_low,shadow,
CORD,3h,2026-03-08 13:09:54,buy_purple_bottom,紫抄,shadow,no_hit,否,164160,template_miss,shadow,
CORD,3h,2026-03-08 13:09:54,sell_purple_cry,紫色哭脸,live,no_hit,否,164160,already_active,none,
CORD,3h,2026-03-08 13:09:54,sell_purple_exit,紫色卖出,shadow,no_hit,否,164160,template_miss,shadow,
CORD,4h,2026-03-08 13:10:41,buy_core,笑笑砖策略,live,no_hit,否,123120,pattern_not_met,none,
CORD,4h,2026-03-08 13:10:41,buy_plus_red_diamond,买+红砖石,shadow,no_hit,否,,red_ratio_low,shadow,
CORD,4h,2026-03-08 13:10:41,buy_purple_bottom,紫抄,shadow,no_hit,否,123120,template_miss,shadow,
CORD,4h,2026-03-08 13:10:41,sell_purple_cry,紫色哭脸,live,no_hit,否,123120,already_active,none,
CORD,4h,2026-03-08 13:10:41,sell_purple_exit,紫色卖出,shadow,no_hit,否,123120,template_miss,shadow,
CRCD,1h,2026-03-08 13:11:24,buy_core,笑笑砖策略,live,no_hit,否,492484,pattern_not_met,none,
CRCD,1h,2026-03-08 13:11:24,buy_plus_red_diamond,买+红砖石,shadow,no_hit,否,,template_miss,shadow,
CRCD,1h,2026-03-08 13:11:24,buy_purple_bottom,紫抄,shadow,no_hit,否,492484,template_miss,shadow,
CRCD,1h,2026-03-08 13:11:24,sell_purple_cry,紫色哭脸,live,no_hit,否,492484,template_miss,none,
CRCD,1h,2026-03-08 13:11:24,sell_purple_exit,紫色卖出,shadow,no_hit,否,492484,template_miss,shadow,
CRCD,2h,2026-03-08 13:12:19,buy_core,笑笑砖策略,live,no_hit,否,246241,pattern_not_met,none,
CRCD,2h,2026-03-08 13:12:19,buy_plus_red_diamond,买+红砖石,shadow,no_hit,否,,red_ratio_low,shadow,
CRCD,2h,2026-03-08 13:12:19,buy_purple_bottom,紫抄,shadow,no_hit,否,246241,template_miss,shadow,
CRCD,2h,2026-03-08 13:12:19,sell_purple_cry,紫色哭脸,live,no_hit,否,246241,already_active,none,
CRCD,2h,2026-03-08 13:12:19,sell_purple_exit,紫色卖出,shadow,no_hit,否,246241,template_miss,shadow,
CRCD,3h,2026-03-08 13:13:14,buy_core,笑笑砖策略,live,no_hit,否,164160,pattern_not_met,none,
CRCD,3h,2026-03-08 13:13:14,buy_plus_red_diamond,买+红砖石,shadow,no_hit,否,,red_ratio_low,shadow,
CRCD,3h,2026-03-08 13:13:14,buy_purple_bottom,紫抄,shadow,no_hit,否,164160,template_miss,shadow,
CRCD,3h,2026-03-08 13:13:14,sell_purple_cry,紫色哭脸,live,no_hit,否,164160,already_active,none,
CRCD,3h,2026-03-08 13:13:14,sell_purple_exit,紫色卖出,shadow,no_hit,否,164160,template_miss,shadow,
CRCD,4h,2026-03-08 13:14:20,buy_core,笑笑砖策略,live,no_hit,否,123120,pattern_not_met,none,
CRCD,4h,2026-03-08 13:14:20,buy_plus_red_diamond,买+红砖石,shadow,no_hit,否,,red_ratio_low,shadow,
CRCD,4h,2026-03-08 13:14:20,buy_purple_bottom,紫抄,shadow,no_hit,否,123120,template_miss,shadow,
CRCD,4h,2026-03-08 13:14:20,sell_purple_cry,紫色哭脸,live,no_hit,否,123120,template_miss,none,
CRCD,4h,2026-03-08 13:14:20,sell_purple_exit,紫色卖出,shadow,no_hit,否,123120,template_miss,shadow,
CRCL,1h,2026-03-08 13:15:43,buy_core,笑笑砖策略,live,no_hit,否,492484,pattern_not_met,none,
CRCL,1h,2026-03-08 13:15:43,buy_plus_red_diamond,买+红砖石,shadow,no_hit,否,,red_ratio_low,shadow,
CRCL,1h,2026-03-08 13:15:43,buy_purple_bottom,紫抄,shadow,no_hit,否,492484,template_miss,shadow,
CRCL,1h,2026-03-08 13:15:43,sell_purple_cry,紫色哭脸,live,no_hit,否,492484,template_miss,none,
CRCL,1h,2026-03-08 13:15:43,sell_purple_exit,紫色卖出,shadow,no_hit,否,492484,template_miss,shadow,
CRCL,2h,2026-03-08 13:16:50,buy_core,笑笑砖策略,live,no_hit,否,246241,pattern_not_met,none,
CRCL,2h,2026-03-08 13:16:50,buy_plus_red_diamond,买+红砖石,shadow,no_hit,否,,red_ratio_low,shadow,
CRCL,2h,2026-03-08 13:16:50,buy_purple_bottom,紫抄,shadow,no_hit,否,246241,template_miss,shadow,
CRCL,2h,2026-03-08 13:16:50,sell_purple_cry,紫色哭脸,live,no_hit,否,246241,template_miss,none,
CRCL,2h,2026-03-08 13:16:50,sell_purple_exit,紫色卖出,shadow,no_hit,否,246241,template_miss,shadow,
CRCL,3h,2026-03-08 13:17:55,buy_core,笑笑砖策略,live,no_hit,否,164160,pattern_not_met,none,
CRCL,3h,2026-03-08 13:17:55,buy_plus_red_diamond,买+红砖石,shadow,no_hit,否,,red_ratio_low,shadow,
CRCL,3h,2026-03-08 13:17:55,buy_purple_bottom,紫抄,shadow,no_hit,否,164160,template_miss,shadow,
CRCL,3h,2026-03-08 13:17:55,sell_purple_cry,紫色哭脸,live,no_hit,否,164160,template_miss,none,
CRCL,3h,2026-03-08 13:17:55,sell_purple_exit,紫色卖出,shadow,no_hit,否,164160,template_miss,shadow,
CRCL,4h,2026-03-08 13:18:33,buy_core,笑笑砖策略,live,no_hit,否,123120,pattern_not_met,none,
CRCL,4h,2026-03-08 13:18:33,buy_plus_red_diamond,买+红砖石,shadow,no_hit,否,,red_ratio_low,shadow,
CRCL,4h,2026-03-08 13:18:33,buy_purple_bottom,紫抄,shadow,no_hit,否,123120,template_miss,shadow,
CRCL,4h,2026-03-08 13:18:33,sell_purple_cry,紫色哭脸,live,no_hit,否,123120,already_active,none,
CRCL,4h,2026-03-08 13:18:33,sell_purple_exit,紫色卖出,shadow,no_hit,否,123120,template_miss,shadow,
CRDO,1h,2026-03-08 13:19:02,buy_core,笑笑砖策略,live,no_hit,否,492484,pattern_not_met,none,
CRDO,1h,2026-03-08 13:19:02,buy_plus_red_diamond,买+红砖石,shadow,no_hit,否,,red_ratio_low,shadow,
CRDO,1h,2026-03-08 13:19:02,buy_purple_bottom,紫抄,shadow,no_hit,否,492484,template_miss,shadow,
CRDO,1h,2026-03-08 13:19:02,sell_purple_cry,紫色哭脸,live,no_hit,否,492484,template_miss,none,
CRDO,1h,2026-03-08 13:19:02,sell_purple_exit,紫色卖出,shadow,no_hit,否,492484,template_miss,shadow,
CRDO,2h,2026-03-08 13:19:32,buy_core,笑笑砖策略,live,no_hit,否,246241,pattern_not_met,none,
CRDO,2h,2026-03-08 13:19:32,buy_plus_red_diamond,买+红砖石,shadow,no_hit,否,,red_ratio_low,shadow,
CRDO,2h,2026-03-08 13:19:32,buy_purple_bottom,紫抄,shadow,no_hit,否,246241,template_miss,shadow,
CRDO,2h,2026-03-08 13:19:32,sell_purple_cry,紫色哭脸,live,no_hit,否,246241,template_miss,none,
CRDO,2h,2026-03-08 13:19:32,sell_purple_exit,紫色卖出,shadow,no_hit,否,246241,template_miss,shadow,
CRDO,3h,2026-03-08 13:20:41,buy_core,笑笑砖策略,live,no_hit,否,164160,pattern_not_met,none,
CRDO,3h,2026-03-08 13:20:41,buy_plus_red_diamond,买+红砖石,shadow,no_hit,否,,red_ratio_low,shadow,
CRDO,3h,2026-03-08 13:20:41,buy_purple_bottom,紫抄,shadow,no_hit,否,164160,template_miss,shadow,
CRDO,3h,2026-03-08 13:20:41,sell_purple_cry,紫色哭脸,live,no_hit,否,164160,template_miss,none,
CRDO,3h,2026-03-08 13:20:41,sell_purple_exit,紫色卖出,shadow,no_hit,否,164160,template_miss,shadow,
CRDO,4h,2026-03-08 13:21:07,buy_core,笑笑砖策略,live,no_hit,否,123120,pattern_not_met,none,
CRDO,4h,2026-03-08 13:21:07,buy_plus_red_diamond,买+红砖石,shadow,no_hit,否,,red_ratio_low,shadow,
CRDO,4h,2026-03-08 13:21:07,buy_purple_bottom,紫抄,shadow,no_hit,否,123120,template_miss,shadow,
CRDO,4h,2026-03-08 13:21:07,sell_purple_cry,紫色哭脸,live,no_hit,否,123120,template_miss,none,
CRDO,4h,2026-03-08 13:21:07,sell_purple_exit,紫色卖出,shadow,no_hit,否,123120,template_miss,shadow,
CRML,1h,2026-03-08 13:21:24,buy_core,笑笑砖策略,live,no_hit,否,492484,pattern_not_met,none,
CRML,1h,2026-03-08 13:21:24,buy_plus_red_diamond,买+红砖石,shadow,no_hit,否,,red_ratio_low,shadow,
CRML,1h,2026-03-08 13:21:24,buy_purple_bottom,紫抄,shadow,no_hit,否,492484,template_miss,shadow,
CRML,1h,2026-03-08 13:21:24,sell_purple_cry,紫色哭脸,live,no_hit,否,492484,template_miss,none,
CRML,1h,2026-03-08 13:21:24,sell_purple_exit,紫色卖出,shadow,no_hit,否,492484,template_miss,shadow,
CRML,2h,2026-03-08 13:21:44,buy_core,笑笑砖策略,live,no_hit,否,246241,pattern_not_met,none,
CRML,2h,2026-03-08 13:21:44,buy_plus_red_diamond,买+红砖石,shadow,no_hit,否,,red_ratio_low,shadow,
CRML,2h,2026-03-08 13:21:44,buy_purple_bottom,紫抄,shadow,no_hit,否,246241,template_miss,shadow,
CRML,2h,2026-03-08 13:21:44,sell_purple_cry,紫色哭脸,live,no_hit,否,246241,template_miss,none,
CRML,2h,2026-03-08 13:21:44,sell_purple_exit,紫色卖出,shadow,no_hit,否,246241,template_miss,shadow,
CRML,3h,2026-03-08 13:22:04,buy_core,笑笑砖策略,live,no_hit,否,164160,pattern_not_met,none,
CRML,3h,2026-03-08 13:22:04,buy_plus_red_diamond,买+红砖石,shadow,no_hit,否,,red_ratio_low,shadow,
CRML,3h,2026-03-08 13:22:04,buy_purple_bottom,紫抄,shadow,no_hit,否,164160,template_miss,shadow,
CRML,3h,2026-03-08 13:22:04,sell_purple_cry,紫色哭脸,live,no_hit,否,164160,template_miss,none,
CRML,3h,2026-03-08 13:22:04,sell_purple_exit,紫色卖出,shadow,no_hit,否,164160,template_miss,shadow,
CRML,4h,2026-03-08 13:22:57,buy_core,笑笑砖策略,live,no_hit,否,123120,pattern_not_met,none,
CRML,4h,2026-03-08 13:22:57,buy_plus_red_diamond,买+红砖石,shadow,no_hit,否,,red_ratio_low,shadow,
CRML,4h,2026-03-08 13:22:57,buy_purple_bottom,紫抄,shadow,no_hit,否,123120,template_miss,shadow,
CRML,4h,2026-03-08 13:22:57,sell_purple_cry,紫色哭脸,live,no_hit,否,123120,template_miss,none,
CRML,4h,2026-03-08 13:22:57,sell_purple_exit,紫色卖出,shadow,no_hit,否,123120,template_miss,shadow,
DJT,1h,2026-03-08 13:23:19,buy_core,笑笑砖策略,live,no_hit,否,492484,pattern_not_met,none,
DJT,1h,2026-03-08 13:23:19,buy_plus_red_diamond,买+红砖石,shadow,no_hit,否,,red_ratio_low,shadow,
DJT,1h,2026-03-08 13:23:19,buy_purple_bottom,紫抄,shadow,no_hit,否,492484,template_miss,shadow,
DJT,1h,2026-03-08 13:23:19,sell_purple_cry,紫色哭脸,live,no_hit,否,492484,template_miss,none,
DJT,1h,2026-03-08 13:23:19,sell_purple_exit,紫色卖出,shadow,no_hit,否,492484,template_miss,shadow,
DJT,2h,2026-03-08 13:24:43,buy_core,笑笑砖策略,live,no_hit,否,246241,pattern_not_met,none,
DJT,2h,2026-03-08 13:24:43,buy_plus_red_diamond,买+红砖石,shadow,no_hit,否,,red_ratio_low,shadow,
DJT,2h,2026-03-08 13:24:43,buy_purple_bottom,紫抄,shadow,no_hit,否,246241,template_miss,shadow,
DJT,2h,2026-03-08 13:24:43,sell_purple_cry,紫色哭脸,live,no_hit,否,246241,template_miss,none,
DJT,2h,2026-03-08 13:24:43,sell_purple_exit,紫色卖出,shadow,no_hit,否,246241,template_miss,shadow,
DJT,3h,2026-03-08 13:25:20,buy_core,笑笑砖策略,live,no_hit,否,164160,pattern_not_met,none,
DJT,3h,2026-03-08 13:25:20,buy_plus_red_diamond,买+红砖石,shadow,no_hit,否,,red_ratio_low,shadow,
DJT,3h,2026-03-08 13:25:20,buy_purple_bottom,紫抄,shadow,no_hit,否,164160,template_miss,shadow,
DJT,3h,2026-03-08 13:25:20,sell_purple_cry,紫色哭脸,live,no_hit,否,164160,template_miss,none,
DJT,3h,2026-03-08 13:25:20,sell_purple_exit,紫色卖出,shadow,no_hit,否,164160,template_miss,shadow,
DJT,4h,2026-03-08 13:26:45,buy_core,笑笑砖策略,live,no_hit,否,123120,pattern_not_met,none,
DJT,4h,2026-03-08 13:26:45,buy_plus_red_diamond,买+红砖石,shadow,no_hit,否,,red_ratio_low,shadow,
DJT,4h,2026-03-08 13:26:45,buy_purple_bottom,紫抄,shadow,no_hit,否,123120,template_miss,shadow,
DJT,4h,2026-03-08 13:26:45,sell_purple_cry,紫色哭脸,live,no_hit,否,123120,template_miss,none,
DJT,4h,2026-03-08 13:26:45,sell_purple_exit,紫色卖出,shadow,no_hit,否,123120,template_miss,shadow,
DPST,1h,2026-03-08 13:27:49,buy_core,笑笑砖策略,live,no_hit,否,492484,pattern_not_met,none,
DPST,1h,2026-03-08 13:27:49,buy_plus_red_diamond,买+红砖石,shadow,no_hit,否,,template_miss,shadow,
DPST,1h,2026-03-08 13:27:49,buy_purple_bottom,紫抄,shadow,no_hit,否,492484,template_miss,shadow,
DPST,1h,2026-03-08 13:27:49,sell_purple_cry,紫色哭脸,live,no_hit,否,492484,template_miss,none,
DPST,1h,2026-03-08 13:27:49,sell_purple_exit,紫色卖出,shadow,no_hit,否,492484,template_miss,shadow,
DPST,2h,2026-03-08 13:28:23,buy_core,笑笑砖策略,live,no_hit,否,246241,pattern_not_met,none,
DPST,2h,2026-03-08 13:28:23,buy_plus_red_diamond,买+红砖石,shadow,no_hit,否,,red_ratio_low,shadow,
DPST,2h,2026-03-08 13:28:23,buy_purple_bottom,紫抄,shadow,no_hit,否,246241,template_miss,shadow,
DPST,2h,2026-03-08 13:28:23,sell_purple_cry,紫色哭脸,live,no_hit,否,246241,template_miss,none,
DPST,2h,2026-03-08 13:28:23,sell_purple_exit,紫色卖出,shadow,no_hit,否,246241,template_miss,shadow,
DPST,3h,2026-03-08 13:28:46,buy_core,笑笑砖策略,live,no_hit,否,164160,pattern_not_met,none,
DPST,3h,2026-03-08 13:28:46,buy_plus_red_diamond,买+红砖石,shadow,no_hit,否,,red_ratio_low,shadow,
DPST,3h,2026-03-08 13:28:46,buy_purple_bottom,紫抄,shadow,no_hit,否,164160,template_miss,shadow,
DPST,3h,2026-03-08 13:28:46,sell_purple_cry,紫色哭脸,live,no_hit,否,164160,template_miss,none,
DPST,3h,2026-03-08 13:28:46,sell_purple_exit,紫色卖出,shadow,no_hit,否,164160,template_miss,shadow,
DPST,4h,2026-03-08 13:29:05,buy_core,笑笑砖策略,live,no_hit,否,123120,pattern_not_met,none,
DPST,4h,2026-03-08 13:29:05,buy_plus_red_diamond,买+红砖石,shadow,no_hit,否,,red_ratio_low,shadow,
DPST,4h,2026-03-08 13:29:05,buy_purple_bottom,紫抄,shadow,no_hit,否,123120,template_miss,shadow,
DPST,4h,2026-03-08 13:29:05,sell_purple_cry,紫色哭脸,live,no_hit,否,123120,purple_ratio_low,none,
DPST,4h,2026-03-08 13:29:05,sell_purple_exit,紫色卖出,shadow,no_hit,否,123120,template_miss,shadow,
INTC,1h,2026-03-08 13:29:40,buy_core,笑笑砖策略,live,no_hit,否,492484,pattern_not_met,none,
INTC,1h,2026-03-08 13:29:40,buy_plus_red_diamond,买+红砖石,shadow,no_hit,否,,red_ratio_low,shadow,
INTC,1h,2026-03-08 13:29:40,buy_purple_bottom,紫抄,shadow,no_hit,否,492484,template_miss,shadow,
INTC,1h,2026-03-08 13:29:40,sell_purple_cry,紫色哭脸,live,no_hit,否,492484,template_miss,none,
INTC,1h,2026-03-08 13:29:40,sell_purple_exit,紫色卖出,shadow,no_hit,否,492484,template_miss,shadow,
INTC,2h,2026-03-08 13:30:17,buy_core,笑笑砖策略,live,no_hit,否,246241,pattern_not_met,none,
INTC,2h,2026-03-08 13:30:17,buy_plus_red_diamond,买+红砖石,shadow,no_hit,否,,red_ratio_low,shadow,
INTC,2h,2026-03-08 13:30:17,buy_purple_bottom,紫抄,shadow,no_hit,否,246241,template_miss,shadow,
INTC,2h,2026-03-08 13:30:17,sell_purple_cry,紫色哭脸,live,no_hit,否,246241,template_miss,none,
INTC,2h,2026-03-08 13:30:17,sell_purple_exit,紫色卖出,shadow,no_hit,否,246241,template_miss,shadow,
INTC,3h,2026-03-08 13:31:34,buy_core,笑笑砖策略,live,no_hit,否,164160,pattern_not_met,none,
INTC,3h,2026-03-08 13:31:34,buy_plus_red_diamond,买+红砖石,shadow,no_hit,否,,red_ratio_low,shadow,
INTC,3h,2026-03-08 13:31:34,buy_purple_bottom,紫抄,shadow,no_hit,否,164160,template_miss,shadow,
INTC,3h,2026-03-08 13:31:34,sell_purple_cry,紫色哭脸,live,no_hit,否,164160,template_miss,none,
INTC,3h,2026-03-08 13:31:34,sell_purple_exit,紫色卖出,shadow,no_hit,否,164160,template_miss,shadow,
INTC,4h,2026-03-08 13:31:51,buy_core,笑笑砖策略,live,no_hit,否,123120,pattern_not_met,none,
INTC,4h,2026-03-08 13:31:51,buy_plus_red_diamond,买+红砖石,shadow,no_hit,否,,red_ratio_low,shadow,
INTC,4h,2026-03-08 13:31:51,buy_purple_bottom,紫抄,shadow,no_hit,否,123120,template_miss,shadow,
INTC,4h,2026-03-08 13:31:51,sell_purple_cry,紫色哭脸,live,no_hit,否,123120,already_active,none,
INTC,4h,2026-03-08 13:31:51,sell_purple_exit,紫色卖出,shadow,no_hit,否,123120,template_miss,shadow,
KOLD,1h,2026-03-08 13:32:41,buy_core,笑笑砖策略,live,no_hit,否,492484,pattern_not_met,none,
KOLD,1h,2026-03-08 13:32:41,buy_plus_red_diamond,买+红砖石,shadow,no_hit,否,,red_ratio_low,shadow,
KOLD,1h,2026-03-08 13:32:41,buy_purple_bottom,紫抄,shadow,no_hit,否,492484,template_miss,shadow,
KOLD,1h,2026-03-08 13:32:41,sell_purple_cry,紫色哭脸,live,no_hit,否,492484,template_miss,none,
KOLD,1h,2026-03-08 13:32:41,sell_purple_exit,紫色卖出,shadow,no_hit,否,492484,template_miss,shadow,
KOLD,2h,2026-03-08 13:33:04,buy_core,笑笑砖策略,live,no_hit,否,246241,pattern_not_met,none,
KOLD,2h,2026-03-08 13:33:04,buy_plus_red_diamond,买+红砖石,shadow,no_hit,否,,red_ratio_low,shadow,
KOLD,2h,2026-03-08 13:33:04,buy_purple_bottom,紫抄,shadow,no_hit,否,246241,template_miss,shadow,
KOLD,2h,2026-03-08 13:33:04,sell_purple_cry,紫色哭脸,live,no_hit,否,246241,template_miss,none,
KOLD,2h,2026-03-08 13:33:04,sell_purple_exit,紫色卖出,shadow,no_hit,否,246241,template_miss,shadow,
KOLD,3h,2026-03-08 13:34:12,buy_core,笑笑砖策略,live,no_hit,否,164160,pattern_not_met,none,
KOLD,3h,2026-03-08 13:34:12,buy_plus_red_diamond,买+红砖石,shadow,no_hit,否,,red_ratio_low,shadow,
KOLD,3h,2026-03-08 13:34:12,buy_purple_bottom,紫抄,shadow,no_hit,否,164160,template_miss,shadow,
KOLD,3h,2026-03-08 13:34:12,sell_purple_cry,紫色哭脸,live,no_hit,否,164160,template_miss,none,
KOLD,3h,2026-03-08 13:34:12,sell_purple_exit,紫色卖出,shadow,no_hit,否,164160,template_miss,shadow,
KOLD,4h,2026-03-08 13:34:32,buy_core,笑笑砖策略,live,no_hit,否,123120,pattern_not_met,none,
KOLD,4h,2026-03-08 13:34:32,buy_plus_red_diamond,买+红砖石,shadow,no_hit,否,,red_ratio_low,shadow,
KOLD,4h,2026-03-08 13:34:32,buy_purple_bottom,紫抄,shadow,no_hit,否,123120,template_miss,shadow,
KOLD,4h,2026-03-08 13:34:32,sell_purple_cry,紫色哭脸,live,no_hit,否,123120,template_miss,none,
KOLD,4h,2026-03-08 13:34:32,sell_purple_exit,紫色卖出,shadow,no_hit,否,123120,template_miss,shadow,
LMND,1h,2026-03-08 13:35:20,buy_core,笑笑砖策略,live,no_hit,否,492484,pattern_not_met,none,
LMND,1h,2026-03-08 13:35:20,buy_plus_red_diamond,买+红砖石,shadow,no_hit,否,,red_ratio_low,shadow,
LMND,1h,2026-03-08 13:35:20,buy_purple_bottom,紫抄,shadow,no_hit,否,492484,template_miss,shadow,
LMND,1h,2026-03-08 13:35:20,sell_purple_cry,紫色哭脸,live,no_hit,否,492484,template_miss,none,
LMND,1h,2026-03-08 13:35:20,sell_purple_exit,紫色卖出,shadow,no_hit,否,492484,template_miss,shadow,
LMND,2h,2026-03-08 13:35:57,buy_core,笑笑砖策略,live,no_hit,否,246241,pattern_not_met,none,
LMND,2h,2026-03-08 13:35:57,buy_plus_red_diamond,买+红砖石,shadow,no_hit,否,,red_ratio_low,shadow,
LMND,2h,2026-03-08 13:35:57,buy_purple_bottom,紫抄,shadow,no_hit,否,246241,template_miss,shadow,
LMND,2h,2026-03-08 13:35:57,sell_purple_cry,紫色哭脸,live,no_hit,否,246241,already_active,none,
LMND,2h,2026-03-08 13:35:57,sell_purple_exit,紫色卖出,shadow,no_hit,否,246241,template_miss,shadow,
LMND,3h,2026-03-08 13:37:18,buy_core,笑笑砖策略,live,no_hit,否,164160,pattern_not_met,none,
LMND,3h,2026-03-08 13:37:18,buy_plus_red_diamond,买+红砖石,shadow,no_hit,否,,template_miss,shadow,
LMND,3h,2026-03-08 13:37:18,buy_purple_bottom,紫抄,shadow,no_hit,否,164160,template_miss,shadow,
LMND,3h,2026-03-08 13:37:18,sell_purple_cry,紫色哭脸,live,no_hit,否,164160,template_miss,none,
LMND,3h,2026-03-08 13:37:18,sell_purple_exit,紫色卖出,shadow,no_hit,否,164160,template_miss,shadow,
LMND,4h,2026-03-08 13:37:47,buy_core,笑笑砖策略,live,no_hit,否,123120,pattern_not_met,none,
LMND,4h,2026-03-08 13:37:47,buy_plus_red_diamond,买+红砖石,shadow,no_hit,否,,red_ratio_low,shadow,
LMND,4h,2026-03-08 13:37:47,buy_purple_bottom,紫抄,shadow,no_hit,否,123120,template_miss,shadow,
LMND,4h,2026-03-08 13:37:47,sell_purple_cry,紫色哭脸,live,no_hit,否,123120,already_active,none,
LMND,4h,2026-03-08 13:37:47,sell_purple_exit,紫色卖出,shadow,no_hit,否,123120,template_miss,shadow,
MP,1h,2026-03-08 13:38:38,buy_core,笑笑砖策略,live,no_hit,否,492484,pattern_not_met,none,
MP,1h,2026-03-08 13:38:38,buy_plus_red_diamond,买+红砖石,shadow,no_hit,否,,template_miss,shadow,
MP,1h,2026-03-08 13:38:38,buy_purple_bottom,紫抄,shadow,no_hit,否,492484,template_miss,shadow,
MP,1h,2026-03-08 13:38:38,sell_purple_cry,紫色哭脸,live,no_hit,否,492484,template_miss,none,
MP,1h,2026-03-08 13:38:38,sell_purple_exit,紫色卖出,shadow,no_hit,否,492484,template_miss,shadow,
MP,2h,2026-03-08 13:39:28,buy_core,笑笑砖策略,live,no_hit,否,246241,pattern_not_met,none,
MP,2h,2026-03-08 13:39:28,buy_plus_red_diamond,买+红砖石,shadow,no_hit,否,,template_miss,shadow,
MP,2h,2026-03-08 13:39:28,buy_purple_bottom,紫抄,shadow,no_hit,否,246241,template_miss,shadow,
MP,2h,2026-03-08 13:39:28,sell_purple_cry,紫色哭脸,live,no_hit,否,246241,template_miss,none,
MP,2h,2026-03-08 13:39:28,sell_purple_exit,紫色卖出,shadow,no_hit,否,246241,template_miss,shadow,
MP,3h,2026-03-08 13:40:27,buy_core,笑笑砖策略,live,no_hit,否,164160,pattern_not_met,none,
MP,3h,2026-03-08 13:40:27,buy_plus_red_diamond,买+红砖石,shadow,no_hit,否,,template_miss,shadow,
MP,3h,2026-03-08 13:40:27,buy_purple_bottom,紫抄,shadow,no_hit,否,164160,template_miss,shadow,
MP,3h,2026-03-08 13:40:27,sell_purple_cry,紫色哭脸,live,no_hit,否,164160,template_miss,none,
MP,3h,2026-03-08 13:40:27,sell_purple_exit,紫色卖出,shadow,no_hit,否,164160,template_miss,shadow,
MP,4h,2026-03-08 13:40:47,buy_core,笑笑砖策略,live,hit,是,123120,repeat_suppressed,repeat_suppressed,C:\Users\Administrator\Desktop\futu_combo_watch\output\hit_MP_4h_buy_core_20260308_134027.png
MP,4h,2026-03-08 13:40:47,buy_plus_red_diamond,买+红砖石,shadow,no_hit,否,,buy_red_no_pair,shadow,C:\Users\Administrator\Desktop\futu_combo_watch\output\hit_MP_4h_buy_core_20260308_134027.png
MP,4h,2026-03-08 13:40:47,buy_purple_bottom,紫抄,shadow,no_hit,否,123120,template_miss,shadow,C:\Users\Administrator\Desktop\futu_combo_watch\output\hit_MP_4h_buy_core_20260308_134027.png
MP,4h,2026-03-08 13:40:47,sell_purple_cry,紫色哭脸,live,no_hit,否,123120,purple_ratio_low,none,C:\Users\Administrator\Desktop\futu_combo_watch\output\hit_MP_4h_buy_core_20260308_134027.png
MP,4h,2026-03-08 13:40:47,sell_purple_exit,紫色卖出,shadow,no_hit,否,123120,template_miss,shadow,C:\Users\Administrator\Desktop\futu_combo_watch\output\hit_MP_4h_buy_core_20260308_134027.png
MU,1h,2026-03-08 13:41:17,buy_core,笑笑砖策略,live,no_hit,否,492484,pattern_not_met,none,
MU,1h,2026-03-08 13:41:17,buy_plus_red_diamond,买+红砖石,shadow,no_hit,否,,red_ratio_low,shadow,
MU,1h,2026-03-08 13:41:17,buy_purple_bottom,紫抄,shadow,no_hit,否,492484,template_miss,shadow,
MU,1h,2026-03-08 13:41:17,sell_purple_cry,紫色哭脸,live,no_hit,否,492484,template_miss,none,
MU,1h,2026-03-08 13:41:17,sell_purple_exit,紫色卖出,shadow,no_hit,否,492484,template_miss,shadow,
MU,2h,2026-03-08 13:41:51,buy_core,笑笑砖策略,live,no_hit,否,246241,pattern_not_met,none,
MU,2h,2026-03-08 13:41:51,buy_plus_red_diamond,买+红砖石,shadow,no_hit,否,,red_ratio_low,shadow,
MU,2h,2026-03-08 13:41:51,buy_purple_bottom,紫抄,shadow,no_hit,否,246241,template_miss,shadow,
MU,2h,2026-03-08 13:41:51,sell_purple_cry,紫色哭脸,live,no_hit,否,246241,template_miss,none,
MU,2h,2026-03-08 13:41:51,sell_purple_exit,紫色卖出,shadow,no_hit,否,246241,template_miss,shadow,
MU,3h,2026-03-08 13:42:25,buy_core,笑笑砖策略,live,no_hit,否,164160,pattern_not_met,none,
MU,3h,2026-03-08 13:42:25,buy_plus_red_diamond,买+红砖石,shadow,no_hit,否,,red_ratio_low,shadow,
MU,3h,2026-03-08 13:42:25,buy_purple_bottom,紫抄,shadow,no_hit,否,164160,template_miss,shadow,
MU,3h,2026-03-08 13:42:25,sell_purple_cry,紫色哭脸,live,no_hit,否,164160,template_miss,none,
MU,3h,2026-03-08 13:42:25,sell_purple_exit,紫色卖出,shadow,no_hit,否,164160,template_miss,shadow,
MU,4h,2026-03-08 13:43:00,buy_core,笑笑砖策略,live,no_hit,否,123120,pattern_not_met,none,
MU,4h,2026-03-08 13:43:00,buy_plus_red_diamond,买+红砖石,shadow,no_hit,否,,red_ratio_low,shadow,
MU,4h,2026-03-08 13:43:00,buy_purple_bottom,紫抄,shadow,no_hit,否,123120,template_miss,shadow,
MU,4h,2026-03-08 13:43:00,sell_purple_cry,紫色哭脸,live,no_hit,否,123120,template_miss,none,
MU,4h,2026-03-08 13:43:00,sell_purple_exit,紫色卖出,shadow,no_hit,否,123120,template_miss,shadow,
NBIS,1h,2026-03-08 13:43:36,buy_core,笑笑砖策略,live,no_hit,否,492484,pattern_not_met,none,
NBIS,1h,2026-03-08 13:43:36,buy_plus_red_diamond,买+红砖石,shadow,no_hit,否,,red_ratio_low,shadow,
NBIS,1h,2026-03-08 13:43:36,buy_purple_bottom,紫抄,shadow,no_hit,否,492484,template_miss,shadow,
NBIS,1h,2026-03-08 13:43:36,sell_purple_cry,紫色哭脸,live,no_hit,否,492484,template_miss,none,
NBIS,1h,2026-03-08 13:43:36,sell_purple_exit,紫色卖出,shadow,no_hit,否,492484,template_miss,shadow,
NBIS,2h,2026-03-08 13:44:44,buy_core,笑笑砖策略,live,no_hit,否,246241,pattern_not_met,none,
NBIS,2h,2026-03-08 13:44:44,buy_plus_red_diamond,买+红砖石,shadow,no_hit,否,,red_ratio_low,shadow,
NBIS,2h,2026-03-08 13:44:44,buy_purple_bottom,紫抄,shadow,no_hit,否,246241,template_miss,shadow,
NBIS,2h,2026-03-08 13:44:44,sell_purple_cry,紫色哭脸,live,no_hit,否,246241,template_miss,none,
NBIS,2h,2026-03-08 13:44:44,sell_purple_exit,紫色卖出,shadow,no_hit,否,246241,template_miss,shadow,
NBIS,3h,2026-03-08 13:45:05,buy_core,笑笑砖策略,live,no_hit,否,164160,pattern_not_met,none,
NBIS,3h,2026-03-08 13:45:05,buy_plus_red_diamond,买+红砖石,shadow,no_hit,否,,red_ratio_low,shadow,
NBIS,3h,2026-03-08 13:45:05,buy_purple_bottom,紫抄,shadow,no_hit,否,164160,template_miss,shadow,
NBIS,3h,2026-03-08 13:45:05,sell_purple_cry,紫色哭脸,live,no_hit,否,164160,purple_ratio_low,none,
NBIS,3h,2026-03-08 13:45:05,sell_purple_exit,紫色卖出,shadow,no_hit,否,164160,template_miss,shadow,
NBIS,4h,2026-03-08 13:46:24,buy_core,笑笑砖策略,live,no_hit,否,123120,pattern_not_met,none,
NBIS,4h,2026-03-08 13:46:24,buy_plus_red_diamond,买+红砖石,shadow,no_hit,否,,red_ratio_low,shadow,
NBIS,4h,2026-03-08 13:46:24,buy_purple_bottom,紫抄,shadow,no_hit,否,123120,template_miss,shadow,
NBIS,4h,2026-03-08 13:46:24,sell_purple_cry,紫色哭脸,live,no_hit,否,123120,template_miss,none,
NBIS,4h,2026-03-08 13:46:24,sell_purple_exit,紫色卖出,shadow,no_hit,否,123120,template_miss,shadow,
NBIZ,1h,2026-03-08 13:47:21,buy_core,笑笑砖策略,live,no_hit,否,492484,pattern_not_met,none,
NBIZ,1h,2026-03-08 13:47:21,buy_plus_red_diamond,买+红砖石,shadow,no_hit,否,,red_ratio_low,shadow,
NBIZ,1h,2026-03-08 13:47:21,buy_purple_bottom,紫抄,shadow,no_hit,否,492484,template_miss,shadow,
NBIZ,1h,2026-03-08 13:47:21,sell_purple_cry,紫色哭脸,live,no_hit,否,492484,template_miss,none,
NBIZ,1h,2026-03-08 13:47:21,sell_purple_exit,紫色卖出,shadow,no_hit,否,492484,template_miss,shadow,
NBIZ,2h,2026-03-08 13:48:04,buy_core,笑笑砖策略,live,no_hit,否,246241,pattern_not_met,none,
NBIZ,2h,2026-03-08 13:48:04,buy_plus_red_diamond,买+红砖石,shadow,no_hit,否,,template_miss,shadow,
NBIZ,2h,2026-03-08 13:48:04,buy_purple_bottom,紫抄,shadow,no_hit,否,246241,template_miss,shadow,
NBIZ,2h,2026-03-08 13:48:04,sell_purple_cry,紫色哭脸,live,no_hit,否,246241,template_miss,none,
NBIZ,2h,2026-03-08 13:48:04,sell_purple_exit,紫色卖出,shadow,no_hit,否,246241,template_miss,shadow,
NBIZ,3h,2026-03-08 13:49:32,buy_core,笑笑砖策略,live,no_hit,否,164160,pattern_not_met,none,
NBIZ,3h,2026-03-08 13:49:32,buy_plus_red_diamond,买+红砖石,shadow,no_hit,否,,template_miss,shadow,
NBIZ,3h,2026-03-08 13:49:32,buy_purple_bottom,紫抄,shadow,no_hit,否,164160,template_miss,shadow,
NBIZ,3h,2026-03-08 13:49:32,sell_purple_cry,紫色哭脸,live,no_hit,否,164160,template_miss,none,
NBIZ,3h,2026-03-08 13:49:32,sell_purple_exit,紫色卖出,shadow,no_hit,否,164160,template_miss,shadow,
NBIZ,4h,2026-03-08 13:50:36,buy_core,笑笑砖策略,live,no_hit,否,123120,pattern_not_met,none,
NBIZ,4h,2026-03-08 13:50:36,buy_plus_red_diamond,买+红砖石,shadow,no_hit,否,,template_miss,shadow,
NBIZ,4h,2026-03-08 13:50:36,buy_purple_bottom,紫抄,shadow,no_hit,否,123120,template_miss,shadow,
NBIZ,4h,2026-03-08 13:50:36,sell_purple_cry,紫色哭脸,live,no_hit,否,123120,template_miss,none,
NBIZ,4h,2026-03-08 13:50:36,sell_purple_exit,紫色卖出,shadow,no_hit,否,123120,template_miss,shadow,
NVDA,1h,2026-03-08 13:51:11,buy_core,笑笑砖策略,live,no_hit,否,492484,pattern_not_met,none,
NVDA,1h,2026-03-08 13:51:11,buy_plus_red_diamond,买+红砖石,shadow,no_hit,否,,red_ratio_low,shadow,
NVDA,1h,2026-03-08 13:51:11,buy_purple_bottom,紫抄,shadow,no_hit,否,492484,template_miss,shadow,
NVDA,1h,2026-03-08 13:51:11,sell_purple_cry,紫色哭脸,live,no_hit,否,492484,template_miss,none,
NVDA,1h,2026-03-08 13:51:11,sell_purple_exit,紫色卖出,shadow,no_hit,否,492484,template_miss,shadow,
NVDA,2h,2026-03-08 13:51:49,buy_core,笑笑砖策略,live,no_hit,否,246241,pattern_not_met,none,
NVDA,2h,2026-03-08 13:51:49,buy_plus_red_diamond,买+红砖石,shadow,no_hit,否,,template_miss,shadow,
NVDA,2h,2026-03-08 13:51:49,buy_purple_bottom,紫抄,shadow,no_hit,否,246241,template_miss,shadow,
NVDA,2h,2026-03-08 13:51:49,sell_purple_cry,紫色哭脸,live,no_hit,否,246241,template_miss,none,
NVDA,2h,2026-03-08 13:51:49,sell_purple_exit,紫色卖出,shadow,no_hit,否,246241,template_miss,shadow,
NVDA,3h,2026-03-08 13:52:17,buy_core,笑笑砖策略,live,no_hit,否,164160,pattern_not_met,none,
NVDA,3h,2026-03-08 13:52:17,buy_plus_red_diamond,买+红砖石,shadow,no_hit,否,,template_miss,shadow,
NVDA,3h,2026-03-08 13:52:17,buy_purple_bottom,紫抄,shadow,no_hit,否,164160,template_miss,shadow,
NVDA,3h,2026-03-08 13:52:17,sell_purple_cry,紫色哭脸,live,no_hit,否,164160,template_miss,none,
NVDA,3h,2026-03-08 13:52:17,sell_purple_exit,紫色卖出,shadow,no_hit,否,164160,template_miss,shadow,
NVDA,4h,2026-03-08 13:53:36,buy_core,笑笑砖策略,live,no_hit,否,123120,pattern_not_met,none,
NVDA,4h,2026-03-08 13:53:36,buy_plus_red_diamond,买+红砖石,shadow,no_hit,否,,template_miss,shadow,
NVDA,4h,2026-03-08 13:53:36,buy_purple_bottom,紫抄,shadow,no_hit,否,123120,template_miss,shadow,
NVDA,4h,2026-03-08 13:53:36,sell_purple_cry,紫色哭脸,live,no_hit,否,123120,template_miss,none,
NVDA,4h,2026-03-08 13:53:36,sell_purple_exit,紫色卖出,shadow,no_hit,否,123120,template_miss,shadow,
OKLO,1h,2026-03-08 13:54:15,buy_core,笑笑砖策略,live,no_hit,否,492484,pattern_not_met,none,
OKLO,1h,2026-03-08 13:54:15,buy_plus_red_diamond,买+红砖石,shadow,no_hit,否,,red_ratio_low,shadow,
OKLO,1h,2026-03-08 13:54:15,buy_purple_bottom,紫抄,shadow,no_hit,否,492484,template_miss,shadow,
OKLO,1h,2026-03-08 13:54:15,sell_purple_cry,紫色哭脸,live,no_hit,否,492484,template_miss,none,
OKLO,1h,2026-03-08 13:54:15,sell_purple_exit,紫色卖出,shadow,no_hit,否,492484,template_miss,shadow,
OKLO,2h,2026-03-08 13:54:49,buy_core,笑笑砖策略,live,no_hit,否,246241,pattern_not_met,none,
OKLO,2h,2026-03-08 13:54:49,buy_plus_red_diamond,买+红砖石,shadow,no_hit,否,,red_ratio_low,shadow,
OKLO,2h,2026-03-08 13:54:49,buy_purple_bottom,紫抄,shadow,no_hit,否,246241,template_miss,shadow,
OKLO,2h,2026-03-08 13:54:49,sell_purple_cry,紫色哭脸,live,no_hit,否,246241,template_miss,none,
OKLO,2h,2026-03-08 13:54:49,sell_purple_exit,紫色卖出,shadow,no_hit,否,246241,template_miss,shadow,
OKLO,3h,2026-03-08 13:55:19,buy_core,笑笑砖策略,live,no_hit,否,164160,pattern_not_met,none,
OKLO,3h,2026-03-08 13:55:19,buy_plus_red_diamond,买+红砖石,shadow,no_hit,否,,red_ratio_low,shadow,
OKLO,3h,2026-03-08 13:55:19,buy_purple_bottom,紫抄,shadow,no_hit,否,164160,template_miss,shadow,
OKLO,3h,2026-03-08 13:55:19,sell_purple_cry,紫色哭脸,live,no_hit,否,164160,template_miss,none,
OKLO,3h,2026-03-08 13:55:19,sell_purple_exit,紫色卖出,shadow,no_hit,否,164160,template_miss,shadow,
OKLO,4h,2026-03-08 13:56:36,buy_core,笑笑砖策略,live,no_hit,否,123120,pattern_not_met,none,
OKLO,4h,2026-03-08 13:56:36,buy_plus_red_diamond,买+红砖石,shadow,no_hit,否,,red_ratio_low,shadow,
OKLO,4h,2026-03-08 13:56:36,buy_purple_bottom,紫抄,shadow,no_hit,否,123120,template_miss,shadow,
OKLO,4h,2026-03-08 13:56:36,sell_purple_cry,紫色哭脸,live,no_hit,否,123120,template_miss,none,
OKLO,4h,2026-03-08 13:56:36,sell_purple_exit,紫色卖出,shadow,no_hit,否,123120,template_miss,shadow,
OKLS,1h,2026-03-08 13:57:23,buy_core,笑笑砖策略,live,no_hit,否,492484,pattern_not_met,none,
OKLS,1h,2026-03-08 13:57:23,buy_plus_red_diamond,买+红砖石,shadow,no_hit,否,,red_ratio_low,shadow,
OKLS,1h,2026-03-08 13:57:23,buy_purple_bottom,紫抄,shadow,no_hit,否,492484,template_miss,shadow,
OKLS,1h,2026-03-08 13:57:23,sell_purple_cry,紫色哭脸,live,no_hit,否,492484,template_miss,none,
OKLS,1h,2026-03-08 13:57:23,sell_purple_exit,紫色卖出,shadow,no_hit,否,492484,template_miss,shadow,
OKLS,2h,2026-03-08 13:58:16,buy_core,笑笑砖策略,live,no_hit,否,246241,pattern_not_met,none,
OKLS,2h,2026-03-08 13:58:16,buy_plus_red_diamond,买+红砖石,shadow,no_hit,否,,red_ratio_low,shadow,
OKLS,2h,2026-03-08 13:58:16,buy_purple_bottom,紫抄,shadow,no_hit,否,246241,template_miss,shadow,
OKLS,2h,2026-03-08 13:58:16,sell_purple_cry,紫色哭脸,live,no_hit,否,246241,template_miss,none,
OKLS,2h,2026-03-08 13:58:16,sell_purple_exit,紫色卖出,shadow,no_hit,否,246241,template_miss,shadow,
OKLS,3h,2026-03-08 13:58:52,buy_core,笑笑砖策略,live,no_hit,否,164160,pattern_not_met,none,
OKLS,3h,2026-03-08 13:58:52,buy_plus_red_diamond,买+红砖石,shadow,no_hit,否,,red_ratio_low,shadow,
OKLS,3h,2026-03-08 13:58:52,buy_purple_bottom,紫抄,shadow,no_hit,否,164160,template_miss,shadow,
OKLS,3h,2026-03-08 13:58:52,sell_purple_cry,紫色哭脸,live,no_hit,否,164160,template_miss,none,
OKLS,3h,2026-03-08 13:58:52,sell_purple_exit,紫色卖出,shadow,no_hit,否,164160,template_miss,shadow,
OKLS,4h,2026-03-08 13:59:45,buy_core,笑笑砖策略,live,no_hit,否,123120,pattern_not_met,none,
OKLS,4h,2026-03-08 13:59:45,buy_plus_red_diamond,买+红砖石,shadow,no_hit,否,,red_ratio_low,shadow,
OKLS,4h,2026-03-08 13:59:45,buy_purple_bottom,紫抄,shadow,no_hit,否,123120,template_miss,shadow,
OKLS,4h,2026-03-08 13:59:45,sell_purple_cry,紫色哭脸,live,no_hit,否,123120,template_miss,none,
OKLS,4h,2026-03-08 13:59:45,sell_purple_exit,紫色卖出,shadow,no_hit,否,123120,template_miss,shadow,
PLTR,1h,2026-03-08 14:01:01,buy_core,笑笑砖策略,live,no_hit,否,492484,pattern_not_met,none,
PLTR,1h,2026-03-08 14:01:01,buy_plus_red_diamond,买+红砖石,shadow,no_hit,否,,red_ratio_low,shadow,
PLTR,1h,2026-03-08 14:01:01,buy_purple_bottom,紫抄,shadow,no_hit,否,492484,template_miss,shadow,
PLTR,1h,2026-03-08 14:01:01,sell_purple_cry,紫色哭脸,live,no_hit,否,492484,template_miss,none,
PLTR,1h,2026-03-08 14:01:01,sell_purple_exit,紫色卖出,shadow,no_hit,否,492484,template_miss,shadow,
PLTR,2h,2026-03-08 14:02:10,buy_core,笑笑砖策略,live,no_hit,否,246242,pattern_not_met,none,
PLTR,2h,2026-03-08 14:02:10,buy_plus_red_diamond,买+红砖石,shadow,no_hit,否,,template_miss,shadow,
PLTR,2h,2026-03-08 14:02:10,buy_purple_bottom,紫抄,shadow,no_hit,否,246242,template_miss,shadow,
PLTR,2h,2026-03-08 14:02:10,sell_purple_cry,紫色哭脸,live,no_hit,否,246242,template_miss,none,
PLTR,2h,2026-03-08 14:02:10,sell_purple_exit,紫色卖出,shadow,no_hit,否,246242,template_miss,shadow,
PLTR,3h,2026-03-08 14:03:16,buy_core,笑笑砖策略,live,no_hit,否,164161,pattern_not_met,none,
PLTR,3h,2026-03-08 14:03:16,buy_plus_red_diamond,买+红砖石,shadow,no_hit,否,,template_miss,shadow,
PLTR,3h,2026-03-08 14:03:16,buy_purple_bottom,紫抄,shadow,no_hit,否,164161,template_miss,shadow,
PLTR,3h,2026-03-08 14:03:16,sell_purple_cry,紫色哭脸,live,no_hit,否,164161,template_miss,none,
PLTR,3h,2026-03-08 14:03:16,sell_purple_exit,紫色卖出,shadow,no_hit,否,164161,template_miss,shadow,
PLTR,4h,2026-03-08 14:04:35,buy_core,笑笑砖策略,live,no_hit,否,123120,pattern_not_met,none,
PLTR,4h,2026-03-08 14:04:35,buy_plus_red_diamond,买+红砖石,shadow,no_hit,否,,template_miss,shadow,
PLTR,4h,2026-03-08 14:04:35,buy_purple_bottom,紫抄,shadow,no_hit,否,123120,template_miss,shadow,
PLTR,4h,2026-03-08 14:04:35,sell_purple_cry,紫色哭脸,live,no_hit,否,123120,template_miss,none,
PLTR,4h,2026-03-08 14:04:35,sell_purple_exit,紫色卖出,shadow,no_hit,否,123120,template_miss,shadow,
PLTZ,1h,2026-03-08 14:05:55,buy_core,笑笑砖策略,live,no_hit,否,492485,pattern_not_met,none,
PLTZ,1h,2026-03-08 14:05:55,buy_plus_red_diamond,买+红砖石,shadow,no_hit,否,,red_ratio_low,shadow,
PLTZ,1h,2026-03-08 14:05:55,buy_purple_bottom,紫抄,shadow,no_hit,否,492485,template_miss,shadow,
PLTZ,1h,2026-03-08 14:05:55,sell_purple_cry,紫色哭脸,live,no_hit,否,492485,template_miss,none,
PLTZ,1h,2026-03-08 14:05:55,sell_purple_exit,紫色卖出,shadow,no_hit,否,492485,template_miss,shadow,
PLTZ,2h,2026-03-08 14:07:04,buy_core,笑笑砖策略,live,no_hit,否,246242,pattern_not_met,none,
PLTZ,2h,2026-03-08 14:07:04,buy_plus_red_diamond,买+红砖石,shadow,no_hit,否,,template_miss,shadow,
PLTZ,2h,2026-03-08 14:07:04,buy_purple_bottom,紫抄,shadow,no_hit,否,246242,template_miss,shadow,
PLTZ,2h,2026-03-08 14:07:04,sell_purple_cry,紫色哭脸,live,no_hit,否,246242,template_miss,none,
PLTZ,2h,2026-03-08 14:07:04,sell_purple_exit,紫色卖出,shadow,no_hit,否,246242,template_miss,shadow,
PLTZ,3h,2026-03-08 14:08:12,buy_core,笑笑砖策略,live,no_hit,否,164161,pattern_not_met,none,
PLTZ,3h,2026-03-08 14:08:12,buy_plus_red_diamond,买+红砖石,shadow,no_hit,否,,red_ratio_low,shadow,
PLTZ,3h,2026-03-08 14:08:12,buy_purple_bottom,紫抄,shadow,no_hit,否,164161,template_miss,shadow,
PLTZ,3h,2026-03-08 14:08:12,sell_purple_cry,紫色哭脸,live,no_hit,否,164161,template_miss,none,
PLTZ,3h,2026-03-08 14:08:12,sell_purple_exit,紫色卖出,shadow,no_hit,否,164161,template_miss,shadow,
PLTZ,4h,2026-03-08 14:08:33,buy_core,笑笑砖策略,live,no_hit,否,123120,pattern_not_met,none,
PLTZ,4h,2026-03-08 14:08:33,buy_plus_red_diamond,买+红砖石,shadow,no_hit,否,,red_ratio_low,shadow,
PLTZ,4h,2026-03-08 14:08:33,buy_purple_bottom,紫抄,shadow,no_hit,否,123120,template_miss,shadow,
PLTZ,4h,2026-03-08 14:08:33,sell_purple_cry,紫色哭脸,live,no_hit,否,123120,template_miss,none,
PLTZ,4h,2026-03-08 14:08:33,sell_purple_exit,紫色卖出,shadow,no_hit,否,123120,template_miss,shadow,
RDW,1h,2026-03-08 14:09:11,buy_core,笑笑砖策略,live,no_hit,否,492485,pattern_not_met,none,
RDW,1h,2026-03-08 14:09:11,buy_plus_red_diamond,买+红砖石,shadow,no_hit,否,,red_ratio_low,shadow,
RDW,1h,2026-03-08 14:09:11,buy_purple_bottom,紫抄,shadow,no_hit,否,492485,template_miss,shadow,
RDW,1h,2026-03-08 14:09:11,sell_purple_cry,紫色哭脸,live,no_hit,否,492485,template_miss,none,
RDW,1h,2026-03-08 14:09:11,sell_purple_exit,紫色卖出,shadow,no_hit,否,492485,template_miss,shadow,
RDW,2h,2026-03-08 14:09:41,buy_core,笑笑砖策略,live,no_hit,否,246242,pattern_not_met,none,
RDW,2h,2026-03-08 14:09:41,buy_plus_red_diamond,买+红砖石,shadow,no_hit,否,,red_ratio_low,shadow,
RDW,2h,2026-03-08 14:09:41,buy_purple_bottom,紫抄,shadow,no_hit,否,246242,template_miss,shadow,
RDW,2h,2026-03-08 14:09:41,sell_purple_cry,紫色哭脸,live,no_hit,否,246242,template_miss,none,
RDW,2h,2026-03-08 14:09:41,sell_purple_exit,紫色卖出,shadow,no_hit,否,246242,template_miss,shadow,
RDW,3h,2026-03-08 14:10:10,buy_core,笑笑砖策略,live,no_hit,否,164161,pattern_not_met,none,
RDW,3h,2026-03-08 14:10:10,buy_plus_red_diamond,买+红砖石,shadow,no_hit,否,,red_ratio_low,shadow,
RDW,3h,2026-03-08 14:10:10,buy_purple_bottom,紫抄,shadow,no_hit,否,164161,template_miss,shadow,
RDW,3h,2026-03-08 14:10:10,sell_purple_cry,紫色哭脸,live,no_hit,否,164161,template_miss,none,
RDW,3h,2026-03-08 14:10:10,sell_purple_exit,紫色卖出,shadow,no_hit,否,164161,template_miss,shadow,
RDW,4h,2026-03-08 14:10:44,buy_core,笑笑砖策略,live,no_hit,否,123120,pattern_not_met,none,
RDW,4h,2026-03-08 14:10:44,buy_plus_red_diamond,买+红砖石,shadow,no_hit,否,,red_ratio_low,shadow,
RDW,4h,2026-03-08 14:10:44,buy_purple_bottom,紫抄,shadow,no_hit,否,123120,template_miss,shadow,
RDW,4h,2026-03-08 14:10:44,sell_purple_cry,紫色哭脸,live,no_hit,否,123120,template_miss,none,
RDW,4h,2026-03-08 14:10:44,sell_purple_exit,紫色卖出,shadow,no_hit,否,123120,template_miss,shadow,
RGTZ,1h,2026-03-08 14:11:15,buy_core,笑笑砖策略,live,no_hit,否,492485,pattern_not_met,none,
RGTZ,1h,2026-03-08 14:11:15,buy_plus_red_diamond,买+红砖石,shadow,no_hit,否,,red_ratio_low,shadow,
RGTZ,1h,2026-03-08 14:11:15,buy_purple_bottom,紫抄,shadow,no_hit,否,492485,template_miss,shadow,
RGTZ,1h,2026-03-08 14:11:15,sell_purple_cry,紫色哭脸,live,no_hit,否,492485,already_active,none,
RGTZ,1h,2026-03-08 14:11:15,sell_purple_exit,紫色卖出,shadow,no_hit,否,492485,template_miss,shadow,
RGTZ,2h,2026-03-08 14:11:58,buy_core,笑笑砖策略,live,no_hit,否,246242,pattern_not_met,none,
RGTZ,2h,2026-03-08 14:11:58,buy_plus_red_diamond,买+红砖石,shadow,no_hit,否,,red_ratio_low,shadow,
RGTZ,2h,2026-03-08 14:11:58,buy_purple_bottom,紫抄,shadow,no_hit,否,246242,template_miss,shadow,
RGTZ,2h,2026-03-08 14:11:58,sell_purple_cry,紫色哭脸,live,no_hit,否,246242,template_miss,none,
RGTZ,2h,2026-03-08 14:11:58,sell_purple_exit,紫色卖出,shadow,no_hit,否,246242,template_miss,shadow,
RGTZ,3h,2026-03-08 14:12:51,buy_core,笑笑砖策略,live,no_hit,否,164161,pattern_not_met,none,
RGTZ,3h,2026-03-08 14:12:51,buy_plus_red_diamond,买+红砖石,shadow,no_hit,否,,red_ratio_low,shadow,
RGTZ,3h,2026-03-08 14:12:51,buy_purple_bottom,紫抄,shadow,no_hit,否,164161,template_miss,shadow,
RGTZ,3h,2026-03-08 14:12:51,sell_purple_cry,紫色哭脸,live,no_hit,否,164161,purple_ratio_low,none,
RGTZ,3h,2026-03-08 14:12:51,sell_purple_exit,紫色卖出,shadow,no_hit,否,164161,template_miss,shadow,
RGTZ,4h,2026-03-08 14:13:15,buy_core,笑笑砖策略,live,no_hit,否,123120,pattern_not_met,none,
RGTZ,4h,2026-03-08 14:13:15,buy_plus_red_diamond,买+红砖石,shadow,no_hit,否,,red_ratio_low,shadow,
RGTZ,4h,2026-03-08 14:13:15,buy_purple_bottom,紫抄,shadow,no_hit,否,123120,template_miss,shadow,
RGTZ,4h,2026-03-08 14:13:15,sell_purple_cry,紫色哭脸,live,no_hit,否,123120,purple_ratio_low,none,
RGTZ,4h,2026-03-08 14:13:15,sell_purple_exit,紫色卖出,shadow,no_hit,否,123120,template_miss,shadow,
RKLB,1h,2026-03-08 14:14:26,buy_core,笑笑砖策略,live,no_hit,否,492485,pattern_not_met,none,
RKLB,1h,2026-03-08 14:14:26,buy_plus_red_diamond,买+红砖石,shadow,no_hit,否,,red_ratio_low,shadow,
RKLB,1h,2026-03-08 14:14:26,buy_purple_bottom,紫抄,shadow,no_hit,否,492485,template_miss,shadow,
RKLB,1h,2026-03-08 14:14:26,sell_purple_cry,紫色哭脸,live,no_hit,否,492485,template_miss,none,
RKLB,1h,2026-03-08 14:14:26,sell_purple_exit,紫色卖出,shadow,no_hit,否,492485,template_miss,shadow,
RKLB,2h,2026-03-08 14:15:05,buy_core,笑笑砖策略,live,no_hit,否,246242,pattern_not_met,none,
RKLB,2h,2026-03-08 14:15:05,buy_plus_red_diamond,买+红砖石,shadow,no_hit,否,,red_ratio_low,shadow,
RKLB,2h,2026-03-08 14:15:05,buy_purple_bottom,紫抄,shadow,no_hit,否,246242,template_miss,shadow,
RKLB,2h,2026-03-08 14:15:05,sell_purple_cry,紫色哭脸,live,no_hit,否,246242,already_active,none,
RKLB,2h,2026-03-08 14:15:05,sell_purple_exit,紫色卖出,shadow,no_hit,否,246242,template_miss,shadow,
RKLB,3h,2026-03-08 14:15:58,buy_core,笑笑砖策略,live,no_hit,否,164161,pattern_not_met,none,
RKLB,3h,2026-03-08 14:15:58,buy_plus_red_diamond,买+红砖石,shadow,no_hit,否,,red_ratio_low,shadow,
RKLB,3h,2026-03-08 14:15:58,buy_purple_bottom,紫抄,shadow,no_hit,否,164161,template_miss,shadow,
RKLB,3h,2026-03-08 14:15:58,sell_purple_cry,紫色哭脸,live,no_hit,否,164161,template_miss,none,
RKLB,3h,2026-03-08 14:15:58,sell_purple_exit,紫色卖出,shadow,no_hit,否,164161,template_miss,shadow,
RKLB,4h,2026-03-08 14:16:27,buy_core,笑笑砖策略,live,no_hit,否,123120,pattern_not_met,none,
RKLB,4h,2026-03-08 14:16:27,buy_plus_red_diamond,买+红砖石,shadow,no_hit,否,,red_ratio_low,shadow,
RKLB,4h,2026-03-08 14:16:27,buy_purple_bottom,紫抄,shadow,no_hit,否,123120,template_miss,shadow,
RKLB,4h,2026-03-08 14:16:27,sell_purple_cry,紫色哭脸,live,no_hit,否,123120,purple_ratio_low,none,
RKLB,4h,2026-03-08 14:16:27,sell_purple_exit,紫色卖出,shadow,no_hit,否,123120,template_miss,shadow,
RKLZ,1h,2026-03-08 14:17:32,buy_core,笑笑砖策略,live,no_hit,否,492485,pattern_not_met,none,
RKLZ,1h,2026-03-08 14:17:32,buy_plus_red_diamond,买+红砖石,shadow,no_hit,否,,red_ratio_low,shadow,
RKLZ,1h,2026-03-08 14:17:32,buy_purple_bottom,紫抄,shadow,no_hit,否,492485,template_miss,shadow,
RKLZ,1h,2026-03-08 14:17:32,sell_purple_cry,紫色哭脸,live,no_hit,否,492485,already_active,none,
RKLZ,1h,2026-03-08 14:17:32,sell_purple_exit,紫色卖出,shadow,no_hit,否,492485,template_miss,shadow,
RKLZ,2h,2026-03-08 14:18:06,buy_core,笑笑砖策略,live,no_hit,否,246242,pattern_not_met,none,
RKLZ,2h,2026-03-08 14:18:06,buy_plus_red_diamond,买+红砖石,shadow,no_hit,否,,red_ratio_low,shadow,
RKLZ,2h,2026-03-08 14:18:06,buy_purple_bottom,紫抄,shadow,no_hit,否,246242,template_miss,shadow,
RKLZ,2h,2026-03-08 14:18:06,sell_purple_cry,紫色哭脸,live,no_hit,否,246242,template_miss,none,
RKLZ,2h,2026-03-08 14:18:06,sell_purple_exit,紫色卖出,shadow,no_hit,否,246242,template_miss,shadow,
RKLZ,3h,2026-03-08 14:18:23,buy_core,笑笑砖策略,live,no_hit,否,164161,pattern_not_met,none,
RKLZ,3h,2026-03-08 14:18:23,buy_plus_red_diamond,买+红砖石,shadow,no_hit,否,,red_ratio_low,shadow,
RKLZ,3h,2026-03-08 14:18:23,buy_purple_bottom,紫抄,shadow,no_hit,否,164161,template_miss,shadow,
RKLZ,3h,2026-03-08 14:18:23,sell_purple_cry,紫色哭脸,live,no_hit,否,164161,already_active,none,
RKLZ,3h,2026-03-08 14:18:23,sell_purple_exit,紫色卖出,shadow,no_hit,否,164161,template_miss,shadow,
RKLZ,4h,2026-03-08 14:18:49,buy_core,笑笑砖策略,live,no_hit,否,123120,pattern_not_met,none,
RKLZ,4h,2026-03-08 14:18:49,buy_plus_red_diamond,买+红砖石,shadow,no_hit,否,,red_ratio_low,shadow,
RKLZ,4h,2026-03-08 14:18:49,buy_purple_bottom,紫抄,shadow,no_hit,否,123120,template_miss,shadow,
RKLZ,4h,2026-03-08 14:18:49,sell_purple_cry,紫色哭脸,live,no_hit,否,123120,already_active,none,
RKLZ,4h,2026-03-08 14:18:49,sell_purple_exit,紫色卖出,shadow,no_hit,否,123120,template_miss,shadow,
RZLV,1h,2026-03-08 14:19:53,buy_core,笑笑砖策略,live,no_hit,否,492485,pattern_not_met,none,
RZLV,1h,2026-03-08 14:19:53,buy_plus_red_diamond,买+红砖石,shadow,no_hit,否,,red_ratio_low,shadow,
RZLV,1h,2026-03-08 14:19:53,buy_purple_bottom,紫抄,shadow,no_hit,否,492485,template_miss,shadow,
RZLV,1h,2026-03-08 14:19:53,sell_purple_cry,紫色哭脸,live,no_hit,否,492485,template_miss,none,
RZLV,1h,2026-03-08 14:19:53,sell_purple_exit,紫色卖出,shadow,no_hit,否,492485,template_miss,shadow,
RZLV,2h,2026-03-08 14:20:40,buy_core,笑笑砖策略,live,no_hit,否,246242,pattern_not_met,none,
RZLV,2h,2026-03-08 14:20:40,buy_plus_red_diamond,买+红砖石,shadow,no_hit,否,,red_ratio_low,shadow,
RZLV,2h,2026-03-08 14:20:40,buy_purple_bottom,紫抄,shadow,no_hit,否,246242,template_miss,shadow,
RZLV,2h,2026-03-08 14:20:40,sell_purple_cry,紫色哭脸,live,no_hit,否,246242,template_miss,none,
RZLV,2h,2026-03-08 14:20:40,sell_purple_exit,紫色卖出,shadow,no_hit,否,246242,template_miss,shadow,
RZLV,3h,2026-03-08 14:20:58,buy_core,笑笑砖策略,live,no_hit,否,164161,pattern_not_met,none,
RZLV,3h,2026-03-08 14:20:58,buy_plus_red_diamond,买+红砖石,shadow,no_hit,否,,red_ratio_low,shadow,
RZLV,3h,2026-03-08 14:20:58,buy_purple_bottom,紫抄,shadow,no_hit,否,164161,template_miss,shadow,
RZLV,3h,2026-03-08 14:20:58,sell_purple_cry,紫色哭脸,live,no_hit,否,164161,already_active,none,
RZLV,3h,2026-03-08 14:20:58,sell_purple_exit,紫色卖出,shadow,no_hit,否,164161,template_miss,shadow,
RZLV,4h,2026-03-08 14:21:33,buy_core,笑笑砖策略,live,no_hit,否,123120,pattern_not_met,none,
RZLV,4h,2026-03-08 14:21:33,buy_plus_red_diamond,买+红砖石,shadow,no_hit,否,,red_ratio_low,shadow,
RZLV,4h,2026-03-08 14:21:33,buy_purple_bottom,紫抄,shadow,no_hit,否,123120,template_miss,shadow,
RZLV,4h,2026-03-08 14:21:33,sell_purple_cry,紫色哭脸,live,no_hit,否,123120,template_miss,none,
RZLV,4h,2026-03-08 14:21:33,sell_purple_exit,紫色卖出,shadow,no_hit,否,123120,template_miss,shadow,
SOXS,1h,2026-03-08 14:22:23,buy_core,笑笑砖策略,live,no_hit,否,492485,pattern_not_met,none,
SOXS,1h,2026-03-08 14:22:23,buy_plus_red_diamond,买+红砖石,shadow,no_hit,否,,red_ratio_low,shadow,
SOXS,1h,2026-03-08 14:22:23,buy_purple_bottom,紫抄,shadow,no_hit,否,492485,template_miss,shadow,
SOXS,1h,2026-03-08 14:22:23,sell_purple_cry,紫色哭脸,live,no_hit,否,492485,template_miss,none,
SOXS,1h,2026-03-08 14:22:23,sell_purple_exit,紫色卖出,shadow,no_hit,否,492485,template_miss,shadow,
SOXS,2h,2026-03-08 14:23:00,buy_core,笑笑砖策略,live,no_hit,否,246242,pattern_not_met,none,
SOXS,2h,2026-03-08 14:23:00,buy_plus_red_diamond,买+红砖石,shadow,no_hit,否,,red_ratio_low,shadow,
SOXS,2h,2026-03-08 14:23:00,buy_purple_bottom,紫抄,shadow,no_hit,否,246242,template_miss,shadow,
SOXS,2h,2026-03-08 14:23:00,sell_purple_cry,紫色哭脸,live,no_hit,否,246242,template_miss,none,
SOXS,2h,2026-03-08 14:23:00,sell_purple_exit,紫色卖出,shadow,no_hit,否,246242,template_miss,shadow,
SOXS,3h,2026-03-08 14:23:30,buy_core,笑笑砖策略,live,no_hit,否,164161,pattern_not_met,none,
SOXS,3h,2026-03-08 14:23:30,buy_plus_red_diamond,买+红砖石,shadow,no_hit,否,,red_ratio_low,shadow,
SOXS,3h,2026-03-08 14:23:30,buy_purple_bottom,紫抄,shadow,no_hit,否,164161,template_miss,shadow,
SOXS,3h,2026-03-08 14:23:30,sell_purple_cry,紫色哭脸,live,no_hit,否,164161,template_miss,none,
SOXS,3h,2026-03-08 14:23:30,sell_purple_exit,紫色卖出,shadow,no_hit,否,164161,template_miss,shadow,
SOXS,4h,2026-03-08 14:23:56,buy_core,笑笑砖策略,live,no_hit,否,123120,pattern_not_met,none,
SOXS,4h,2026-03-08 14:23:56,buy_plus_red_diamond,买+红砖石,shadow,no_hit,否,,red_ratio_low,shadow,
SOXS,4h,2026-03-08 14:23:56,buy_purple_bottom,紫抄,shadow,no_hit,否,123120,template_miss,shadow,
SOXS,4h,2026-03-08 14:23:56,sell_purple_cry,紫色哭脸,live,no_hit,否,123120,purple_ratio_low,none,
SOXS,4h,2026-03-08 14:23:56,sell_purple_exit,紫色卖出,shadow,no_hit,否,123120,template_miss,shadow,
STM,1h,2026-03-08 14:24:40,buy_core,笑笑砖策略,live,no_hit,否,492485,pattern_not_met,none,
STM,1h,2026-03-08 14:24:40,buy_plus_red_diamond,买+红砖石,shadow,no_hit,否,,red_ratio_low,shadow,
STM,1h,2026-03-08 14:24:40,buy_purple_bottom,紫抄,shadow,no_hit,否,492485,template_miss,shadow,
STM,1h,2026-03-08 14:24:40,sell_purple_cry,紫色哭脸,live,no_hit,否,492485,template_miss,none,
STM,1h,2026-03-08 14:24:40,sell_purple_exit,紫色卖出,shadow,no_hit,否,492485,template_miss,shadow,
STM,2h,2026-03-08 14:25:09,buy_core,笑笑砖策略,live,no_hit,否,246242,pattern_not_met,none,
STM,2h,2026-03-08 14:25:09,buy_plus_red_diamond,买+红砖石,shadow,no_hit,否,,red_ratio_low,shadow,
STM,2h,2026-03-08 14:25:09,buy_purple_bottom,紫抄,shadow,no_hit,否,246242,template_miss,shadow,
STM,2h,2026-03-08 14:25:09,sell_purple_cry,紫色哭脸,live,no_hit,否,246242,template_miss,none,
STM,2h,2026-03-08 14:25:09,sell_purple_exit,紫色卖出,shadow,no_hit,否,246242,template_miss,shadow,
STM,3h,2026-03-08 14:26:09,buy_core,笑笑砖策略,live,no_hit,否,164161,pattern_not_met,none,
STM,3h,2026-03-08 14:26:09,buy_plus_red_diamond,买+红砖石,shadow,no_hit,否,,red_ratio_low,shadow,
STM,3h,2026-03-08 14:26:09,buy_purple_bottom,紫抄,shadow,no_hit,否,164161,template_miss,shadow,
STM,3h,2026-03-08 14:26:09,sell_purple_cry,紫色哭脸,live,no_hit,否,164161,template_miss,none,
STM,3h,2026-03-08 14:26:09,sell_purple_exit,紫色卖出,shadow,no_hit,否,164161,template_miss,shadow,
STM,4h,2026-03-08 14:27:26,buy_core,笑笑砖策略,live,no_hit,否,123120,pattern_not_met,none,
STM,4h,2026-03-08 14:27:26,buy_plus_red_diamond,买+红砖石,shadow,no_hit,否,,red_ratio_low,shadow,
STM,4h,2026-03-08 14:27:26,buy_purple_bottom,紫抄,shadow,no_hit,否,123120,template_miss,shadow,
STM,4h,2026-03-08 14:27:26,sell_purple_cry,紫色哭脸,live,no_hit,否,123120,template_miss,none,
STM,4h,2026-03-08 14:27:26,sell_purple_exit,紫色卖出,shadow,no_hit,否,123120,template_miss,shadow,
TSLA,1h,2026-03-08 14:27:56,buy_core,笑笑砖策略,live,no_hit,否,492485,pattern_not_met,none,
TSLA,1h,2026-03-08 14:27:56,buy_plus_red_diamond,买+红砖石,shadow,no_hit,否,,template_miss,shadow,
TSLA,1h,2026-03-08 14:27:56,buy_purple_bottom,紫抄,shadow,no_hit,否,492485,template_miss,shadow,
TSLA,1h,2026-03-08 14:27:56,sell_purple_cry,紫色哭脸,live,no_hit,否,492485,template_miss,none,
TSLA,1h,2026-03-08 14:27:56,sell_purple_exit,紫色卖出,shadow,no_hit,否,492485,template_miss,shadow,
TSLA,2h,2026-03-08 14:28:33,buy_core,笑笑砖策略,live,no_hit,否,246242,pattern_not_met,none,
TSLA,2h,2026-03-08 14:28:33,buy_plus_red_diamond,买+红砖石,shadow,no_hit,否,,red_ratio_low,shadow,
TSLA,2h,2026-03-08 14:28:33,buy_purple_bottom,紫抄,shadow,no_hit,否,246242,template_miss,shadow,
TSLA,2h,2026-03-08 14:28:33,sell_purple_cry,紫色哭脸,live,no_hit,否,246242,template_miss,none,
TSLA,2h,2026-03-08 14:28:33,sell_purple_exit,紫色卖出,shadow,no_hit,否,246242,template_miss,shadow,
TSLA,3h,2026-03-08 14:29:04,buy_core,笑笑砖策略,live,no_hit,否,164161,pattern_not_met,none,
TSLA,3h,2026-03-08 14:29:04,buy_plus_red_diamond,买+红砖石,shadow,no_hit,否,,template_miss,shadow,
TSLA,3h,2026-03-08 14:29:04,buy_purple_bottom,紫抄,shadow,no_hit,否,164161,template_miss,shadow,
TSLA,3h,2026-03-08 14:29:04,sell_purple_cry,紫色哭脸,live,no_hit,否,164161,template_miss,none,
TSLA,3h,2026-03-08 14:29:04,sell_purple_exit,紫色卖出,shadow,no_hit,否,164161,template_miss,shadow,
TSLA,4h,2026-03-08 14:29:40,buy_core,笑笑砖策略,live,no_hit,否,123120,pattern_not_met,none,
TSLA,4h,2026-03-08 14:29:40,buy_plus_red_diamond,买+红砖石,shadow,no_hit,否,,red_ratio_low,shadow,
TSLA,4h,2026-03-08 14:29:40,buy_purple_bottom,紫抄,shadow,no_hit,否,123120,template_miss,shadow,
TSLA,4h,2026-03-08 14:29:40,sell_purple_cry,紫色哭脸,live,no_hit,否,123120,template_miss,none,
TSLA,4h,2026-03-08 14:29:40,sell_purple_exit,紫色卖出,shadow,no_hit,否,123120,template_miss,shadow,
TSLQ,1h,2026-03-08 14:30:31,buy_core,笑笑砖策略,live,no_hit,否,492485,pattern_not_met,none,
TSLQ,1h,2026-03-08 14:30:31,buy_plus_red_diamond,买+红砖石,shadow,no_hit,否,,template_miss,shadow,
TSLQ,1h,2026-03-08 14:30:31,buy_purple_bottom,紫抄,shadow,no_hit,否,492485,template_miss,shadow,
TSLQ,1h,2026-03-08 14:30:31,sell_purple_cry,紫色哭脸,live,no_hit,否,492485,template_miss,none,
TSLQ,1h,2026-03-08 14:30:31,sell_purple_exit,紫色卖出,shadow,no_hit,否,492485,template_miss,shadow,
TSLQ,2h,2026-03-08 14:31:17,buy_core,笑笑砖策略,live,no_hit,否,246242,pattern_not_met,none,
TSLQ,2h,2026-03-08 14:31:17,buy_plus_red_diamond,买+红砖石,shadow,no_hit,否,,red_ratio_low,shadow,
TSLQ,2h,2026-03-08 14:31:17,buy_purple_bottom,紫抄,shadow,no_hit,否,246242,template_miss,shadow,
TSLQ,2h,2026-03-08 14:31:17,sell_purple_cry,紫色哭脸,live,no_hit,否,246242,template_miss,none,
TSLQ,2h,2026-03-08 14:31:17,sell_purple_exit,紫色卖出,shadow,no_hit,否,246242,template_miss,shadow,
TSLQ,3h,2026-03-08 14:32:03,buy_core,笑笑砖策略,live,no_hit,否,164161,pattern_not_met,none,
TSLQ,3h,2026-03-08 14:32:03,buy_plus_red_diamond,买+红砖石,shadow,no_hit,否,,red_ratio_low,shadow,
TSLQ,3h,2026-03-08 14:32:03,buy_purple_bottom,紫抄,shadow,no_hit,否,164161,template_miss,shadow,
TSLQ,3h,2026-03-08 14:32:03,sell_purple_cry,紫色哭脸,live,no_hit,否,164161,template_miss,none,
TSLQ,3h,2026-03-08 14:32:03,sell_purple_exit,紫色卖出,shadow,no_hit,否,164161,template_miss,shadow,
TSLQ,4h,2026-03-08 14:32:45,buy_core,笑笑砖策略,live,no_hit,否,123120,pattern_not_met,none,
TSLQ,4h,2026-03-08 14:32:45,buy_plus_red_diamond,买+红砖石,shadow,no_hit,否,,red_ratio_low,shadow,
TSLQ,4h,2026-03-08 14:32:45,buy_purple_bottom,紫抄,shadow,no_hit,否,123120,template_miss,shadow,
TSLQ,4h,2026-03-08 14:32:45,sell_purple_cry,紫色哭脸,live,no_hit,否,123120,template_miss,none,
TSLQ,4h,2026-03-08 14:32:45,sell_purple_exit,紫色卖出,shadow,no_hit,否,123120,template_miss,shadow,
UVIX,1h,2026-03-08 14:33:17,buy_core,笑笑砖策略,live,no_hit,否,492485,pattern_not_met,none,
UVIX,1h,2026-03-08 14:33:17,buy_plus_red_diamond,买+红砖石,shadow,no_hit,否,,red_ratio_low,shadow,
UVIX,1h,2026-03-08 14:33:17,buy_purple_bottom,紫抄,shadow,no_hit,否,492485,template_miss,shadow,
UVIX,1h,2026-03-08 14:33:17,sell_purple_cry,紫色哭脸,live,no_hit,否,492485,template_miss,none,
UVIX,1h,2026-03-08 14:33:17,sell_purple_exit,紫色卖出,shadow,no_hit,否,492485,template_miss,shadow,
UVIX,2h,2026-03-08 14:33:47,buy_core,笑笑砖策略,live,no_hit,否,246242,pattern_not_met,none,
UVIX,2h,2026-03-08 14:33:47,buy_plus_red_diamond,买+红砖石,shadow,no_hit,否,,red_ratio_low,shadow,
UVIX,2h,2026-03-08 14:33:47,buy_purple_bottom,紫抄,shadow,no_hit,否,246242,template_miss,shadow,
UVIX,2h,2026-03-08 14:33:47,sell_purple_cry,紫色哭脸,live,no_hit,否,246242,template_miss,none,
UVIX,2h,2026-03-08 14:33:47,sell_purple_exit,紫色卖出,shadow,no_hit,否,246242,template_miss,shadow,
UVIX,3h,2026-03-08 14:34:23,buy_core,笑笑砖策略,live,no_hit,否,164161,pattern_not_met,none,
UVIX,3h,2026-03-08 14:34:23,buy_plus_red_diamond,买+红砖石,shadow,no_hit,否,,red_ratio_low,shadow,
UVIX,3h,2026-03-08 14:34:23,buy_purple_bottom,紫抄,shadow,no_hit,否,164161,template_miss,shadow,
UVIX,3h,2026-03-08 14:34:23,sell_purple_cry,紫色哭脸,live,no_hit,否,164161,template_miss,none,
UVIX,3h,2026-03-08 14:34:23,sell_purple_exit,紫色卖出,shadow,no_hit,否,164161,template_miss,shadow,
UVIX,4h,2026-03-08 14:34:48,buy_core,笑笑砖策略,live,no_hit,否,123120,pattern_not_met,none,
UVIX,4h,2026-03-08 14:34:48,buy_plus_red_diamond,买+红砖石,shadow,no_hit,否,,red_ratio_low,shadow,
UVIX,4h,2026-03-08 14:34:48,buy_purple_bottom,紫抄,shadow,no_hit,否,123120,template_miss,shadow,
UVIX,4h,2026-03-08 14:34:48,sell_purple_cry,紫色哭脸,live,no_hit,否,123120,purple_ratio_low,none,
UVIX,4h,2026-03-08 14:34:48,sell_purple_exit,紫色卖出,shadow,no_hit,否,123120,template_miss,shadow,
WDC,1h,2026-03-08 14:35:16,buy_core,笑笑砖策略,live,no_hit,否,492485,pattern_not_met,none,
WDC,1h,2026-03-08 14:35:16,buy_plus_red_diamond,买+红砖石,shadow,no_hit,否,,red_ratio_low,shadow,
WDC,1h,2026-03-08 14:35:16,buy_purple_bottom,紫抄,shadow,no_hit,否,492485,template_miss,shadow,
WDC,1h,2026-03-08 14:35:16,sell_purple_cry,紫色哭脸,live,no_hit,否,492485,template_miss,none,
WDC,1h,2026-03-08 14:35:16,sell_purple_exit,紫色卖出,shadow,no_hit,否,492485,template_miss,shadow,
WDC,2h,2026-03-08 14:35:46,buy_core,笑笑砖策略,live,no_hit,否,246242,pattern_not_met,none,
WDC,2h,2026-03-08 14:35:46,buy_plus_red_diamond,买+红砖石,shadow,no_hit,否,,red_ratio_low,shadow,
WDC,2h,2026-03-08 14:35:46,buy_purple_bottom,紫抄,shadow,no_hit,否,246242,template_miss,shadow,
WDC,2h,2026-03-08 14:35:46,sell_purple_cry,紫色哭脸,live,no_hit,否,246242,template_miss,none,
WDC,2h,2026-03-08 14:35:46,sell_purple_exit,紫色卖出,shadow,no_hit,否,246242,template_miss,shadow,
WDC,3h,2026-03-08 14:36:16,buy_core,笑笑砖策略,live,no_hit,否,164161,pattern_not_met,none,
WDC,3h,2026-03-08 14:36:16,buy_plus_red_diamond,买+红砖石,shadow,no_hit,否,,red_ratio_low,shadow,
WDC,3h,2026-03-08 14:36:16,buy_purple_bottom,紫抄,shadow,no_hit,否,164161,template_miss,shadow,
WDC,3h,2026-03-08 14:36:16,sell_purple_cry,紫色哭脸,live,no_hit,否,164161,template_miss,none,
WDC,3h,2026-03-08 14:36:16,sell_purple_exit,紫色卖出,shadow,no_hit,否,164161,template_miss,shadow,
WDC,4h,2026-03-08 14:37:28,buy_core,笑笑砖策略,live,no_hit,否,123120,pattern_not_met,none,
WDC,4h,2026-03-08 14:37:28,buy_plus_red_diamond,买+红砖石,shadow,no_hit,否,,template_miss,shadow,
WDC,4h,2026-03-08 14:37:28,buy_purple_bottom,紫抄,shadow,no_hit,否,123120,template_miss,shadow,
WDC,4h,2026-03-08 14:37:28,sell_purple_cry,紫色哭脸,live,no_hit,否,123120,template_miss,none,
WDC,4h,2026-03-08 14:37:28,sell_purple_exit,紫色卖出,shadow,no_hit,否,123120,template_miss,shadow,
ZSL,1h,2026-03-08 14:38:00,buy_core,笑笑砖策略,live,no_hit,否,492485,pattern_not_met,none,
ZSL,1h,2026-03-08 14:38:00,buy_plus_red_diamond,买+红砖石,shadow,no_hit,否,,template_miss,shadow,
ZSL,1h,2026-03-08 14:38:00,buy_purple_bottom,紫抄,shadow,no_hit,否,492485,template_miss,shadow,
ZSL,1h,2026-03-08 14:38:00,sell_purple_cry,紫色哭脸,live,no_hit,否,492485,template_miss,none,
ZSL,1h,2026-03-08 14:38:00,sell_purple_exit,紫色卖出,shadow,no_hit,否,492485,template_miss,shadow,
ZSL,2h,2026-03-08 14:38:51,buy_core,笑笑砖策略,live,no_hit,否,246242,pattern_not_met,none,
ZSL,2h,2026-03-08 14:38:51,buy_plus_red_diamond,买+红砖石,shadow,no_hit,否,,red_ratio_low,shadow,
ZSL,2h,2026-03-08 14:38:51,buy_purple_bottom,紫抄,shadow,no_hit,否,246242,template_miss,shadow,
ZSL,2h,2026-03-08 14:38:51,sell_purple_cry,紫色哭脸,live,no_hit,否,246242,purple_ratio_low,none,
ZSL,2h,2026-03-08 14:38:51,sell_purple_exit,紫色卖出,shadow,no_hit,否,246242,template_miss,shadow,
ZSL,3h,2026-03-08 14:40:16,buy_core,笑笑砖策略,live,no_hit,否,164161,pattern_not_met,none,
ZSL,3h,2026-03-08 14:40:16,buy_plus_red_diamond,买+红砖石,shadow,no_hit,否,,red_ratio_low,shadow,
ZSL,3h,2026-03-08 14:40:16,buy_purple_bottom,紫抄,shadow,no_hit,否,164161,template_miss,shadow,
ZSL,3h,2026-03-08 14:40:16,sell_purple_cry,紫色哭脸,live,no_hit,否,164161,template_miss,none,
ZSL,3h,2026-03-08 14:40:16,sell_purple_exit,紫色卖出,shadow,no_hit,否,164161,template_miss,shadow,
ZSL,4h,2026-03-08 14:41:40,buy_core,笑笑砖策略,live,no_hit,否,123120,pattern_not_met,none,
ZSL,4h,2026-03-08 14:41:40,buy_plus_red_diamond,买+红砖石,shadow,no_hit,否,,red_ratio_low,shadow,
ZSL,4h,2026-03-08 14:41:40,buy_purple_bottom,紫抄,shadow,no_hit,否,123120,template_miss,shadow,
ZSL,4h,2026-03-08 14:41:40,sell_purple_cry,紫色哭脸,live,no_hit,否,123120,template_miss,none,
ZSL,4h,2026-03-08 14:41:40,sell_purple_exit,紫色卖出,shadow,no_hit,否,123120,template_miss,shadow,
BILI,1h,2026-03-08 15:00:28,buy_core,笑笑砖策略,live,no_hit,否,492485,pattern_not_met,none,
BILI,1h,2026-03-08 15:00:28,buy_plus_red_diamond,买+红砖石,shadow,no_hit,否,,red_ratio_low,shadow,
BILI,1h,2026-03-08 15:00:28,buy_purple_bottom,紫抄,shadow,no_hit,否,492485,template_miss,shadow,
BILI,1h,2026-03-08 15:00:28,sell_purple_cry,紫色哭脸,live,no_hit,否,492485,template_miss,none,
BILI,1h,2026-03-08 15:00:28,sell_purple_exit,紫色卖出,shadow,no_hit,否,492485,template_miss,shadow,
BILI,2h,2026-03-08 15:01:38,buy_core,笑笑砖策略,live,no_hit,否,246242,pattern_not_met,none,
BILI,2h,2026-03-08 15:01:38,buy_plus_red_diamond,买+红砖石,shadow,no_hit,否,,template_miss,shadow,
BILI,2h,2026-03-08 15:01:38,buy_purple_bottom,紫抄,shadow,no_hit,否,246242,template_miss,shadow,
BILI,2h,2026-03-08 15:01:38,sell_purple_cry,紫色哭脸,live,no_hit,否,246242,template_miss,none,
BILI,2h,2026-03-08 15:01:38,sell_purple_exit,紫色卖出,shadow,no_hit,否,246242,template_miss,shadow,
BILI,3h,2026-03-08 15:02:47,buy_core,笑笑砖策略,live,no_hit,否,164161,pattern_not_met,none,
BILI,3h,2026-03-08 15:02:47,buy_plus_red_diamond,买+红砖石,shadow,no_hit,否,,template_miss,shadow,
BILI,3h,2026-03-08 15:02:47,buy_purple_bottom,紫抄,shadow,no_hit,否,164161,template_miss,shadow,
BILI,3h,2026-03-08 15:02:47,sell_purple_cry,紫色哭脸,live,no_hit,否,164161,template_miss,none,
BILI,3h,2026-03-08 15:02:47,sell_purple_exit,紫色卖出,shadow,no_hit,否,164161,template_miss,shadow,
BILI,4h,2026-03-08 15:04:12,buy_core,笑笑砖策略,live,no_hit,否,123120,pattern_not_met,none,
BILI,4h,2026-03-08 15:04:12,buy_plus_red_diamond,买+红砖石,shadow,no_hit,否,,red_ratio_low,shadow,
BILI,4h,2026-03-08 15:04:12,buy_purple_bottom,紫抄,shadow,no_hit,否,123120,template_miss,shadow,
BILI,4h,2026-03-08 15:04:12,sell_purple_cry,紫色哭脸,live,no_hit,否,123120,template_miss,none,
BILI,4h,2026-03-08 15:04:12,sell_purple_exit,紫色卖出,shadow,no_hit,否,123120,template_miss,shadow,
CONI,1h,2026-03-08 15:05:07,buy_core,笑笑砖策略,live,no_hit,否,492486,pattern_not_met,none,
CONI,1h,2026-03-08 15:05:07,buy_plus_red_diamond,买+红砖石,shadow,no_hit,否,,red_ratio_low,shadow,
CONI,1h,2026-03-08 15:05:07,buy_purple_bottom,紫抄,shadow,no_hit,否,492486,template_miss,shadow,
CONI,1h,2026-03-08 15:05:07,sell_purple_cry,紫色哭脸,live,no_hit,否,492486,template_miss,none,
CONI,1h,2026-03-08 15:05:07,sell_purple_exit,紫色卖出,shadow,no_hit,否,492486,template_miss,shadow,
CONI,2h,2026-03-08 15:05:54,buy_core,笑笑砖策略,live,no_hit,否,246242,pattern_not_met,none,
CONI,2h,2026-03-08 15:05:54,buy_plus_red_diamond,买+红砖石,shadow,no_hit,否,,red_ratio_low,shadow,
CONI,2h,2026-03-08 15:05:54,buy_purple_bottom,紫抄,shadow,no_hit,否,246242,template_miss,shadow,
CONI,2h,2026-03-08 15:05:54,sell_purple_cry,紫色哭脸,live,no_hit,否,246242,already_active,none,
CONI,2h,2026-03-08 15:05:54,sell_purple_exit,紫色卖出,shadow,no_hit,否,246242,template_miss,shadow,
CONI,3h,2026-03-08 15:06:35,buy_core,笑笑砖策略,live,no_hit,否,164161,pattern_not_met,none,
CONI,3h,2026-03-08 15:06:35,buy_plus_red_diamond,买+红砖石,shadow,no_hit,否,,red_ratio_low,shadow,
CONI,3h,2026-03-08 15:06:35,buy_purple_bottom,紫抄,shadow,no_hit,否,164161,template_miss,shadow,
CONI,3h,2026-03-08 15:06:35,sell_purple_cry,紫色哭脸,live,no_hit,否,164161,already_active,none,
CONI,3h,2026-03-08 15:06:35,sell_purple_exit,紫色卖出,shadow,no_hit,否,164161,template_miss,shadow,
CONI,4h,2026-03-08 15:07:53,buy_core,笑笑砖策略,live,no_hit,否,123120,pattern_not_met,none,
CONI,4h,2026-03-08 15:07:53,buy_plus_red_diamond,买+红砖石,shadow,no_hit,否,,red_ratio_low,shadow,
CONI,4h,2026-03-08 15:07:53,buy_purple_bottom,紫抄,shadow,no_hit,否,123120,template_miss,shadow,
CONI,4h,2026-03-08 15:07:53,sell_purple_cry,紫色哭脸,live,no_hit,否,123120,template_miss,none,
CONI,4h,2026-03-08 15:07:53,sell_purple_exit,紫色卖出,shadow,no_hit,否,123120,template_miss,shadow,
CORD,1h,2026-03-08 15:08:29,buy_core,笑笑砖策略,live,no_hit,否,492486,pattern_not_met,none,
CORD,1h,2026-03-08 15:08:29,buy_plus_red_diamond,买+红砖石,shadow,no_hit,否,,red_ratio_low,shadow,
CORD,1h,2026-03-08 15:08:29,buy_purple_bottom,紫抄,shadow,no_hit,否,492486,template_miss,shadow,
CORD,1h,2026-03-08 15:08:29,sell_purple_cry,紫色哭脸,live,no_hit,否,492486,template_miss,none,
CORD,1h,2026-03-08 15:08:29,sell_purple_exit,紫色卖出,shadow,no_hit,否,492486,template_miss,shadow,
CORD,2h,2026-03-08 15:09:13,buy_core,笑笑砖策略,live,no_hit,否,246242,pattern_not_met,none,
CORD,2h,2026-03-08 15:09:13,buy_plus_red_diamond,买+红砖石,shadow,no_hit,否,,red_ratio_low,shadow,
CORD,2h,2026-03-08 15:09:13,buy_purple_bottom,紫抄,shadow,no_hit,否,246242,template_miss,shadow,
CORD,2h,2026-03-08 15:09:13,sell_purple_cry,紫色哭脸,live,no_hit,否,246242,purple_ratio_low,none,
CORD,2h,2026-03-08 15:09:13,sell_purple_exit,紫色卖出,shadow,no_hit,否,246242,template_miss,shadow,
CORD,3h,2026-03-08 15:09:53,buy_core,笑笑砖策略,live,no_hit,否,164161,pattern_not_met,none,
CORD,3h,2026-03-08 15:09:53,buy_plus_red_diamond,买+红砖石,shadow,no_hit,否,,red_ratio_low,shadow,
CORD,3h,2026-03-08 15:09:53,buy_purple_bottom,紫抄,shadow,no_hit,否,164161,template_miss,shadow,
CORD,3h,2026-03-08 15:09:53,sell_purple_cry,紫色哭脸,live,no_hit,否,164161,already_active,none,
CORD,3h,2026-03-08 15:09:53,sell_purple_exit,紫色卖出,shadow,no_hit,否,164161,template_miss,shadow,
CORD,4h,2026-03-08 15:10:39,buy_core,笑笑砖策略,live,no_hit,否,123120,pattern_not_met,none,
CORD,4h,2026-03-08 15:10:39,buy_plus_red_diamond,买+红砖石,shadow,no_hit,否,,red_ratio_low,shadow,
CORD,4h,2026-03-08 15:10:39,buy_purple_bottom,紫抄,shadow,no_hit,否,123120,template_miss,shadow,
CORD,4h,2026-03-08 15:10:39,sell_purple_cry,紫色哭脸,live,no_hit,否,123120,already_active,none,
CORD,4h,2026-03-08 15:10:39,sell_purple_exit,紫色卖出,shadow,no_hit,否,123120,template_miss,shadow,
CRCD,1h,2026-03-08 15:11:23,buy_core,笑笑砖策略,live,no_hit,否,492486,pattern_not_met,none,
CRCD,1h,2026-03-08 15:11:23,buy_plus_red_diamond,买+红砖石,shadow,no_hit,否,,template_miss,shadow,
CRCD,1h,2026-03-08 15:11:23,buy_purple_bottom,紫抄,shadow,no_hit,否,492486,template_miss,shadow,
CRCD,1h,2026-03-08 15:11:23,sell_purple_cry,紫色哭脸,live,no_hit,否,492486,template_miss,none,
CRCD,1h,2026-03-08 15:11:23,sell_purple_exit,紫色卖出,shadow,no_hit,否,492486,template_miss,shadow,
CRCD,2h,2026-03-08 15:12:17,buy_core,笑笑砖策略,live,no_hit,否,246242,pattern_not_met,none,
CRCD,2h,2026-03-08 15:12:17,buy_plus_red_diamond,买+红砖石,shadow,no_hit,否,,red_ratio_low,shadow,
CRCD,2h,2026-03-08 15:12:17,buy_purple_bottom,紫抄,shadow,no_hit,否,246242,template_miss,shadow,
CRCD,2h,2026-03-08 15:12:17,sell_purple_cry,紫色哭脸,live,no_hit,否,246242,already_active,none,
CRCD,2h,2026-03-08 15:12:17,sell_purple_exit,紫色卖出,shadow,no_hit,否,246242,template_miss,shadow,
CRCD,3h,2026-03-08 15:13:12,buy_core,笑笑砖策略,live,no_hit,否,164161,pattern_not_met,none,
CRCD,3h,2026-03-08 15:13:12,buy_plus_red_diamond,买+红砖石,shadow,no_hit,否,,red_ratio_low,shadow,
CRCD,3h,2026-03-08 15:13:12,buy_purple_bottom,紫抄,shadow,no_hit,否,164161,template_miss,shadow,
CRCD,3h,2026-03-08 15:13:12,sell_purple_cry,紫色哭脸,live,no_hit,否,164161,already_active,none,
CRCD,3h,2026-03-08 15:13:12,sell_purple_exit,紫色卖出,shadow,no_hit,否,164161,template_miss,shadow,
CRCD,4h,2026-03-08 15:14:18,buy_core,笑笑砖策略,live,no_hit,否,123120,pattern_not_met,none,
CRCD,4h,2026-03-08 15:14:18,buy_plus_red_diamond,买+红砖石,shadow,no_hit,否,,red_ratio_low,shadow,
CRCD,4h,2026-03-08 15:14:18,buy_purple_bottom,紫抄,shadow,no_hit,否,123120,template_miss,shadow,
CRCD,4h,2026-03-08 15:14:18,sell_purple_cry,紫色哭脸,live,no_hit,否,123120,template_miss,none,
CRCD,4h,2026-03-08 15:14:18,sell_purple_exit,紫色卖出,shadow,no_hit,否,123120,template_miss,shadow,
CRCL,1h,2026-03-08 15:15:41,buy_core,笑笑砖策略,live,no_hit,否,492486,pattern_not_met,none,
CRCL,1h,2026-03-08 15:15:41,buy_plus_red_diamond,买+红砖石,shadow,no_hit,否,,red_ratio_low,shadow,
CRCL,1h,2026-03-08 15:15:41,buy_purple_bottom,紫抄,shadow,no_hit,否,492486,template_miss,shadow,
CRCL,1h,2026-03-08 15:15:41,sell_purple_cry,紫色哭脸,live,no_hit,否,492486,template_miss,none,
CRCL,1h,2026-03-08 15:15:41,sell_purple_exit,紫色卖出,shadow,no_hit,否,492486,template_miss,shadow,
CRCL,2h,2026-03-08 15:16:49,buy_core,笑笑砖策略,live,no_hit,否,246242,pattern_not_met,none,
CRCL,2h,2026-03-08 15:16:49,buy_plus_red_diamond,买+红砖石,shadow,no_hit,否,,red_ratio_low,shadow,
CRCL,2h,2026-03-08 15:16:49,buy_purple_bottom,紫抄,shadow,no_hit,否,246242,template_miss,shadow,
CRCL,2h,2026-03-08 15:16:49,sell_purple_cry,紫色哭脸,live,no_hit,否,246242,template_miss,none,
CRCL,2h,2026-03-08 15:16:49,sell_purple_exit,紫色卖出,shadow,no_hit,否,246242,template_miss,shadow,
CRCL,3h,2026-03-08 15:17:54,buy_core,笑笑砖策略,live,no_hit,否,164161,pattern_not_met,none,
CRCL,3h,2026-03-08 15:17:54,buy_plus_red_diamond,买+红砖石,shadow,no_hit,否,,red_ratio_low,shadow,
CRCL,3h,2026-03-08 15:17:54,buy_purple_bottom,紫抄,shadow,no_hit,否,164161,template_miss,shadow,
CRCL,3h,2026-03-08 15:17:54,sell_purple_cry,紫色哭脸,live,no_hit,否,164161,template_miss,none,
CRCL,3h,2026-03-08 15:17:54,sell_purple_exit,紫色卖出,shadow,no_hit,否,164161,template_miss,shadow,
CRCL,4h,2026-03-08 15:18:32,buy_core,笑笑砖策略,live,no_hit,否,123120,pattern_not_met,none,
CRCL,4h,2026-03-08 15:18:32,buy_plus_red_diamond,买+红砖石,shadow,no_hit,否,,red_ratio_low,shadow,
CRCL,4h,2026-03-08 15:18:32,buy_purple_bottom,紫抄,shadow,no_hit,否,123120,template_miss,shadow,
CRCL,4h,2026-03-08 15:18:32,sell_purple_cry,紫色哭脸,live,no_hit,否,123120,already_active,none,
CRCL,4h,2026-03-08 15:18:32,sell_purple_exit,紫色卖出,shadow,no_hit,否,123120,template_miss,shadow,
CRDO,1h,2026-03-08 15:19:00,buy_core,笑笑砖策略,live,no_hit,否,492486,pattern_not_met,none,
CRDO,1h,2026-03-08 15:19:00,buy_plus_red_diamond,买+红砖石,shadow,no_hit,否,,red_ratio_low,shadow,
CRDO,1h,2026-03-08 15:19:00,buy_purple_bottom,紫抄,shadow,no_hit,否,492486,template_miss,shadow,
CRDO,1h,2026-03-08 15:19:00,sell_purple_cry,紫色哭脸,live,no_hit,否,492486,template_miss,none,
CRDO,1h,2026-03-08 15:19:00,sell_purple_exit,紫色卖出,shadow,no_hit,否,492486,template_miss,shadow,
CRDO,2h,2026-03-08 15:19:31,buy_core,笑笑砖策略,live,no_hit,否,246242,pattern_not_met,none,
CRDO,2h,2026-03-08 15:19:31,buy_plus_red_diamond,买+红砖石,shadow,no_hit,否,,red_ratio_low,shadow,
CRDO,2h,2026-03-08 15:19:31,buy_purple_bottom,紫抄,shadow,no_hit,否,246242,template_miss,shadow,
CRDO,2h,2026-03-08 15:19:31,sell_purple_cry,紫色哭脸,live,no_hit,否,246242,template_miss,none,
CRDO,2h,2026-03-08 15:19:31,sell_purple_exit,紫色卖出,shadow,no_hit,否,246242,template_miss,shadow,
CRDO,3h,2026-03-08 15:20:40,buy_core,笑笑砖策略,live,no_hit,否,164161,pattern_not_met,none,
CRDO,3h,2026-03-08 15:20:40,buy_plus_red_diamond,买+红砖石,shadow,no_hit,否,,red_ratio_low,shadow,
CRDO,3h,2026-03-08 15:20:40,buy_purple_bottom,紫抄,shadow,no_hit,否,164161,template_miss,shadow,
CRDO,3h,2026-03-08 15:20:40,sell_purple_cry,紫色哭脸,live,no_hit,否,164161,template_miss,none,
CRDO,3h,2026-03-08 15:20:40,sell_purple_exit,紫色卖出,shadow,no_hit,否,164161,template_miss,shadow,
CRDO,4h,2026-03-08 15:21:06,buy_core,笑笑砖策略,live,no_hit,否,123120,pattern_not_met,none,
CRDO,4h,2026-03-08 15:21:06,buy_plus_red_diamond,买+红砖石,shadow,no_hit,否,,red_ratio_low,shadow,
CRDO,4h,2026-03-08 15:21:06,buy_purple_bottom,紫抄,shadow,no_hit,否,123120,template_miss,shadow,
CRDO,4h,2026-03-08 15:21:06,sell_purple_cry,紫色哭脸,live,no_hit,否,123120,template_miss,none,
CRDO,4h,2026-03-08 15:21:06,sell_purple_exit,紫色卖出,shadow,no_hit,否,123120,template_miss,shadow,
CRML,1h,2026-03-08 15:21:23,buy_core,笑笑砖策略,live,no_hit,否,492486,pattern_not_met,none,
CRML,1h,2026-03-08 15:21:23,buy_plus_red_diamond,买+红砖石,shadow,no_hit,否,,red_ratio_low,shadow,
CRML,1h,2026-03-08 15:21:23,buy_purple_bottom,紫抄,shadow,no_hit,否,492486,template_miss,shadow,
CRML,1h,2026-03-08 15:21:23,sell_purple_cry,紫色哭脸,live,no_hit,否,492486,template_miss,none,
CRML,1h,2026-03-08 15:21:23,sell_purple_exit,紫色卖出,shadow,no_hit,否,492486,template_miss,shadow,
CRML,2h,2026-03-08 15:21:43,buy_core,笑笑砖策略,live,no_hit,否,246242,pattern_not_met,none,
CRML,2h,2026-03-08 15:21:43,buy_plus_red_diamond,买+红砖石,shadow,no_hit,否,,red_ratio_low,shadow,
CRML,2h,2026-03-08 15:21:43,buy_purple_bottom,紫抄,shadow,no_hit,否,246242,template_miss,shadow,
CRML,2h,2026-03-08 15:21:43,sell_purple_cry,紫色哭脸,live,no_hit,否,246242,template_miss,none,
CRML,2h,2026-03-08 15:21:43,sell_purple_exit,紫色卖出,shadow,no_hit,否,246242,template_miss,shadow,
CRML,3h,2026-03-08 15:22:03,buy_core,笑笑砖策略,live,no_hit,否,164161,pattern_not_met,none,
CRML,3h,2026-03-08 15:22:03,buy_plus_red_diamond,买+红砖石,shadow,no_hit,否,,red_ratio_low,shadow,
CRML,3h,2026-03-08 15:22:03,buy_purple_bottom,紫抄,shadow,no_hit,否,164161,template_miss,shadow,
CRML,3h,2026-03-08 15:22:03,sell_purple_cry,紫色哭脸,live,no_hit,否,164161,template_miss,none,
CRML,3h,2026-03-08 15:22:03,sell_purple_exit,紫色卖出,shadow,no_hit,否,164161,template_miss,shadow,
CRML,4h,2026-03-08 15:22:55,buy_core,笑笑砖策略,live,no_hit,否,123120,pattern_not_met,none,
CRML,4h,2026-03-08 15:22:55,buy_plus_red_diamond,买+红砖石,shadow,no_hit,否,,red_ratio_low,shadow,
CRML,4h,2026-03-08 15:22:55,buy_purple_bottom,紫抄,shadow,no_hit,否,123120,template_miss,shadow,
CRML,4h,2026-03-08 15:22:55,sell_purple_cry,紫色哭脸,live,no_hit,否,123120,template_miss,none,
CRML,4h,2026-03-08 15:22:55,sell_purple_exit,紫色卖出,shadow,no_hit,否,123120,template_miss,shadow,
DJT,1h,2026-03-08 15:23:17,buy_core,笑笑砖策略,live,no_hit,否,492486,pattern_not_met,none,
DJT,1h,2026-03-08 15:23:17,buy_plus_red_diamond,买+红砖石,shadow,no_hit,否,,red_ratio_low,shadow,
DJT,1h,2026-03-08 15:23:17,buy_purple_bottom,紫抄,shadow,no_hit,否,492486,template_miss,shadow,
DJT,1h,2026-03-08 15:23:17,sell_purple_cry,紫色哭脸,live,no_hit,否,492486,template_miss,none,
DJT,1h,2026-03-08 15:23:17,sell_purple_exit,紫色卖出,shadow,no_hit,否,492486,template_miss,shadow,
DJT,2h,2026-03-08 15:24:41,buy_core,笑笑砖策略,live,no_hit,否,246242,pattern_not_met,none,
DJT,2h,2026-03-08 15:24:41,buy_plus_red_diamond,买+红砖石,shadow,no_hit,否,,red_ratio_low,shadow,
DJT,2h,2026-03-08 15:24:41,buy_purple_bottom,紫抄,shadow,no_hit,否,246242,template_miss,shadow,
DJT,2h,2026-03-08 15:24:41,sell_purple_cry,紫色哭脸,live,no_hit,否,246242,template_miss,none,
DJT,2h,2026-03-08 15:24:41,sell_purple_exit,紫色卖出,shadow,no_hit,否,246242,template_miss,shadow,
DJT,3h,2026-03-08 15:25:18,buy_core,笑笑砖策略,live,no_hit,否,164161,pattern_not_met,none,
DJT,3h,2026-03-08 15:25:18,buy_plus_red_diamond,买+红砖石,shadow,no_hit,否,,red_ratio_low,shadow,
DJT,3h,2026-03-08 15:25:18,buy_purple_bottom,紫抄,shadow,no_hit,否,164161,template_miss,shadow,
DJT,3h,2026-03-08 15:25:18,sell_purple_cry,紫色哭脸,live,no_hit,否,164161,template_miss,none,
DJT,3h,2026-03-08 15:25:18,sell_purple_exit,紫色卖出,shadow,no_hit,否,164161,template_miss,shadow,
DJT,4h,2026-03-08 15:26:43,buy_core,笑笑砖策略,live,no_hit,否,123120,pattern_not_met,none,
DJT,4h,2026-03-08 15:26:43,buy_plus_red_diamond,买+红砖石,shadow,no_hit,否,,red_ratio_low,shadow,
DJT,4h,2026-03-08 15:26:43,buy_purple_bottom,紫抄,shadow,no_hit,否,123120,template_miss,shadow,
DJT,4h,2026-03-08 15:26:43,sell_purple_cry,紫色哭脸,live,no_hit,否,123120,template_miss,none,
DJT,4h,2026-03-08 15:26:43,sell_purple_exit,紫色卖出,shadow,no_hit,否,123120,template_miss,shadow,
DPST,1h,2026-03-08 15:27:47,buy_core,笑笑砖策略,live,no_hit,否,492486,pattern_not_met,none,
DPST,1h,2026-03-08 15:27:47,buy_plus_red_diamond,买+红砖石,shadow,no_hit,否,,template_miss,shadow,
DPST,1h,2026-03-08 15:27:47,buy_purple_bottom,紫抄,shadow,no_hit,否,492486,template_miss,shadow,
DPST,1h,2026-03-08 15:27:47,sell_purple_cry,紫色哭脸,live,no_hit,否,492486,template_miss,none,
DPST,1h,2026-03-08 15:27:47,sell_purple_exit,紫色卖出,shadow,no_hit,否,492486,template_miss,shadow,
DPST,2h,2026-03-08 15:28:22,buy_core,笑笑砖策略,live,no_hit,否,246242,pattern_not_met,none,
DPST,2h,2026-03-08 15:28:22,buy_plus_red_diamond,买+红砖石,shadow,no_hit,否,,red_ratio_low,shadow,
DPST,2h,2026-03-08 15:28:22,buy_purple_bottom,紫抄,shadow,no_hit,否,246242,template_miss,shadow,
DPST,2h,2026-03-08 15:28:22,sell_purple_cry,紫色哭脸,live,no_hit,否,246242,template_miss,none,
DPST,2h,2026-03-08 15:28:22,sell_purple_exit,紫色卖出,shadow,no_hit,否,246242,template_miss,shadow,
DPST,3h,2026-03-08 15:28:44,buy_core,笑笑砖策略,live,no_hit,否,164161,pattern_not_met,none,
DPST,3h,2026-03-08 15:28:44,buy_plus_red_diamond,买+红砖石,shadow,no_hit,否,,red_ratio_low,shadow,
DPST,3h,2026-03-08 15:28:44,buy_purple_bottom,紫抄,shadow,no_hit,否,164161,template_miss,shadow,
DPST,3h,2026-03-08 15:28:44,sell_purple_cry,紫色哭脸,live,no_hit,否,164161,template_miss,none,
DPST,3h,2026-03-08 15:28:44,sell_purple_exit,紫色卖出,shadow,no_hit,否,164161,template_miss,shadow,
DPST,4h,2026-03-08 15:29:04,buy_core,笑笑砖策略,live,no_hit,否,123120,pattern_not_met,none,
DPST,4h,2026-03-08 15:29:04,buy_plus_red_diamond,买+红砖石,shadow,no_hit,否,,red_ratio_low,shadow,
DPST,4h,2026-03-08 15:29:04,buy_purple_bottom,紫抄,shadow,no_hit,否,123120,template_miss,shadow,
DPST,4h,2026-03-08 15:29:04,sell_purple_cry,紫色哭脸,live,no_hit,否,123120,purple_ratio_low,none,
DPST,4h,2026-03-08 15:29:04,sell_purple_exit,紫色卖出,shadow,no_hit,否,123120,template_miss,shadow,
INTC,1h,2026-03-08 15:29:39,buy_core,笑笑砖策略,live,no_hit,否,492486,pattern_not_met,none,
INTC,1h,2026-03-08 15:29:39,buy_plus_red_diamond,买+红砖石,shadow,no_hit,否,,red_ratio_low,shadow,
INTC,1h,2026-03-08 15:29:39,buy_purple_bottom,紫抄,shadow,no_hit,否,492486,template_miss,shadow,
INTC,1h,2026-03-08 15:29:39,sell_purple_cry,紫色哭脸,live,no_hit,否,492486,template_miss,none,
INTC,1h,2026-03-08 15:29:39,sell_purple_exit,紫色卖出,shadow,no_hit,否,492486,template_miss,shadow,
INTC,2h,2026-03-08 15:30:16,buy_core,笑笑砖策略,live,no_hit,否,246242,pattern_not_met,none,
INTC,2h,2026-03-08 15:30:16,buy_plus_red_diamond,买+红砖石,shadow,no_hit,否,,red_ratio_low,shadow,
INTC,2h,2026-03-08 15:30:16,buy_purple_bottom,紫抄,shadow,no_hit,否,246242,template_miss,shadow,
INTC,2h,2026-03-08 15:30:16,sell_purple_cry,紫色哭脸,live,no_hit,否,246242,template_miss,none,
INTC,2h,2026-03-08 15:30:16,sell_purple_exit,紫色卖出,shadow,no_hit,否,246242,template_miss,shadow,
INTC,3h,2026-03-08 15:31:33,buy_core,笑笑砖策略,live,no_hit,否,164161,pattern_not_met,none,
INTC,3h,2026-03-08 15:31:33,buy_plus_red_diamond,买+红砖石,shadow,no_hit,否,,red_ratio_low,shadow,
INTC,3h,2026-03-08 15:31:33,buy_purple_bottom,紫抄,shadow,no_hit,否,164161,template_miss,shadow,
INTC,3h,2026-03-08 15:31:33,sell_purple_cry,紫色哭脸,live,no_hit,否,164161,template_miss,none,
INTC,3h,2026-03-08 15:31:33,sell_purple_exit,紫色卖出,shadow,no_hit,否,164161,template_miss,shadow,
INTC,4h,2026-03-08 15:31:51,buy_core,笑笑砖策略,live,no_hit,否,123120,pattern_not_met,none,
INTC,4h,2026-03-08 15:31:51,buy_plus_red_diamond,买+红砖石,shadow,no_hit,否,,red_ratio_low,shadow,
INTC,4h,2026-03-08 15:31:51,buy_purple_bottom,紫抄,shadow,no_hit,否,123120,template_miss,shadow,
INTC,4h,2026-03-08 15:31:51,sell_purple_cry,紫色哭脸,live,no_hit,否,123120,already_active,none,
INTC,4h,2026-03-08 15:31:51,sell_purple_exit,紫色卖出,shadow,no_hit,否,123120,template_miss,shadow,
KOLD,1h,2026-03-08 15:32:38,buy_core,笑笑砖策略,live,no_hit,否,492486,pattern_not_met,none,
KOLD,1h,2026-03-08 15:32:38,buy_plus_red_diamond,买+红砖石,shadow,no_hit,否,,red_ratio_low,shadow,
KOLD,1h,2026-03-08 15:32:38,buy_purple_bottom,紫抄,shadow,no_hit,否,492486,template_miss,shadow,
KOLD,1h,2026-03-08 15:32:38,sell_purple_cry,紫色哭脸,live,no_hit,否,492486,template_miss,none,
KOLD,1h,2026-03-08 15:32:38,sell_purple_exit,紫色卖出,shadow,no_hit,否,492486,template_miss,shadow,
KOLD,2h,2026-03-08 15:33:02,buy_core,笑笑砖策略,live,no_hit,否,246242,pattern_not_met,none,
KOLD,2h,2026-03-08 15:33:02,buy_plus_red_diamond,买+红砖石,shadow,no_hit,否,,red_ratio_low,shadow,
KOLD,2h,2026-03-08 15:33:02,buy_purple_bottom,紫抄,shadow,no_hit,否,246242,template_miss,shadow,
KOLD,2h,2026-03-08 15:33:02,sell_purple_cry,紫色哭脸,live,no_hit,否,246242,template_miss,none,
KOLD,2h,2026-03-08 15:33:02,sell_purple_exit,紫色卖出,shadow,no_hit,否,246242,template_miss,shadow,
KOLD,3h,2026-03-08 15:34:09,buy_core,笑笑砖策略,live,no_hit,否,164161,pattern_not_met,none,
KOLD,3h,2026-03-08 15:34:09,buy_plus_red_diamond,买+红砖石,shadow,no_hit,否,,red_ratio_low,shadow,
KOLD,3h,2026-03-08 15:34:09,buy_purple_bottom,紫抄,shadow,no_hit,否,164161,template_miss,shadow,
KOLD,3h,2026-03-08 15:34:09,sell_purple_cry,紫色哭脸,live,no_hit,否,164161,template_miss,none,
KOLD,3h,2026-03-08 15:34:09,sell_purple_exit,紫色卖出,shadow,no_hit,否,164161,template_miss,shadow,
KOLD,4h,2026-03-08 15:34:29,buy_core,笑笑砖策略,live,no_hit,否,123120,pattern_not_met,none,
KOLD,4h,2026-03-08 15:34:29,buy_plus_red_diamond,买+红砖石,shadow,no_hit,否,,red_ratio_low,shadow,
KOLD,4h,2026-03-08 15:34:29,buy_purple_bottom,紫抄,shadow,no_hit,否,123120,template_miss,shadow,
KOLD,4h,2026-03-08 15:34:29,sell_purple_cry,紫色哭脸,live,no_hit,否,123120,template_miss,none,
KOLD,4h,2026-03-08 15:34:29,sell_purple_exit,紫色卖出,shadow,no_hit,否,123120,template_miss,shadow,
LMND,1h,2026-03-08 15:35:18,buy_core,笑笑砖策略,live,no_hit,否,492486,pattern_not_met,none,
LMND,1h,2026-03-08 15:35:18,buy_plus_red_diamond,买+红砖石,shadow,no_hit,否,,red_ratio_low,shadow,
LMND,1h,2026-03-08 15:35:18,buy_purple_bottom,紫抄,shadow,no_hit,否,492486,template_miss,shadow,
LMND,1h,2026-03-08 15:35:18,sell_purple_cry,紫色哭脸,live,no_hit,否,492486,template_miss,none,
LMND,1h,2026-03-08 15:35:18,sell_purple_exit,紫色卖出,shadow,no_hit,否,492486,template_miss,shadow,
LMND,2h,2026-03-08 15:35:55,buy_core,笑笑砖策略,live,no_hit,否,246242,pattern_not_met,none,
LMND,2h,2026-03-08 15:35:55,buy_plus_red_diamond,买+红砖石,shadow,no_hit,否,,red_ratio_low,shadow,
LMND,2h,2026-03-08 15:35:55,buy_purple_bottom,紫抄,shadow,no_hit,否,246242,template_miss,shadow,
LMND,2h,2026-03-08 15:35:55,sell_purple_cry,紫色哭脸,live,no_hit,否,246242,already_active,none,
LMND,2h,2026-03-08 15:35:55,sell_purple_exit,紫色卖出,shadow,no_hit,否,246242,template_miss,shadow,
LMND,3h,2026-03-08 15:37:15,buy_core,笑笑砖策略,live,no_hit,否,164161,pattern_not_met,none,
LMND,3h,2026-03-08 15:37:15,buy_plus_red_diamond,买+红砖石,shadow,no_hit,否,,template_miss,shadow,
LMND,3h,2026-03-08 15:37:15,buy_purple_bottom,紫抄,shadow,no_hit,否,164161,template_miss,shadow,
LMND,3h,2026-03-08 15:37:15,sell_purple_cry,紫色哭脸,live,no_hit,否,164161,template_miss,none,
LMND,3h,2026-03-08 15:37:15,sell_purple_exit,紫色卖出,shadow,no_hit,否,164161,template_miss,shadow,
LMND,4h,2026-03-08 15:37:45,buy_core,笑笑砖策略,live,no_hit,否,123120,pattern_not_met,none,
LMND,4h,2026-03-08 15:37:45,buy_plus_red_diamond,买+红砖石,shadow,no_hit,否,,red_ratio_low,shadow,
LMND,4h,2026-03-08 15:37:45,buy_purple_bottom,紫抄,shadow,no_hit,否,123120,template_miss,shadow,
LMND,4h,2026-03-08 15:37:45,sell_purple_cry,紫色哭脸,live,no_hit,否,123120,already_active,none,
LMND,4h,2026-03-08 15:37:45,sell_purple_exit,紫色卖出,shadow,no_hit,否,123120,template_miss,shadow,
MP,1h,2026-03-08 15:38:35,buy_core,笑笑砖策略,live,no_hit,否,492486,pattern_not_met,none,
MP,1h,2026-03-08 15:38:35,buy_plus_red_diamond,买+红砖石,shadow,no_hit,否,,template_miss,shadow,
MP,1h,2026-03-08 15:38:35,buy_purple_bottom,紫抄,shadow,no_hit,否,492486,template_miss,shadow,
MP,1h,2026-03-08 15:38:35,sell_purple_cry,紫色哭脸,live,no_hit,否,492486,template_miss,none,
MP,1h,2026-03-08 15:38:35,sell_purple_exit,紫色卖出,shadow,no_hit,否,492486,template_miss,shadow,
MP,2h,2026-03-08 15:39:26,buy_core,笑笑砖策略,live,no_hit,否,246242,pattern_not_met,none,
MP,2h,2026-03-08 15:39:26,buy_plus_red_diamond,买+红砖石,shadow,no_hit,否,,template_miss,shadow,
MP,2h,2026-03-08 15:39:26,buy_purple_bottom,紫抄,shadow,no_hit,否,246242,template_miss,shadow,
MP,2h,2026-03-08 15:39:26,sell_purple_cry,紫色哭脸,live,no_hit,否,246242,template_miss,none,
MP,2h,2026-03-08 15:39:26,sell_purple_exit,紫色卖出,shadow,no_hit,否,246242,template_miss,shadow,
MP,3h,2026-03-08 15:40:25,buy_core,笑笑砖策略,live,no_hit,否,164161,pattern_not_met,none,
MP,3h,2026-03-08 15:40:25,buy_plus_red_diamond,买+红砖石,shadow,no_hit,否,,template_miss,shadow,
MP,3h,2026-03-08 15:40:25,buy_purple_bottom,紫抄,shadow,no_hit,否,164161,template_miss,shadow,
MP,3h,2026-03-08 15:40:25,sell_purple_cry,紫色哭脸,live,no_hit,否,164161,template_miss,none,
MP,3h,2026-03-08 15:40:25,sell_purple_exit,紫色卖出,shadow,no_hit,否,164161,template_miss,shadow,
MP,4h,2026-03-08 15:40:45,buy_core,笑笑砖策略,live,hit,是,123120,repeat_suppressed,repeat_suppressed,C:\Users\Administrator\Desktop\futu_combo_watch\output\hit_MP_4h_buy_core_20260308_154025.png
MP,4h,2026-03-08 15:40:45,buy_plus_red_diamond,买+红砖石,shadow,no_hit,否,,buy_red_no_pair,shadow,C:\Users\Administrator\Desktop\futu_combo_watch\output\hit_MP_4h_buy_core_20260308_154025.png
MP,4h,2026-03-08 15:40:45,buy_purple_bottom,紫抄,shadow,no_hit,否,123120,template_miss,shadow,C:\Users\Administrator\Desktop\futu_combo_watch\output\hit_MP_4h_buy_core_20260308_154025.png
MP,4h,2026-03-08 15:40:45,sell_purple_cry,紫色哭脸,live,no_hit,否,123120,purple_ratio_low,none,C:\Users\Administrator\Desktop\futu_combo_watch\output\hit_MP_4h_buy_core_20260308_154025.png
MP,4h,2026-03-08 15:40:45,sell_purple_exit,紫色卖出,shadow,no_hit,否,123120,template_miss,shadow,C:\Users\Administrator\Desktop\futu_combo_watch\output\hit_MP_4h_buy_core_20260308_154025.png
MU,1h,2026-03-08 15:41:17,buy_core,笑笑砖策略,live,no_hit,否,492486,pattern_not_met,none,
MU,1h,2026-03-08 15:41:17,buy_plus_red_diamond,买+红砖石,shadow,no_hit,否,,red_ratio_low,shadow,
MU,1h,2026-03-08 15:41:17,buy_purple_bottom,紫抄,shadow,no_hit,否,492486,template_miss,shadow,
MU,1h,2026-03-08 15:41:17,sell_purple_cry,紫色哭脸,live,no_hit,否,492486,template_miss,none,
MU,1h,2026-03-08 15:41:17,sell_purple_exit,紫色卖出,shadow,no_hit,否,492486,template_miss,shadow,
MU,2h,2026-03-08 15:41:52,buy_core,笑笑砖策略,live,no_hit,否,246242,pattern_not_met,none,
MU,2h,2026-03-08 15:41:52,buy_plus_red_diamond,买+红砖石,shadow,no_hit,否,,red_ratio_low,shadow,
MU,2h,2026-03-08 15:41:52,buy_purple_bottom,紫抄,shadow,no_hit,否,246242,template_miss,shadow,
MU,2h,2026-03-08 15:41:52,sell_purple_cry,紫色哭脸,live,no_hit,否,246242,template_miss,none,
MU,2h,2026-03-08 15:41:52,sell_purple_exit,紫色卖出,shadow,no_hit,否,246242,template_miss,shadow,
MU,3h,2026-03-08 15:42:26,buy_core,笑笑砖策略,live,no_hit,否,164161,pattern_not_met,none,
MU,3h,2026-03-08 15:42:26,buy_plus_red_diamond,买+红砖石,shadow,no_hit,否,,red_ratio_low,shadow,
MU,3h,2026-03-08 15:42:26,buy_purple_bottom,紫抄,shadow,no_hit,否,164161,template_miss,shadow,
MU,3h,2026-03-08 15:42:26,sell_purple_cry,紫色哭脸,live,no_hit,否,164161,template_miss,none,
MU,3h,2026-03-08 15:42:26,sell_purple_exit,紫色卖出,shadow,no_hit,否,164161,template_miss,shadow,
MU,4h,2026-03-08 15:43:01,buy_core,笑笑砖策略,live,no_hit,否,123120,pattern_not_met,none,
MU,4h,2026-03-08 15:43:01,buy_plus_red_diamond,买+红砖石,shadow,no_hit,否,,red_ratio_low,shadow,
MU,4h,2026-03-08 15:43:01,buy_purple_bottom,紫抄,shadow,no_hit,否,123120,template_miss,shadow,
MU,4h,2026-03-08 15:43:01,sell_purple_cry,紫色哭脸,live,no_hit,否,123120,template_miss,none,
MU,4h,2026-03-08 15:43:01,sell_purple_exit,紫色卖出,shadow,no_hit,否,123120,template_miss,shadow,
NBIS,1h,2026-03-08 15:43:37,buy_core,笑笑砖策略,live,no_hit,否,492486,pattern_not_met,none,
NBIS,1h,2026-03-08 15:43:37,buy_plus_red_diamond,买+红砖石,shadow,no_hit,否,,red_ratio_low,shadow,
NBIS,1h,2026-03-08 15:43:37,buy_purple_bottom,紫抄,shadow,no_hit,否,492486,template_miss,shadow,
NBIS,1h,2026-03-08 15:43:37,sell_purple_cry,紫色哭脸,live,no_hit,否,492486,template_miss,none,
NBIS,1h,2026-03-08 15:43:37,sell_purple_exit,紫色卖出,shadow,no_hit,否,492486,template_miss,shadow,
NBIS,2h,2026-03-08 15:44:44,buy_core,笑笑砖策略,live,no_hit,否,246242,pattern_not_met,none,
NBIS,2h,2026-03-08 15:44:44,buy_plus_red_diamond,买+红砖石,shadow,no_hit,否,,red_ratio_low,shadow,
NBIS,2h,2026-03-08 15:44:44,buy_purple_bottom,紫抄,shadow,no_hit,否,246242,template_miss,shadow,
NBIS,2h,2026-03-08 15:44:44,sell_purple_cry,紫色哭脸,live,no_hit,否,246242,template_miss,none,
NBIS,2h,2026-03-08 15:44:44,sell_purple_exit,紫色卖出,shadow,no_hit,否,246242,template_miss,shadow,
NBIS,3h,2026-03-08 15:45:06,buy_core,笑笑砖策略,live,no_hit,否,164161,pattern_not_met,none,
NBIS,3h,2026-03-08 15:45:06,buy_plus_red_diamond,买+红砖石,shadow,no_hit,否,,red_ratio_low,shadow,
NBIS,3h,2026-03-08 15:45:06,buy_purple_bottom,紫抄,shadow,no_hit,否,164161,template_miss,shadow,
NBIS,3h,2026-03-08 15:45:06,sell_purple_cry,紫色哭脸,live,no_hit,否,164161,purple_ratio_low,none,
NBIS,3h,2026-03-08 15:45:06,sell_purple_exit,紫色卖出,shadow,no_hit,否,164161,template_miss,shadow,
NBIS,4h,2026-03-08 15:46:24,buy_core,笑笑砖策略,live,no_hit,否,123120,pattern_not_met,none,
NBIS,4h,2026-03-08 15:46:24,buy_plus_red_diamond,买+红砖石,shadow,no_hit,否,,red_ratio_low,shadow,
NBIS,4h,2026-03-08 15:46:24,buy_purple_bottom,紫抄,shadow,no_hit,否,123120,template_miss,shadow,
NBIS,4h,2026-03-08 15:46:24,sell_purple_cry,紫色哭脸,live,no_hit,否,123120,template_miss,none,
NBIS,4h,2026-03-08 15:46:24,sell_purple_exit,紫色卖出,shadow,no_hit,否,123120,template_miss,shadow,
NBIZ,1h,2026-03-08 15:47:21,buy_core,笑笑砖策略,live,no_hit,否,492486,pattern_not_met,none,
NBIZ,1h,2026-03-08 15:47:21,buy_plus_red_diamond,买+红砖石,shadow,no_hit,否,,red_ratio_low,shadow,
NBIZ,1h,2026-03-08 15:47:21,buy_purple_bottom,紫抄,shadow,no_hit,否,492486,template_miss,shadow,
NBIZ,1h,2026-03-08 15:47:21,sell_purple_cry,紫色哭脸,live,no_hit,否,492486,template_miss,none,
NBIZ,1h,2026-03-08 15:47:21,sell_purple_exit,紫色卖出,shadow,no_hit,否,492486,template_miss,shadow,
NBIZ,2h,2026-03-08 15:48:04,buy_core,笑笑砖策略,live,no_hit,否,246242,pattern_not_met,none,
NBIZ,2h,2026-03-08 15:48:04,buy_plus_red_diamond,买+红砖石,shadow,no_hit,否,,template_miss,shadow,
NBIZ,2h,2026-03-08 15:48:04,buy_purple_bottom,紫抄,shadow,no_hit,否,246242,template_miss,shadow,
NBIZ,2h,2026-03-08 15:48:04,sell_purple_cry,紫色哭脸,live,no_hit,否,246242,template_miss,none,
NBIZ,2h,2026-03-08 15:48:04,sell_purple_exit,紫色卖出,shadow,no_hit,否,246242,template_miss,shadow,
NBIZ,3h,2026-03-08 15:49:32,buy_core,笑笑砖策略,live,no_hit,否,164161,pattern_not_met,none,
NBIZ,3h,2026-03-08 15:49:32,buy_plus_red_diamond,买+红砖石,shadow,no_hit,否,,template_miss,shadow,
NBIZ,3h,2026-03-08 15:49:32,buy_purple_bottom,紫抄,shadow,no_hit,否,164161,template_miss,shadow,
NBIZ,3h,2026-03-08 15:49:32,sell_purple_cry,紫色哭脸,live,no_hit,否,164161,template_miss,none,
NBIZ,3h,2026-03-08 15:49:32,sell_purple_exit,紫色卖出,shadow,no_hit,否,164161,template_miss,shadow,
NBIZ,4h,2026-03-08 15:50:36,buy_core,笑笑砖策略,live,no_hit,否,123120,pattern_not_met,none,
NBIZ,4h,2026-03-08 15:50:36,buy_plus_red_diamond,买+红砖石,shadow,no_hit,否,,template_miss,shadow,
NBIZ,4h,2026-03-08 15:50:36,buy_purple_bottom,紫抄,shadow,no_hit,否,123120,template_miss,shadow,
NBIZ,4h,2026-03-08 15:50:36,sell_purple_cry,紫色哭脸,live,no_hit,否,123120,template_miss,none,
NBIZ,4h,2026-03-08 15:50:36,sell_purple_exit,紫色卖出,shadow,no_hit,否,123120,template_miss,shadow,
NVDA,1h,2026-03-08 15:51:12,buy_core,笑笑砖策略,live,no_hit,否,492486,pattern_not_met,none,
NVDA,1h,2026-03-08 15:51:12,buy_plus_red_diamond,买+红砖石,shadow,no_hit,否,,red_ratio_low,shadow,
NVDA,1h,2026-03-08 15:51:12,buy_purple_bottom,紫抄,shadow,no_hit,否,492486,template_miss,shadow,
NVDA,1h,2026-03-08 15:51:12,sell_purple_cry,紫色哭脸,live,no_hit,否,492486,template_miss,none,
NVDA,1h,2026-03-08 15:51:12,sell_purple_exit,紫色卖出,shadow,no_hit,否,492486,template_miss,shadow,
NVDA,2h,2026-03-08 15:51:49,buy_core,笑笑砖策略,live,no_hit,否,246242,pattern_not_met,none,
NVDA,2h,2026-03-08 15:51:49,buy_plus_red_diamond,买+红砖石,shadow,no_hit,否,,template_miss,shadow,
NVDA,2h,2026-03-08 15:51:49,buy_purple_bottom,紫抄,shadow,no_hit,否,246242,template_miss,shadow,
NVDA,2h,2026-03-08 15:51:49,sell_purple_cry,紫色哭脸,live,no_hit,否,246242,template_miss,none,
NVDA,2h,2026-03-08 15:51:49,sell_purple_exit,紫色卖出,shadow,no_hit,否,246242,template_miss,shadow,
NVDA,3h,2026-03-08 15:52:17,buy_core,笑笑砖策略,live,no_hit,否,164161,pattern_not_met,none,
NVDA,3h,2026-03-08 15:52:17,buy_plus_red_diamond,买+红砖石,shadow,no_hit,否,,template_miss,shadow,
NVDA,3h,2026-03-08 15:52:17,buy_purple_bottom,紫抄,shadow,no_hit,否,164161,template_miss,shadow,
NVDA,3h,2026-03-08 15:52:17,sell_purple_cry,紫色哭脸,live,no_hit,否,164161,template_miss,none,
NVDA,3h,2026-03-08 15:52:17,sell_purple_exit,紫色卖出,shadow,no_hit,否,164161,template_miss,shadow,
NVDA,4h,2026-03-08 15:53:37,buy_core,笑笑砖策略,live,no_hit,否,123120,pattern_not_met,none,
NVDA,4h,2026-03-08 15:53:37,buy_plus_red_diamond,买+红砖石,shadow,no_hit,否,,template_miss,shadow,
NVDA,4h,2026-03-08 15:53:37,buy_purple_bottom,紫抄,shadow,no_hit,否,123120,template_miss,shadow,
NVDA,4h,2026-03-08 15:53:37,sell_purple_cry,紫色哭脸,live,no_hit,否,123120,template_miss,none,
NVDA,4h,2026-03-08 15:53:37,sell_purple_exit,紫色卖出,shadow,no_hit,否,123120,template_miss,shadow,
OKLO,1h,2026-03-08 15:54:15,buy_core,笑笑砖策略,live,no_hit,否,492486,pattern_not_met,none,
OKLO,1h,2026-03-08 15:54:15,buy_plus_red_diamond,买+红砖石,shadow,no_hit,否,,red_ratio_low,shadow,
OKLO,1h,2026-03-08 15:54:15,buy_purple_bottom,紫抄,shadow,no_hit,否,492486,template_miss,shadow,
OKLO,1h,2026-03-08 15:54:15,sell_purple_cry,紫色哭脸,live,no_hit,否,492486,template_miss,none,
OKLO,1h,2026-03-08 15:54:15,sell_purple_exit,紫色卖出,shadow,no_hit,否,492486,template_miss,shadow,
OKLO,2h,2026-03-08 15:54:49,buy_core,笑笑砖策略,live,no_hit,否,246242,pattern_not_met,none,
OKLO,2h,2026-03-08 15:54:49,buy_plus_red_diamond,买+红砖石,shadow,no_hit,否,,red_ratio_low,shadow,
OKLO,2h,2026-03-08 15:54:49,buy_purple_bottom,紫抄,shadow,no_hit,否,246242,template_miss,shadow,
OKLO,2h,2026-03-08 15:54:49,sell_purple_cry,紫色哭脸,live,no_hit,否,246242,template_miss,none,
OKLO,2h,2026-03-08 15:54:49,sell_purple_exit,紫色卖出,shadow,no_hit,否,246242,template_miss,shadow,
OKLO,3h,2026-03-08 15:55:19,buy_core,笑笑砖策略,live,no_hit,否,164161,pattern_not_met,none,
OKLO,3h,2026-03-08 15:55:19,buy_plus_red_diamond,买+红砖石,shadow,no_hit,否,,red_ratio_low,shadow,
OKLO,3h,2026-03-08 15:55:19,buy_purple_bottom,紫抄,shadow,no_hit,否,164161,template_miss,shadow,
OKLO,3h,2026-03-08 15:55:19,sell_purple_cry,紫色哭脸,live,no_hit,否,164161,template_miss,none,
OKLO,3h,2026-03-08 15:55:19,sell_purple_exit,紫色卖出,shadow,no_hit,否,164161,template_miss,shadow,
OKLO,4h,2026-03-08 15:56:36,buy_core,笑笑砖策略,live,no_hit,否,123120,pattern_not_met,none,
OKLO,4h,2026-03-08 15:56:36,buy_plus_red_diamond,买+红砖石,shadow,no_hit,否,,red_ratio_low,shadow,
OKLO,4h,2026-03-08 15:56:36,buy_purple_bottom,紫抄,shadow,no_hit,否,123120,template_miss,shadow,
OKLO,4h,2026-03-08 15:56:36,sell_purple_cry,紫色哭脸,live,no_hit,否,123120,template_miss,none,
OKLO,4h,2026-03-08 15:56:36,sell_purple_exit,紫色卖出,shadow,no_hit,否,123120,template_miss,shadow,
OKLS,1h,2026-03-08 15:57:24,buy_core,笑笑砖策略,live,no_hit,否,492486,pattern_not_met,none,
OKLS,1h,2026-03-08 15:57:24,buy_plus_red_diamond,买+红砖石,shadow,no_hit,否,,red_ratio_low,shadow,
OKLS,1h,2026-03-08 15:57:24,buy_purple_bottom,紫抄,shadow,no_hit,否,492486,template_miss,shadow,
OKLS,1h,2026-03-08 15:57:24,sell_purple_cry,紫色哭脸,live,no_hit,否,492486,template_miss,none,
OKLS,1h,2026-03-08 15:57:24,sell_purple_exit,紫色卖出,shadow,no_hit,否,492486,template_miss,shadow,
OKLS,2h,2026-03-08 15:58:17,buy_core,笑笑砖策略,live,no_hit,否,246242,pattern_not_met,none,
OKLS,2h,2026-03-08 15:58:17,buy_plus_red_diamond,买+红砖石,shadow,no_hit,否,,red_ratio_low,shadow,
OKLS,2h,2026-03-08 15:58:17,buy_purple_bottom,紫抄,shadow,no_hit,否,246242,template_miss,shadow,
OKLS,2h,2026-03-08 15:58:17,sell_purple_cry,紫色哭脸,live,no_hit,否,246242,template_miss,none,
OKLS,2h,2026-03-08 15:58:17,sell_purple_exit,紫色卖出,shadow,no_hit,否,246242,template_miss,shadow,
OKLS,3h,2026-03-08 15:58:53,buy_core,笑笑砖策略,live,no_hit,否,164161,pattern_not_met,none,
OKLS,3h,2026-03-08 15:58:53,buy_plus_red_diamond,买+红砖石,shadow,no_hit,否,,red_ratio_low,shadow,
OKLS,3h,2026-03-08 15:58:53,buy_purple_bottom,紫抄,shadow,no_hit,否,164161,template_miss,shadow,
OKLS,3h,2026-03-08 15:58:53,sell_purple_cry,紫色哭脸,live,no_hit,否,164161,template_miss,none,
OKLS,3h,2026-03-08 15:58:53,sell_purple_exit,紫色卖出,shadow,no_hit,否,164161,template_miss,shadow,
OKLS,4h,2026-03-08 15:59:46,buy_core,笑笑砖策略,live,no_hit,否,123120,pattern_not_met,none,
OKLS,4h,2026-03-08 15:59:46,buy_plus_red_diamond,买+红砖石,shadow,no_hit,否,,red_ratio_low,shadow,
OKLS,4h,2026-03-08 15:59:46,buy_purple_bottom,紫抄,shadow,no_hit,否,123120,template_miss,shadow,
OKLS,4h,2026-03-08 15:59:46,sell_purple_cry,紫色哭脸,live,no_hit,否,123120,template_miss,none,
OKLS,4h,2026-03-08 15:59:46,sell_purple_exit,紫色卖出,shadow,no_hit,否,123120,template_miss,shadow,
PLTR,1h,2026-03-08 16:01:01,buy_core,笑笑砖策略,live,no_hit,否,492486,pattern_not_met,none,
PLTR,1h,2026-03-08 16:01:01,buy_plus_red_diamond,买+红砖石,shadow,no_hit,否,,red_ratio_low,shadow,
PLTR,1h,2026-03-08 16:01:01,buy_purple_bottom,紫抄,shadow,no_hit,否,492486,template_miss,shadow,
PLTR,1h,2026-03-08 16:01:01,sell_purple_cry,紫色哭脸,live,no_hit,否,492486,template_miss,none,
PLTR,1h,2026-03-08 16:01:01,sell_purple_exit,紫色卖出,shadow,no_hit,否,492486,template_miss,shadow,
PLTR,2h,2026-03-08 16:02:10,buy_core,笑笑砖策略,live,no_hit,否,246243,pattern_not_met,none,
PLTR,2h,2026-03-08 16:02:10,buy_plus_red_diamond,买+红砖石,shadow,no_hit,否,,template_miss,shadow,
PLTR,2h,2026-03-08 16:02:10,buy_purple_bottom,紫抄,shadow,no_hit,否,246243,template_miss,shadow,
PLTR,2h,2026-03-08 16:02:10,sell_purple_cry,紫色哭脸,live,no_hit,否,246243,template_miss,none,
PLTR,2h,2026-03-08 16:02:10,sell_purple_exit,紫色卖出,shadow,no_hit,否,246243,template_miss,shadow,
PLTR,3h,2026-03-08 16:03:16,buy_core,笑笑砖策略,live,no_hit,否,164161,pattern_not_met,none,
PLTR,3h,2026-03-08 16:03:16,buy_plus_red_diamond,买+红砖石,shadow,no_hit,否,,template_miss,shadow,
PLTR,3h,2026-03-08 16:03:16,buy_purple_bottom,紫抄,shadow,no_hit,否,164161,template_miss,shadow,
PLTR,3h,2026-03-08 16:03:16,sell_purple_cry,紫色哭脸,live,no_hit,否,164161,template_miss,none,
PLTR,3h,2026-03-08 16:03:16,sell_purple_exit,紫色卖出,shadow,no_hit,否,164161,template_miss,shadow,
PLTR,4h,2026-03-08 16:04:35,buy_core,笑笑砖策略,live,no_hit,否,123121,pattern_not_met,none,
PLTR,4h,2026-03-08 16:04:35,buy_plus_red_diamond,买+红砖石,shadow,no_hit,否,,template_miss,shadow,
PLTR,4h,2026-03-08 16:04:35,buy_purple_bottom,紫抄,shadow,no_hit,否,123121,template_miss,shadow,
PLTR,4h,2026-03-08 16:04:35,sell_purple_cry,紫色哭脸,live,no_hit,否,123121,template_miss,none,
PLTR,4h,2026-03-08 16:04:35,sell_purple_exit,紫色卖出,shadow,no_hit,否,123121,template_miss,shadow,
PLTZ,1h,2026-03-08 16:05:56,buy_core,笑笑砖策略,live,no_hit,否,492487,pattern_not_met,none,
PLTZ,1h,2026-03-08 16:05:56,buy_plus_red_diamond,买+红砖石,shadow,no_hit,否,,red_ratio_low,shadow,
PLTZ,1h,2026-03-08 16:05:56,buy_purple_bottom,紫抄,shadow,no_hit,否,492487,template_miss,shadow,
PLTZ,1h,2026-03-08 16:05:56,sell_purple_cry,紫色哭脸,live,no_hit,否,492487,template_miss,none,
PLTZ,1h,2026-03-08 16:05:56,sell_purple_exit,紫色卖出,shadow,no_hit,否,492487,template_miss,shadow,
PLTZ,2h,2026-03-08 16:07:05,buy_core,笑笑砖策略,live,no_hit,否,246243,pattern_not_met,none,
PLTZ,2h,2026-03-08 16:07:05,buy_plus_red_diamond,买+红砖石,shadow,no_hit,否,,template_miss,shadow,
PLTZ,2h,2026-03-08 16:07:05,buy_purple_bottom,紫抄,shadow,no_hit,否,246243,template_miss,shadow,
PLTZ,2h,2026-03-08 16:07:05,sell_purple_cry,紫色哭脸,live,no_hit,否,246243,template_miss,none,
PLTZ,2h,2026-03-08 16:07:05,sell_purple_exit,紫色卖出,shadow,no_hit,否,246243,template_miss,shadow,
PLTZ,3h,2026-03-08 16:08:13,buy_core,笑笑砖策略,live,no_hit,否,164161,pattern_not_met,none,
PLTZ,3h,2026-03-08 16:08:13,buy_plus_red_diamond,买+红砖石,shadow,no_hit,否,,red_ratio_low,shadow,
PLTZ,3h,2026-03-08 16:08:13,buy_purple_bottom,紫抄,shadow,no_hit,否,164161,template_miss,shadow,
PLTZ,3h,2026-03-08 16:08:13,sell_purple_cry,紫色哭脸,live,no_hit,否,164161,template_miss,none,
PLTZ,3h,2026-03-08 16:08:13,sell_purple_exit,紫色卖出,shadow,no_hit,否,164161,template_miss,shadow,
PLTZ,4h,2026-03-08 16:08:34,buy_core,笑笑砖策略,live,no_hit,否,123121,pattern_not_met,none,
PLTZ,4h,2026-03-08 16:08:34,buy_plus_red_diamond,买+红砖石,shadow,no_hit,否,,red_ratio_low,shadow,
PLTZ,4h,2026-03-08 16:08:34,buy_purple_bottom,紫抄,shadow,no_hit,否,123121,template_miss,shadow,
PLTZ,4h,2026-03-08 16:08:34,sell_purple_cry,紫色哭脸,live,no_hit,否,123121,template_miss,none,
PLTZ,4h,2026-03-08 16:08:34,sell_purple_exit,紫色卖出,shadow,no_hit,否,123121,template_miss,shadow,
RDW,1h,2026-03-08 16:09:12,buy_core,笑笑砖策略,live,no_hit,否,492487,pattern_not_met,none,
RDW,1h,2026-03-08 16:09:12,buy_plus_red_diamond,买+红砖石,shadow,no_hit,否,,red_ratio_low,shadow,
RDW,1h,2026-03-08 16:09:12,buy_purple_bottom,紫抄,shadow,no_hit,否,492487,template_miss,shadow,
RDW,1h,2026-03-08 16:09:12,sell_purple_cry,紫色哭脸,live,no_hit,否,492487,template_miss,none,
RDW,1h,2026-03-08 16:09:12,sell_purple_exit,紫色卖出,shadow,no_hit,否,492487,template_miss,shadow,
RDW,2h,2026-03-08 16:09:42,buy_core,笑笑砖策略,live,no_hit,否,246243,pattern_not_met,none,
RDW,2h,2026-03-08 16:09:42,buy_plus_red_diamond,买+红砖石,shadow,no_hit,否,,red_ratio_low,shadow,
RDW,2h,2026-03-08 16:09:42,buy_purple_bottom,紫抄,shadow,no_hit,否,246243,template_miss,shadow,
RDW,2h,2026-03-08 16:09:42,sell_purple_cry,紫色哭脸,live,no_hit,否,246243,template_miss,none,
RDW,2h,2026-03-08 16:09:42,sell_purple_exit,紫色卖出,shadow,no_hit,否,246243,template_miss,shadow,
RDW,3h,2026-03-08 16:10:11,buy_core,笑笑砖策略,live,no_hit,否,164161,pattern_not_met,none,
RDW,3h,2026-03-08 16:10:11,buy_plus_red_diamond,买+红砖石,shadow,no_hit,否,,red_ratio_low,shadow,
RDW,3h,2026-03-08 16:10:11,buy_purple_bottom,紫抄,shadow,no_hit,否,164161,template_miss,shadow,
RDW,3h,2026-03-08 16:10:11,sell_purple_cry,紫色哭脸,live,no_hit,否,164161,template_miss,none,
RDW,3h,2026-03-08 16:10:11,sell_purple_exit,紫色卖出,shadow,no_hit,否,164161,template_miss,shadow,
RDW,4h,2026-03-08 16:10:45,buy_core,笑笑砖策略,live,no_hit,否,123121,pattern_not_met,none,
RDW,4h,2026-03-08 16:10:45,buy_plus_red_diamond,买+红砖石,shadow,no_hit,否,,red_ratio_low,shadow,
RDW,4h,2026-03-08 16:10:45,buy_purple_bottom,紫抄,shadow,no_hit,否,123121,template_miss,shadow,
RDW,4h,2026-03-08 16:10:45,sell_purple_cry,紫色哭脸,live,no_hit,否,123121,template_miss,none,
RDW,4h,2026-03-08 16:10:45,sell_purple_exit,紫色卖出,shadow,no_hit,否,123121,template_miss,shadow,
RGTZ,1h,2026-03-08 16:11:16,buy_core,笑笑砖策略,live,no_hit,否,492487,pattern_not_met,none,
RGTZ,1h,2026-03-08 16:11:16,buy_plus_red_diamond,买+红砖石,shadow,no_hit,否,,red_ratio_low,shadow,
RGTZ,1h,2026-03-08 16:11:16,buy_purple_bottom,紫抄,shadow,no_hit,否,492487,template_miss,shadow,
RGTZ,1h,2026-03-08 16:11:16,sell_purple_cry,紫色哭脸,live,no_hit,否,492487,already_active,none,
RGTZ,1h,2026-03-08 16:11:16,sell_purple_exit,紫色卖出,shadow,no_hit,否,492487,template_miss,shadow,
RGTZ,2h,2026-03-08 16:11:59,buy_core,笑笑砖策略,live,no_hit,否,246243,pattern_not_met,none,
RGTZ,2h,2026-03-08 16:11:59,buy_plus_red_diamond,买+红砖石,shadow,no_hit,否,,red_ratio_low,shadow,
RGTZ,2h,2026-03-08 16:11:59,buy_purple_bottom,紫抄,shadow,no_hit,否,246243,template_miss,shadow,
RGTZ,2h,2026-03-08 16:11:59,sell_purple_cry,紫色哭脸,live,no_hit,否,246243,template_miss,none,
RGTZ,2h,2026-03-08 16:11:59,sell_purple_exit,紫色卖出,shadow,no_hit,否,246243,template_miss,shadow,
RGTZ,3h,2026-03-08 16:12:53,buy_core,笑笑砖策略,live,no_hit,否,164161,pattern_not_met,none,
RGTZ,3h,2026-03-08 16:12:53,buy_plus_red_diamond,买+红砖石,shadow,no_hit,否,,red_ratio_low,shadow,
RGTZ,3h,2026-03-08 16:12:53,buy_purple_bottom,紫抄,shadow,no_hit,否,164161,template_miss,shadow,
RGTZ,3h,2026-03-08 16:12:53,sell_purple_cry,紫色哭脸,live,no_hit,否,164161,purple_ratio_low,none,
RGTZ,3h,2026-03-08 16:12:53,sell_purple_exit,紫色卖出,shadow,no_hit,否,164161,template_miss,shadow,
RGTZ,4h,2026-03-08 16:13:17,buy_core,笑笑砖策略,live,no_hit,否,123121,pattern_not_met,none,
RGTZ,4h,2026-03-08 16:13:17,buy_plus_red_diamond,买+红砖石,shadow,no_hit,否,,red_ratio_low,shadow,
RGTZ,4h,2026-03-08 16:13:17,buy_purple_bottom,紫抄,shadow,no_hit,否,123121,template_miss,shadow,
RGTZ,4h,2026-03-08 16:13:17,sell_purple_cry,紫色哭脸,live,no_hit,否,123121,purple_ratio_low,none,
RGTZ,4h,2026-03-08 16:13:17,sell_purple_exit,紫色卖出,shadow,no_hit,否,123121,template_miss,shadow,
RKLB,1h,2026-03-08 16:14:28,buy_core,笑笑砖策略,live,no_hit,否,492487,pattern_not_met,none,
RKLB,1h,2026-03-08 16:14:28,buy_plus_red_diamond,买+红砖石,shadow,no_hit,否,,red_ratio_low,shadow,
RKLB,1h,2026-03-08 16:14:28,buy_purple_bottom,紫抄,shadow,no_hit,否,492487,template_miss,shadow,
RKLB,1h,2026-03-08 16:14:28,sell_purple_cry,紫色哭脸,live,no_hit,否,492487,template_miss,none,
RKLB,1h,2026-03-08 16:14:28,sell_purple_exit,紫色卖出,shadow,no_hit,否,492487,template_miss,shadow,
RKLB,2h,2026-03-08 16:15:07,buy_core,笑笑砖策略,live,no_hit,否,246243,pattern_not_met,none,
RKLB,2h,2026-03-08 16:15:07,buy_plus_red_diamond,买+红砖石,shadow,no_hit,否,,red_ratio_low,shadow,
RKLB,2h,2026-03-08 16:15:07,buy_purple_bottom,紫抄,shadow,no_hit,否,246243,template_miss,shadow,
RKLB,2h,2026-03-08 16:15:07,sell_purple_cry,紫色哭脸,live,no_hit,否,246243,already_active,none,
RKLB,2h,2026-03-08 16:15:07,sell_purple_exit,紫色卖出,shadow,no_hit,否,246243,template_miss,shadow,
RKLB,3h,2026-03-08 16:16:00,buy_core,笑笑砖策略,live,no_hit,否,164161,pattern_not_met,none,
RKLB,3h,2026-03-08 16:16:00,buy_plus_red_diamond,买+红砖石,shadow,no_hit,否,,red_ratio_low,shadow,
RKLB,3h,2026-03-08 16:16:00,buy_purple_bottom,紫抄,shadow,no_hit,否,164161,template_miss,shadow,
RKLB,3h,2026-03-08 16:16:00,sell_purple_cry,紫色哭脸,live,no_hit,否,164161,template_miss,none,
RKLB,3h,2026-03-08 16:16:00,sell_purple_exit,紫色卖出,shadow,no_hit,否,164161,template_miss,shadow,
RKLB,4h,2026-03-08 16:16:29,buy_core,笑笑砖策略,live,no_hit,否,123121,pattern_not_met,none,
RKLB,4h,2026-03-08 16:16:29,buy_plus_red_diamond,买+红砖石,shadow,no_hit,否,,red_ratio_low,shadow,
RKLB,4h,2026-03-08 16:16:29,buy_purple_bottom,紫抄,shadow,no_hit,否,123121,template_miss,shadow,
RKLB,4h,2026-03-08 16:16:29,sell_purple_cry,紫色哭脸,live,no_hit,否,123121,purple_ratio_low,none,
RKLB,4h,2026-03-08 16:16:29,sell_purple_exit,紫色卖出,shadow,no_hit,否,123121,template_miss,shadow,
RKLZ,1h,2026-03-08 16:17:01,buy_core,笑笑砖策略,live,no_hit,否,492487,pattern_not_met,none,
RKLZ,1h,2026-03-08 16:17:01,buy_plus_red_diamond,买+红砖石,shadow,no_hit,否,,red_ratio_low,shadow,
RKLZ,1h,2026-03-08 16:17:01,buy_purple_bottom,紫抄,shadow,no_hit,否,492487,template_miss,shadow,
RKLZ,1h,2026-03-08 16:17:01,sell_purple_cry,紫色哭脸,live,no_hit,否,492487,already_active,none,
RKLZ,1h,2026-03-08 16:17:01,sell_purple_exit,紫色卖出,shadow,no_hit,否,492487,template_miss,shadow,
RKLZ,2h,2026-03-08 16:17:35,buy_core,笑笑砖策略,live,no_hit,否,246243,pattern_not_met,none,
RKLZ,2h,2026-03-08 16:17:35,buy_plus_red_diamond,买+红砖石,shadow,no_hit,否,,red_ratio_low,shadow,
RKLZ,2h,2026-03-08 16:17:35,buy_purple_bottom,紫抄,shadow,no_hit,否,246243,template_miss,shadow,
RKLZ,2h,2026-03-08 16:17:35,sell_purple_cry,紫色哭脸,live,no_hit,否,246243,template_miss,none,
RKLZ,2h,2026-03-08 16:17:35,sell_purple_exit,紫色卖出,shadow,no_hit,否,246243,template_miss,shadow,
RKLZ,3h,2026-03-08 16:17:52,buy_core,笑笑砖策略,live,no_hit,否,164161,pattern_not_met,none,
RKLZ,3h,2026-03-08 16:17:52,buy_plus_red_diamond,买+红砖石,shadow,no_hit,否,,red_ratio_low,shadow,
RKLZ,3h,2026-03-08 16:17:52,buy_purple_bottom,紫抄,shadow,no_hit,否,164161,template_miss,shadow,
RKLZ,3h,2026-03-08 16:17:52,sell_purple_cry,紫色哭脸,live,no_hit,否,164161,already_active,none,
RKLZ,3h,2026-03-08 16:17:52,sell_purple_exit,紫色卖出,shadow,no_hit,否,164161,template_miss,shadow,
RKLZ,4h,2026-03-08 16:18:19,buy_core,笑笑砖策略,live,no_hit,否,123121,pattern_not_met,none,
RKLZ,4h,2026-03-08 16:18:19,buy_plus_red_diamond,买+红砖石,shadow,no_hit,否,,red_ratio_low,shadow,
RKLZ,4h,2026-03-08 16:18:19,buy_purple_bottom,紫抄,shadow,no_hit,否,123121,template_miss,shadow,
RKLZ,4h,2026-03-08 16:18:19,sell_purple_cry,紫色哭脸,live,no_hit,否,123121,already_active,none,
RKLZ,4h,2026-03-08 16:18:19,sell_purple_exit,紫色卖出,shadow,no_hit,否,123121,template_miss,shadow,
RZLV,1h,2026-03-08 16:19:23,buy_core,笑笑砖策略,live,no_hit,否,492487,pattern_not_met,none,
RZLV,1h,2026-03-08 16:19:23,buy_plus_red_diamond,买+红砖石,shadow,no_hit,否,,red_ratio_low,shadow,
RZLV,1h,2026-03-08 16:19:23,buy_purple_bottom,紫抄,shadow,no_hit,否,492487,template_miss,shadow,
RZLV,1h,2026-03-08 16:19:23,sell_purple_cry,紫色哭脸,live,no_hit,否,492487,template_miss,none,
RZLV,1h,2026-03-08 16:19:23,sell_purple_exit,紫色卖出,shadow,no_hit,否,492487,template_miss,shadow,
RZLV,2h,2026-03-08 16:20:10,buy_core,笑笑砖策略,live,no_hit,否,246243,pattern_not_met,none,
RZLV,2h,2026-03-08 16:20:10,buy_plus_red_diamond,买+红砖石,shadow,no_hit,否,,red_ratio_low,shadow,
RZLV,2h,2026-03-08 16:20:10,buy_purple_bottom,紫抄,shadow,no_hit,否,246243,template_miss,shadow,
RZLV,2h,2026-03-08 16:20:10,sell_purple_cry,紫色哭脸,live,no_hit,否,246243,template_miss,none,
RZLV,2h,2026-03-08 16:20:10,sell_purple_exit,紫色卖出,shadow,no_hit,否,246243,template_miss,shadow,
RZLV,3h,2026-03-08 16:20:27,buy_core,笑笑砖策略,live,no_hit,否,164161,pattern_not_met,none,
RZLV,3h,2026-03-08 16:20:27,buy_plus_red_diamond,买+红砖石,shadow,no_hit,否,,red_ratio_low,shadow,
RZLV,3h,2026-03-08 16:20:27,buy_purple_bottom,紫抄,shadow,no_hit,否,164161,template_miss,shadow,
RZLV,3h,2026-03-08 16:20:27,sell_purple_cry,紫色哭脸,live,no_hit,否,164161,already_active,none,
RZLV,3h,2026-03-08 16:20:27,sell_purple_exit,紫色卖出,shadow,no_hit,否,164161,template_miss,shadow,
RZLV,4h,2026-03-08 16:21:02,buy_core,笑笑砖策略,live,no_hit,否,123121,pattern_not_met,none,
RZLV,4h,2026-03-08 16:21:02,buy_plus_red_diamond,买+红砖石,shadow,no_hit,否,,red_ratio_low,shadow,
RZLV,4h,2026-03-08 16:21:02,buy_purple_bottom,紫抄,shadow,no_hit,否,123121,template_miss,shadow,
RZLV,4h,2026-03-08 16:21:02,sell_purple_cry,紫色哭脸,live,no_hit,否,123121,template_miss,none,
RZLV,4h,2026-03-08 16:21:02,sell_purple_exit,紫色卖出,shadow,no_hit,否,123121,template_miss,shadow,
SOXS,1h,2026-03-08 16:21:52,buy_core,笑笑砖策略,live,no_hit,否,492487,pattern_not_met,none,
SOXS,1h,2026-03-08 16:21:52,buy_plus_red_diamond,买+红砖石,shadow,no_hit,否,,red_ratio_low,shadow,
SOXS,1h,2026-03-08 16:21:52,buy_purple_bottom,紫抄,shadow,no_hit,否,492487,template_miss,shadow,
SOXS,1h,2026-03-08 16:21:52,sell_purple_cry,紫色哭脸,live,no_hit,否,492487,template_miss,none,
SOXS,1h,2026-03-08 16:21:52,sell_purple_exit,紫色卖出,shadow,no_hit,否,492487,template_miss,shadow,
SOXS,2h,2026-03-08 16:22:29,buy_core,笑笑砖策略,live,no_hit,否,246243,pattern_not_met,none,
SOXS,2h,2026-03-08 16:22:29,buy_plus_red_diamond,买+红砖石,shadow,no_hit,否,,red_ratio_low,shadow,
SOXS,2h,2026-03-08 16:22:29,buy_purple_bottom,紫抄,shadow,no_hit,否,246243,template_miss,shadow,
SOXS,2h,2026-03-08 16:22:29,sell_purple_cry,紫色哭脸,live,no_hit,否,246243,template_miss,none,
SOXS,2h,2026-03-08 16:22:29,sell_purple_exit,紫色卖出,shadow,no_hit,否,246243,template_miss,shadow,
SOXS,3h,2026-03-08 16:22:59,buy_core,笑笑砖策略,live,no_hit,否,164161,pattern_not_met,none,
SOXS,3h,2026-03-08 16:22:59,buy_plus_red_diamond,买+红砖石,shadow,no_hit,否,,red_ratio_low,shadow,
SOXS,3h,2026-03-08 16:22:59,buy_purple_bottom,紫抄,shadow,no_hit,否,164161,template_miss,shadow,
SOXS,3h,2026-03-08 16:22:59,sell_purple_cry,紫色哭脸,live,no_hit,否,164161,template_miss,none,
SOXS,3h,2026-03-08 16:22:59,sell_purple_exit,紫色卖出,shadow,no_hit,否,164161,template_miss,shadow,
SOXS,4h,2026-03-08 16:23:25,buy_core,笑笑砖策略,live,no_hit,否,123121,pattern_not_met,none,
SOXS,4h,2026-03-08 16:23:25,buy_plus_red_diamond,买+红砖石,shadow,no_hit,否,,red_ratio_low,shadow,
SOXS,4h,2026-03-08 16:23:25,buy_purple_bottom,紫抄,shadow,no_hit,否,123121,template_miss,shadow,
SOXS,4h,2026-03-08 16:23:25,sell_purple_cry,紫色哭脸,live,no_hit,否,123121,purple_ratio_low,none,
SOXS,4h,2026-03-08 16:23:25,sell_purple_exit,紫色卖出,shadow,no_hit,否,123121,template_miss,shadow,
STM,1h,2026-03-08 16:24:09,buy_core,笑笑砖策略,live,no_hit,否,492487,pattern_not_met,none,
STM,1h,2026-03-08 16:24:09,buy_plus_red_diamond,买+红砖石,shadow,no_hit,否,,red_ratio_low,shadow,
STM,1h,2026-03-08 16:24:09,buy_purple_bottom,紫抄,shadow,no_hit,否,492487,template_miss,shadow,
STM,1h,2026-03-08 16:24:09,sell_purple_cry,紫色哭脸,live,no_hit,否,492487,template_miss,none,
STM,1h,2026-03-08 16:24:09,sell_purple_exit,紫色卖出,shadow,no_hit,否,492487,template_miss,shadow,
STM,2h,2026-03-08 16:24:39,buy_core,笑笑砖策略,live,no_hit,否,246243,pattern_not_met,none,
STM,2h,2026-03-08 16:24:39,buy_plus_red_diamond,买+红砖石,shadow,no_hit,否,,red_ratio_low,shadow,
STM,2h,2026-03-08 16:24:39,buy_purple_bottom,紫抄,shadow,no_hit,否,246243,template_miss,shadow,
STM,2h,2026-03-08 16:24:39,sell_purple_cry,紫色哭脸,live,no_hit,否,246243,template_miss,none,
STM,2h,2026-03-08 16:24:39,sell_purple_exit,紫色卖出,shadow,no_hit,否,246243,template_miss,shadow,
STM,3h,2026-03-08 16:25:39,buy_core,笑笑砖策略,live,no_hit,否,164161,pattern_not_met,none,
STM,3h,2026-03-08 16:25:39,buy_plus_red_diamond,买+红砖石,shadow,no_hit,否,,red_ratio_low,shadow,
STM,3h,2026-03-08 16:25:39,buy_purple_bottom,紫抄,shadow,no_hit,否,164161,template_miss,shadow,
STM,3h,2026-03-08 16:25:39,sell_purple_cry,紫色哭脸,live,no_hit,否,164161,template_miss,none,
STM,3h,2026-03-08 16:25:39,sell_purple_exit,紫色卖出,shadow,no_hit,否,164161,template_miss,shadow,
STM,4h,2026-03-08 16:26:56,buy_core,笑笑砖策略,live,no_hit,否,123121,pattern_not_met,none,
STM,4h,2026-03-08 16:26:56,buy_plus_red_diamond,买+红砖石,shadow,no_hit,否,,red_ratio_low,shadow,
STM,4h,2026-03-08 16:26:56,buy_purple_bottom,紫抄,shadow,no_hit,否,123121,template_miss,shadow,
STM,4h,2026-03-08 16:26:56,sell_purple_cry,紫色哭脸,live,no_hit,否,123121,template_miss,none,
STM,4h,2026-03-08 16:26:56,sell_purple_exit,紫色卖出,shadow,no_hit,否,123121,template_miss,shadow,
TSLA,1h,2026-03-08 16:27:26,buy_core,笑笑砖策略,live,no_hit,否,492487,pattern_not_met,none,
TSLA,1h,2026-03-08 16:27:26,buy_plus_red_diamond,买+红砖石,shadow,no_hit,否,,template_miss,shadow,
TSLA,1h,2026-03-08 16:27:26,buy_purple_bottom,紫抄,shadow,no_hit,否,492487,template_miss,shadow,
TSLA,1h,2026-03-08 16:27:26,sell_purple_cry,紫色哭脸,live,no_hit,否,492487,template_miss,none,
TSLA,1h,2026-03-08 16:27:26,sell_purple_exit,紫色卖出,shadow,no_hit,否,492487,template_miss,shadow,
TSLA,2h,2026-03-08 16:28:03,buy_core,笑笑砖策略,live,no_hit,否,246243,pattern_not_met,none,
TSLA,2h,2026-03-08 16:28:03,buy_plus_red_diamond,买+红砖石,shadow,no_hit,否,,red_ratio_low,shadow,
TSLA,2h,2026-03-08 16:28:03,buy_purple_bottom,紫抄,shadow,no_hit,否,246243,template_miss,shadow,
TSLA,2h,2026-03-08 16:28:03,sell_purple_cry,紫色哭脸,live,no_hit,否,246243,template_miss,none,
TSLA,2h,2026-03-08 16:28:03,sell_purple_exit,紫色卖出,shadow,no_hit,否,246243,template_miss,shadow,
TSLA,3h,2026-03-08 16:28:34,buy_core,笑笑砖策略,live,no_hit,否,164161,pattern_not_met,none,
TSLA,3h,2026-03-08 16:28:34,buy_plus_red_diamond,买+红砖石,shadow,no_hit,否,,template_miss,shadow,
TSLA,3h,2026-03-08 16:28:34,buy_purple_bottom,紫抄,shadow,no_hit,否,164161,template_miss,shadow,
TSLA,3h,2026-03-08 16:28:34,sell_purple_cry,紫色哭脸,live,no_hit,否,164161,template_miss,none,
TSLA,3h,2026-03-08 16:28:34,sell_purple_exit,紫色卖出,shadow,no_hit,否,164161,template_miss,shadow,
TSLA,4h,2026-03-08 16:29:09,buy_core,笑笑砖策略,live,no_hit,否,123121,pattern_not_met,none,
TSLA,4h,2026-03-08 16:29:09,buy_plus_red_diamond,买+红砖石,shadow,no_hit,否,,red_ratio_low,shadow,
TSLA,4h,2026-03-08 16:29:09,buy_purple_bottom,紫抄,shadow,no_hit,否,123121,template_miss,shadow,
TSLA,4h,2026-03-08 16:29:09,sell_purple_cry,紫色哭脸,live,no_hit,否,123121,template_miss,none,
TSLA,4h,2026-03-08 16:29:09,sell_purple_exit,紫色卖出,shadow,no_hit,否,123121,template_miss,shadow,
TSLQ,1h,2026-03-08 16:29:59,buy_core,笑笑砖策略,live,no_hit,否,492487,pattern_not_met,none,
TSLQ,1h,2026-03-08 16:29:59,buy_plus_red_diamond,买+红砖石,shadow,no_hit,否,,template_miss,shadow,
TSLQ,1h,2026-03-08 16:29:59,buy_purple_bottom,紫抄,shadow,no_hit,否,492487,template_miss,shadow,
TSLQ,1h,2026-03-08 16:29:59,sell_purple_cry,紫色哭脸,live,no_hit,否,492487,template_miss,none,
TSLQ,1h,2026-03-08 16:29:59,sell_purple_exit,紫色卖出,shadow,no_hit,否,492487,template_miss,shadow,
TSLQ,2h,2026-03-08 16:30:45,buy_core,笑笑砖策略,live,no_hit,否,246243,pattern_not_met,none,
TSLQ,2h,2026-03-08 16:30:45,buy_plus_red_diamond,买+红砖石,shadow,no_hit,否,,red_ratio_low,shadow,
TSLQ,2h,2026-03-08 16:30:45,buy_purple_bottom,紫抄,shadow,no_hit,否,246243,template_miss,shadow,
TSLQ,2h,2026-03-08 16:30:45,sell_purple_cry,紫色哭脸,live,no_hit,否,246243,template_miss,none,
TSLQ,2h,2026-03-08 16:30:45,sell_purple_exit,紫色卖出,shadow,no_hit,否,246243,template_miss,shadow,
TSLQ,3h,2026-03-08 16:31:31,buy_core,笑笑砖策略,live,no_hit,否,164161,pattern_not_met,none,
TSLQ,3h,2026-03-08 16:31:31,buy_plus_red_diamond,买+红砖石,shadow,no_hit,否,,red_ratio_low,shadow,
TSLQ,3h,2026-03-08 16:31:31,buy_purple_bottom,紫抄,shadow,no_hit,否,164161,template_miss,shadow,
TSLQ,3h,2026-03-08 16:31:31,sell_purple_cry,紫色哭脸,live,no_hit,否,164161,template_miss,none,
TSLQ,3h,2026-03-08 16:31:31,sell_purple_exit,紫色卖出,shadow,no_hit,否,164161,template_miss,shadow,
TSLQ,4h,2026-03-08 16:32:14,buy_core,笑笑砖策略,live,no_hit,否,123121,pattern_not_met,none,
TSLQ,4h,2026-03-08 16:32:14,buy_plus_red_diamond,买+红砖石,shadow,no_hit,否,,red_ratio_low,shadow,
TSLQ,4h,2026-03-08 16:32:14,buy_purple_bottom,紫抄,shadow,no_hit,否,123121,template_miss,shadow,
TSLQ,4h,2026-03-08 16:32:14,sell_purple_cry,紫色哭脸,live,no_hit,否,123121,template_miss,none,
TSLQ,4h,2026-03-08 16:32:14,sell_purple_exit,紫色卖出,shadow,no_hit,否,123121,template_miss,shadow,
UVIX,1h,2026-03-08 16:32:45,buy_core,笑笑砖策略,live,no_hit,否,492487,pattern_not_met,none,
UVIX,1h,2026-03-08 16:32:45,buy_plus_red_diamond,买+红砖石,shadow,no_hit,否,,red_ratio_low,shadow,
UVIX,1h,2026-03-08 16:32:45,buy_purple_bottom,紫抄,shadow,no_hit,否,492487,template_miss,shadow,
UVIX,1h,2026-03-08 16:32:45,sell_purple_cry,紫色哭脸,live,no_hit,否,492487,template_miss,none,
UVIX,1h,2026-03-08 16:32:45,sell_purple_exit,紫色卖出,shadow,no_hit,否,492487,template_miss,shadow,
UVIX,2h,2026-03-08 16:33:15,buy_core,笑笑砖策略,live,no_hit,否,246243,pattern_not_met,none,
UVIX,2h,2026-03-08 16:33:15,buy_plus_red_diamond,买+红砖石,shadow,no_hit,否,,red_ratio_low,shadow,
UVIX,2h,2026-03-08 16:33:15,buy_purple_bottom,紫抄,shadow,no_hit,否,246243,template_miss,shadow,
UVIX,2h,2026-03-08 16:33:15,sell_purple_cry,紫色哭脸,live,no_hit,否,246243,template_miss,none,
UVIX,2h,2026-03-08 16:33:15,sell_purple_exit,紫色卖出,shadow,no_hit,否,246243,template_miss,shadow,
UVIX,3h,2026-03-08 16:33:51,buy_core,笑笑砖策略,live,no_hit,否,164161,pattern_not_met,none,
UVIX,3h,2026-03-08 16:33:51,buy_plus_red_diamond,买+红砖石,shadow,no_hit,否,,red_ratio_low,shadow,
UVIX,3h,2026-03-08 16:33:51,buy_purple_bottom,紫抄,shadow,no_hit,否,164161,template_miss,shadow,
UVIX,3h,2026-03-08 16:33:51,sell_purple_cry,紫色哭脸,live,no_hit,否,164161,template_miss,none,
UVIX,3h,2026-03-08 16:33:51,sell_purple_exit,紫色卖出,shadow,no_hit,否,164161,template_miss,shadow,
UVIX,4h,2026-03-08 16:34:16,buy_core,笑笑砖策略,live,no_hit,否,123121,pattern_not_met,none,
UVIX,4h,2026-03-08 16:34:16,buy_plus_red_diamond,买+红砖石,shadow,no_hit,否,,red_ratio_low,shadow,
UVIX,4h,2026-03-08 16:34:16,buy_purple_bottom,紫抄,shadow,no_hit,否,123121,template_miss,shadow,
UVIX,4h,2026-03-08 16:34:16,sell_purple_cry,紫色哭脸,live,no_hit,否,123121,purple_ratio_low,none,
UVIX,4h,2026-03-08 16:34:16,sell_purple_exit,紫色卖出,shadow,no_hit,否,123121,template_miss,shadow,
WDC,1h,2026-03-08 16:34:44,buy_core,笑笑砖策略,live,no_hit,否,492487,pattern_not_met,none,
WDC,1h,2026-03-08 16:34:44,buy_plus_red_diamond,买+红砖石,shadow,no_hit,否,,red_ratio_low,shadow,
WDC,1h,2026-03-08 16:34:44,buy_purple_bottom,紫抄,shadow,no_hit,否,492487,template_miss,shadow,
WDC,1h,2026-03-08 16:34:44,sell_purple_cry,紫色哭脸,live,no_hit,否,492487,template_miss,none,
WDC,1h,2026-03-08 16:34:44,sell_purple_exit,紫色卖出,shadow,no_hit,否,492487,template_miss,shadow,
WDC,2h,2026-03-08 16:35:14,buy_core,笑笑砖策略,live,no_hit,否,246243,pattern_not_met,none,
WDC,2h,2026-03-08 16:35:14,buy_plus_red_diamond,买+红砖石,shadow,no_hit,否,,red_ratio_low,shadow,
WDC,2h,2026-03-08 16:35:14,buy_purple_bottom,紫抄,shadow,no_hit,否,246243,template_miss,shadow,
WDC,2h,2026-03-08 16:35:14,sell_purple_cry,紫色哭脸,live,no_hit,否,246243,template_miss,none,
WDC,2h,2026-03-08 16:35:14,sell_purple_exit,紫色卖出,shadow,no_hit,否,246243,template_miss,shadow,
WDC,3h,2026-03-08 16:35:44,buy_core,笑笑砖策略,live,no_hit,否,164161,pattern_not_met,none,
WDC,3h,2026-03-08 16:35:44,buy_plus_red_diamond,买+红砖石,shadow,no_hit,否,,red_ratio_low,shadow,
WDC,3h,2026-03-08 16:35:44,buy_purple_bottom,紫抄,shadow,no_hit,否,164161,template_miss,shadow,
WDC,3h,2026-03-08 16:35:44,sell_purple_cry,紫色哭脸,live,no_hit,否,164161,template_miss,none,
WDC,3h,2026-03-08 16:35:44,sell_purple_exit,紫色卖出,shadow,no_hit,否,164161,template_miss,shadow,
WDC,4h,2026-03-08 16:36:56,buy_core,笑笑砖策略,live,no_hit,否,123121,pattern_not_met,none,
WDC,4h,2026-03-08 16:36:56,buy_plus_red_diamond,买+红砖石,shadow,no_hit,否,,template_miss,shadow,
WDC,4h,2026-03-08 16:36:56,buy_purple_bottom,紫抄,shadow,no_hit,否,123121,template_miss,shadow,
WDC,4h,2026-03-08 16:36:56,sell_purple_cry,紫色哭脸,live,no_hit,否,123121,template_miss,none,
WDC,4h,2026-03-08 16:36:56,sell_purple_exit,紫色卖出,shadow,no_hit,否,123121,template_miss,shadow,
ZSL,1h,2026-03-08 16:37:28,buy_core,笑笑砖策略,live,no_hit,否,492487,pattern_not_met,none,
ZSL,1h,2026-03-08 16:37:28,buy_plus_red_diamond,买+红砖石,shadow,no_hit,否,,template_miss,shadow,
ZSL,1h,2026-03-08 16:37:28,buy_purple_bottom,紫抄,shadow,no_hit,否,492487,template_miss,shadow,
ZSL,1h,2026-03-08 16:37:28,sell_purple_cry,紫色哭脸,live,no_hit,否,492487,template_miss,none,
ZSL,1h,2026-03-08 16:37:28,sell_purple_exit,紫色卖出,shadow,no_hit,否,492487,template_miss,shadow,
ZSL,2h,2026-03-08 16:38:19,buy_core,笑笑砖策略,live,no_hit,否,246243,pattern_not_met,none,
ZSL,2h,2026-03-08 16:38:19,buy_plus_red_diamond,买+红砖石,shadow,no_hit,否,,red_ratio_low,shadow,
ZSL,2h,2026-03-08 16:38:19,buy_purple_bottom,紫抄,shadow,no_hit,否,246243,template_miss,shadow,
ZSL,2h,2026-03-08 16:38:19,sell_purple_cry,紫色哭脸,live,no_hit,否,246243,purple_ratio_low,none,
ZSL,2h,2026-03-08 16:38:19,sell_purple_exit,紫色卖出,shadow,no_hit,否,246243,template_miss,shadow,
ZSL,3h,2026-03-08 16:39:43,buy_core,笑笑砖策略,live,no_hit,否,164161,pattern_not_met,none,
ZSL,3h,2026-03-08 16:39:43,buy_plus_red_diamond,买+红砖石,shadow,no_hit,否,,red_ratio_low,shadow,
ZSL,3h,2026-03-08 16:39:43,buy_purple_bottom,紫抄,shadow,no_hit,否,164161,template_miss,shadow,
ZSL,3h,2026-03-08 16:39:43,sell_purple_cry,紫色哭脸,live,no_hit,否,164161,template_miss,none,
ZSL,3h,2026-03-08 16:39:43,sell_purple_exit,紫色卖出,shadow,no_hit,否,164161,template_miss,shadow,
ZSL,4h,2026-03-08 16:41:08,buy_core,笑笑砖策略,live,no_hit,否,123121,pattern_not_met,none,
ZSL,4h,2026-03-08 16:41:08,buy_plus_red_diamond,买+红砖石,shadow,no_hit,否,,red_ratio_low,shadow,
ZSL,4h,2026-03-08 16:41:08,buy_purple_bottom,紫抄,shadow,no_hit,否,123121,template_miss,shadow,
ZSL,4h,2026-03-08 16:41:08,sell_purple_cry,紫色哭脸,live,no_hit,否,123121,template_miss,none,
ZSL,4h,2026-03-08 16:41:08,sell_purple_exit,紫色卖出,shadow,no_hit,否,123121,template_miss,shadow,
BILI,1h,2026-03-08 17:00:35,buy_core,笑笑砖策略,live,no_hit,否,492487,pattern_not_met,none,
BILI,1h,2026-03-08 17:00:35,buy_plus_red_diamond,买+红砖石,shadow,no_hit,否,,red_ratio_low,shadow,
BILI,1h,2026-03-08 17:00:35,buy_purple_bottom,紫抄,shadow,no_hit,否,492487,template_miss,shadow,
BILI,1h,2026-03-08 17:00:35,sell_purple_cry,紫色哭脸,live,no_hit,否,492487,template_miss,none,
BILI,1h,2026-03-08 17:00:35,sell_purple_exit,紫色卖出,shadow,no_hit,否,492487,template_miss,shadow,
BILI,2h,2026-03-08 17:01:51,buy_core,笑笑砖策略,live,no_hit,否,246243,pattern_not_met,none,
BILI,2h,2026-03-08 17:01:51,buy_plus_red_diamond,买+红砖石,shadow,no_hit,否,,template_miss,shadow,
BILI,2h,2026-03-08 17:01:51,buy_purple_bottom,紫抄,shadow,no_hit,否,246243,template_miss,shadow,
BILI,2h,2026-03-08 17:01:51,sell_purple_cry,紫色哭脸,live,no_hit,否,246243,template_miss,none,
BILI,2h,2026-03-08 17:01:51,sell_purple_exit,紫色卖出,shadow,no_hit,否,246243,template_miss,shadow,
BILI,3h,2026-03-08 17:03:06,buy_core,笑笑砖策略,live,no_hit,否,164162,pattern_not_met,none,
BILI,3h,2026-03-08 17:03:06,buy_plus_red_diamond,买+红砖石,shadow,no_hit,否,,template_miss,shadow,
BILI,3h,2026-03-08 17:03:06,buy_purple_bottom,紫抄,shadow,no_hit,否,164162,template_miss,shadow,
BILI,3h,2026-03-08 17:03:06,sell_purple_cry,紫色哭脸,live,no_hit,否,164162,template_miss,none,
BILI,3h,2026-03-08 17:03:06,sell_purple_exit,紫色卖出,shadow,no_hit,否,164162,template_miss,shadow,
BILI,4h,2026-03-08 17:04:38,buy_core,笑笑砖策略,live,no_hit,否,123121,pattern_not_met,none,
BILI,4h,2026-03-08 17:04:38,buy_plus_red_diamond,买+红砖石,shadow,no_hit,否,,red_ratio_low,shadow,
BILI,4h,2026-03-08 17:04:38,buy_purple_bottom,紫抄,shadow,no_hit,否,123121,template_miss,shadow,
BILI,4h,2026-03-08 17:04:38,sell_purple_cry,紫色哭脸,live,no_hit,否,123121,template_miss,none,
BILI,4h,2026-03-08 17:04:38,sell_purple_exit,紫色卖出,shadow,no_hit,否,123121,template_miss,shadow,
CONI,1h,2026-03-08 17:05:39,buy_core,笑笑砖策略,live,no_hit,否,492488,pattern_not_met,none,
CONI,1h,2026-03-08 17:05:39,buy_plus_red_diamond,买+红砖石,shadow,no_hit,否,,red_ratio_low,shadow,
CONI,1h,2026-03-08 17:05:39,buy_purple_bottom,紫抄,shadow,no_hit,否,492488,template_miss,shadow,
CONI,1h,2026-03-08 17:05:39,sell_purple_cry,紫色哭脸,live,no_hit,否,492488,template_miss,none,
CONI,1h,2026-03-08 17:05:39,sell_purple_exit,紫色卖出,shadow,no_hit,否,492488,template_miss,shadow,
CONI,2h,2026-03-08 17:06:30,buy_core,笑笑砖策略,live,no_hit,否,246243,pattern_not_met,none,
CONI,2h,2026-03-08 17:06:30,buy_plus_red_diamond,买+红砖石,shadow,no_hit,否,,red_ratio_low,shadow,
CONI,2h,2026-03-08 17:06:30,buy_purple_bottom,紫抄,shadow,no_hit,否,246243,template_miss,shadow,
CONI,2h,2026-03-08 17:06:30,sell_purple_cry,紫色哭脸,live,no_hit,否,246243,already_active,none,
CONI,2h,2026-03-08 17:06:30,sell_purple_exit,紫色卖出,shadow,no_hit,否,246243,template_miss,shadow,
CONI,3h,2026-03-08 17:07:14,buy_core,笑笑砖策略,live,no_hit,否,164162,pattern_not_met,none,
CONI,3h,2026-03-08 17:07:14,buy_plus_red_diamond,买+红砖石,shadow,no_hit,否,,red_ratio_low,shadow,
CONI,3h,2026-03-08 17:07:14,buy_purple_bottom,紫抄,shadow,no_hit,否,164162,template_miss,shadow,
CONI,3h,2026-03-08 17:07:14,sell_purple_cry,紫色哭脸,live,no_hit,否,164162,already_active,none,
CONI,3h,2026-03-08 17:07:14,sell_purple_exit,紫色卖出,shadow,no_hit,否,164162,template_miss,shadow,
CONI,4h,2026-03-08 17:08:39,buy_core,笑笑砖策略,live,no_hit,否,123121,pattern_not_met,none,
CONI,4h,2026-03-08 17:08:39,buy_plus_red_diamond,买+红砖石,shadow,no_hit,否,,red_ratio_low,shadow,
CONI,4h,2026-03-08 17:08:39,buy_purple_bottom,紫抄,shadow,no_hit,否,123121,template_miss,shadow,
CONI,4h,2026-03-08 17:08:39,sell_purple_cry,紫色哭脸,live,no_hit,否,123121,template_miss,none,
CONI,4h,2026-03-08 17:08:39,sell_purple_exit,紫色卖出,shadow,no_hit,否,123121,template_miss,shadow,
CORD,1h,2026-03-08 17:09:18,buy_core,笑笑砖策略,live,no_hit,否,492488,pattern_not_met,none,
CORD,1h,2026-03-08 17:09:18,buy_plus_red_diamond,买+红砖石,shadow,no_hit,否,,red_ratio_low,shadow,
CORD,1h,2026-03-08 17:09:18,buy_purple_bottom,紫抄,shadow,no_hit,否,492488,template_miss,shadow,
CORD,1h,2026-03-08 17:09:18,sell_purple_cry,紫色哭脸,live,no_hit,否,492488,template_miss,none,
CORD,1h,2026-03-08 17:09:18,sell_purple_exit,紫色卖出,shadow,no_hit,否,492488,template_miss,shadow,
CORD,2h,2026-03-08 17:10:05,buy_core,笑笑砖策略,live,no_hit,否,246243,pattern_not_met,none,
CORD,2h,2026-03-08 17:10:05,buy_plus_red_diamond,买+红砖石,shadow,no_hit,否,,red_ratio_low,shadow,
CORD,2h,2026-03-08 17:10:05,buy_purple_bottom,紫抄,shadow,no_hit,否,246243,template_miss,shadow,
CORD,2h,2026-03-08 17:10:05,sell_purple_cry,紫色哭脸,live,no_hit,否,246243,purple_ratio_low,none,
CORD,2h,2026-03-08 17:10:05,sell_purple_exit,紫色卖出,shadow,no_hit,否,246243,template_miss,shadow,
CORD,3h,2026-03-08 17:10:49,buy_core,笑笑砖策略,live,no_hit,否,164162,pattern_not_met,none,
CORD,3h,2026-03-08 17:10:49,buy_plus_red_diamond,买+红砖石,shadow,no_hit,否,,red_ratio_low,shadow,
CORD,3h,2026-03-08 17:10:49,buy_purple_bottom,紫抄,shadow,no_hit,否,164162,template_miss,shadow,
CORD,3h,2026-03-08 17:10:49,sell_purple_cry,紫色哭脸,live,no_hit,否,164162,already_active,none,
CORD,3h,2026-03-08 17:10:49,sell_purple_exit,紫色卖出,shadow,no_hit,否,164162,template_miss,shadow,
CORD,4h,2026-03-08 17:11:40,buy_core,笑笑砖策略,live,no_hit,否,123121,pattern_not_met,none,
CORD,4h,2026-03-08 17:11:40,buy_plus_red_diamond,买+红砖石,shadow,no_hit,否,,red_ratio_low,shadow,
CORD,4h,2026-03-08 17:11:40,buy_purple_bottom,紫抄,shadow,no_hit,否,123121,template_miss,shadow,
CORD,4h,2026-03-08 17:11:40,sell_purple_cry,紫色哭脸,live,no_hit,否,123121,already_active,none,
CORD,4h,2026-03-08 17:11:40,sell_purple_exit,紫色卖出,shadow,no_hit,否,123121,template_miss,shadow,
CRCD,1h,2026-03-08 17:12:26,buy_core,笑笑砖策略,live,no_hit,否,492488,pattern_not_met,none,
CRCD,1h,2026-03-08 17:12:26,buy_plus_red_diamond,买+红砖石,shadow,no_hit,否,,template_miss,shadow,
CRCD,1h,2026-03-08 17:12:26,buy_purple_bottom,紫抄,shadow,no_hit,否,492488,template_miss,shadow,
CRCD,1h,2026-03-08 17:12:26,sell_purple_cry,紫色哭脸,live,no_hit,否,492488,template_miss,none,
CRCD,1h,2026-03-08 17:12:26,sell_purple_exit,紫色卖出,shadow,no_hit,否,492488,template_miss,shadow,
CRCD,2h,2026-03-08 17:13:25,buy_core,笑笑砖策略,live,no_hit,否,246243,pattern_not_met,none,
CRCD,2h,2026-03-08 17:13:25,buy_plus_red_diamond,买+红砖石,shadow,no_hit,否,,red_ratio_low,shadow,
CRCD,2h,2026-03-08 17:13:25,buy_purple_bottom,紫抄,shadow,no_hit,否,246243,template_miss,shadow,
CRCD,2h,2026-03-08 17:13:25,sell_purple_cry,紫色哭脸,live,no_hit,否,246243,already_active,none,
CRCD,2h,2026-03-08 17:13:25,sell_purple_exit,紫色卖出,shadow,no_hit,否,246243,template_miss,shadow,
CRCD,3h,2026-03-08 17:14:25,buy_core,笑笑砖策略,live,no_hit,否,164162,pattern_not_met,none,
CRCD,3h,2026-03-08 17:14:25,buy_plus_red_diamond,买+红砖石,shadow,no_hit,否,,red_ratio_low,shadow,
CRCD,3h,2026-03-08 17:14:25,buy_purple_bottom,紫抄,shadow,no_hit,否,164162,template_miss,shadow,
CRCD,3h,2026-03-08 17:14:25,sell_purple_cry,紫色哭脸,live,no_hit,否,164162,already_active,none,
CRCD,3h,2026-03-08 17:14:25,sell_purple_exit,紫色卖出,shadow,no_hit,否,164162,template_miss,shadow,
CRCD,4h,2026-03-08 17:15:37,buy_core,笑笑砖策略,live,no_hit,否,123121,pattern_not_met,none,
CRCD,4h,2026-03-08 17:15:37,buy_plus_red_diamond,买+红砖石,shadow,no_hit,否,,red_ratio_low,shadow,
CRCD,4h,2026-03-08 17:15:37,buy_purple_bottom,紫抄,shadow,no_hit,否,123121,template_miss,shadow,
CRCD,4h,2026-03-08 17:15:37,sell_purple_cry,紫色哭脸,live,no_hit,否,123121,template_miss,none,
CRCD,4h,2026-03-08 17:15:37,sell_purple_exit,紫色卖出,shadow,no_hit,否,123121,template_miss,shadow,
CRCL,1h,2026-03-08 17:17:07,buy_core,笑笑砖策略,live,no_hit,否,492488,pattern_not_met,none,
CRCL,1h,2026-03-08 17:17:07,buy_plus_red_diamond,买+红砖石,shadow,no_hit,否,,red_ratio_low,shadow,
CRCL,1h,2026-03-08 17:17:07,buy_purple_bottom,紫抄,shadow,no_hit,否,492488,template_miss,shadow,
CRCL,1h,2026-03-08 17:17:07,sell_purple_cry,紫色哭脸,live,no_hit,否,492488,template_miss,none,
CRCL,1h,2026-03-08 17:17:07,sell_purple_exit,紫色卖出,shadow,no_hit,否,492488,template_miss,shadow,
CRCL,2h,2026-03-08 17:18:20,buy_core,笑笑砖策略,live,no_hit,否,246243,pattern_not_met,none,
CRCL,2h,2026-03-08 17:18:20,buy_plus_red_diamond,买+红砖石,shadow,no_hit,否,,red_ratio_low,shadow,
CRCL,2h,2026-03-08 17:18:20,buy_purple_bottom,紫抄,shadow,no_hit,否,246243,template_miss,shadow,
CRCL,2h,2026-03-08 17:18:20,sell_purple_cry,紫色哭脸,live,no_hit,否,246243,template_miss,none,
CRCL,2h,2026-03-08 17:18:20,sell_purple_exit,紫色卖出,shadow,no_hit,否,246243,template_miss,shadow,
CRCL,3h,2026-03-08 17:19:30,buy_core,笑笑砖策略,live,no_hit,否,164162,pattern_not_met,none,
CRCL,3h,2026-03-08 17:19:30,buy_plus_red_diamond,买+红砖石,shadow,no_hit,否,,red_ratio_low,shadow,
CRCL,3h,2026-03-08 17:19:30,buy_purple_bottom,紫抄,shadow,no_hit,否,164162,template_miss,shadow,
CRCL,3h,2026-03-08 17:19:30,sell_purple_cry,紫色哭脸,live,no_hit,否,164162,template_miss,none,
CRCL,3h,2026-03-08 17:19:30,sell_purple_exit,紫色卖出,shadow,no_hit,否,164162,template_miss,shadow,
CRCL,4h,2026-03-08 17:20:12,buy_core,笑笑砖策略,live,no_hit,否,123121,pattern_not_met,none,
CRCL,4h,2026-03-08 17:20:12,buy_plus_red_diamond,买+红砖石,shadow,no_hit,否,,red_ratio_low,shadow,
CRCL,4h,2026-03-08 17:20:12,buy_purple_bottom,紫抄,shadow,no_hit,否,123121,template_miss,shadow,
CRCL,4h,2026-03-08 17:20:12,sell_purple_cry,紫色哭脸,live,no_hit,否,123121,already_active,none,
CRCL,4h,2026-03-08 17:20:12,sell_purple_exit,紫色卖出,shadow,no_hit,否,123121,template_miss,shadow,
CRDO,1h,2026-03-08 17:20:42,buy_core,笑笑砖策略,live,no_hit,否,492488,pattern_not_met,none,
CRDO,1h,2026-03-08 17:20:42,buy_plus_red_diamond,买+红砖石,shadow,no_hit,否,,red_ratio_low,shadow,
CRDO,1h,2026-03-08 17:20:42,buy_purple_bottom,紫抄,shadow,no_hit,否,492488,template_miss,shadow,
CRDO,1h,2026-03-08 17:20:42,sell_purple_cry,紫色哭脸,live,no_hit,否,492488,template_miss,none,
CRDO,1h,2026-03-08 17:20:42,sell_purple_exit,紫色卖出,shadow,no_hit,否,492488,template_miss,shadow,
CRDO,2h,2026-03-08 17:21:14,buy_core,笑笑砖策略,live,no_hit,否,246243,pattern_not_met,none,
CRDO,2h,2026-03-08 17:21:14,buy_plus_red_diamond,买+红砖石,shadow,no_hit,否,,red_ratio_low,shadow,
CRDO,2h,2026-03-08 17:21:14,buy_purple_bottom,紫抄,shadow,no_hit,否,246243,template_miss,shadow,
CRDO,2h,2026-03-08 17:21:14,sell_purple_cry,紫色哭脸,live,no_hit,否,246243,template_miss,none,
CRDO,2h,2026-03-08 17:21:14,sell_purple_exit,紫色卖出,shadow,no_hit,否,246243,template_miss,shadow,
CRDO,3h,2026-03-08 17:22:29,buy_core,笑笑砖策略,live,no_hit,否,164162,pattern_not_met,none,
CRDO,3h,2026-03-08 17:22:29,buy_plus_red_diamond,买+红砖石,shadow,no_hit,否,,red_ratio_low,shadow,
CRDO,3h,2026-03-08 17:22:29,buy_purple_bottom,紫抄,shadow,no_hit,否,164162,template_miss,shadow,
CRDO,3h,2026-03-08 17:22:29,sell_purple_cry,紫色哭脸,live,no_hit,否,164162,template_miss,none,
CRDO,3h,2026-03-08 17:22:29,sell_purple_exit,紫色卖出,shadow,no_hit,否,164162,template_miss,shadow,
CRDO,4h,2026-03-08 17:22:57,buy_core,笑笑砖策略,live,no_hit,否,123121,pattern_not_met,none,
CRDO,4h,2026-03-08 17:22:57,buy_plus_red_diamond,买+红砖石,shadow,no_hit,否,,red_ratio_low,shadow,
CRDO,4h,2026-03-08 17:22:57,buy_purple_bottom,紫抄,shadow,no_hit,否,123121,template_miss,shadow,
CRDO,4h,2026-03-08 17:22:57,sell_purple_cry,紫色哭脸,live,no_hit,否,123121,template_miss,none,
CRDO,4h,2026-03-08 17:22:57,sell_purple_exit,紫色卖出,shadow,no_hit,否,123121,template_miss,shadow,
CRML,1h,2026-03-08 17:23:16,buy_core,笑笑砖策略,live,no_hit,否,492488,pattern_not_met,none,
CRML,1h,2026-03-08 17:23:16,buy_plus_red_diamond,买+红砖石,shadow,no_hit,否,,red_ratio_low,shadow,
CRML,1h,2026-03-08 17:23:16,buy_purple_bottom,紫抄,shadow,no_hit,否,492488,template_miss,shadow,
CRML,1h,2026-03-08 17:23:16,sell_purple_cry,紫色哭脸,live,no_hit,否,492488,template_miss,none,
CRML,1h,2026-03-08 17:23:16,sell_purple_exit,紫色卖出,shadow,no_hit,否,492488,template_miss,shadow,
CRML,2h,2026-03-08 17:23:37,buy_core,笑笑砖策略,live,no_hit,否,246243,pattern_not_met,none,
CRML,2h,2026-03-08 17:23:37,buy_plus_red_diamond,买+红砖石,shadow,no_hit,否,,red_ratio_low,shadow,
CRML,2h,2026-03-08 17:23:37,buy_purple_bottom,紫抄,shadow,no_hit,否,246243,template_miss,shadow,
CRML,2h,2026-03-08 17:23:37,sell_purple_cry,紫色哭脸,live,no_hit,否,246243,template_miss,none,
CRML,2h,2026-03-08 17:23:37,sell_purple_exit,紫色卖出,shadow,no_hit,否,246243,template_miss,shadow,
CRML,3h,2026-03-08 17:23:58,buy_core,笑笑砖策略,live,no_hit,否,164162,pattern_not_met,none,
CRML,3h,2026-03-08 17:23:58,buy_plus_red_diamond,买+红砖石,shadow,no_hit,否,,red_ratio_low,shadow,
CRML,3h,2026-03-08 17:23:58,buy_purple_bottom,紫抄,shadow,no_hit,否,164162,template_miss,shadow,
CRML,3h,2026-03-08 17:23:58,sell_purple_cry,紫色哭脸,live,no_hit,否,164162,template_miss,none,
CRML,3h,2026-03-08 17:23:58,sell_purple_exit,紫色卖出,shadow,no_hit,否,164162,template_miss,shadow,
CRML,4h,2026-03-08 17:24:55,buy_core,笑笑砖策略,live,no_hit,否,123121,pattern_not_met,none,
CRML,4h,2026-03-08 17:24:55,buy_plus_red_diamond,买+红砖石,shadow,no_hit,否,,red_ratio_low,shadow,
CRML,4h,2026-03-08 17:24:55,buy_purple_bottom,紫抄,shadow,no_hit,否,123121,template_miss,shadow,
CRML,4h,2026-03-08 17:24:55,sell_purple_cry,紫色哭脸,live,no_hit,否,123121,template_miss,none,
CRML,4h,2026-03-08 17:24:55,sell_purple_exit,紫色卖出,shadow,no_hit,否,123121,template_miss,shadow,
DJT,1h,2026-03-08 17:25:18,buy_core,笑笑砖策略,live,no_hit,否,492488,pattern_not_met,none,
DJT,1h,2026-03-08 17:25:18,buy_plus_red_diamond,买+红砖石,shadow,no_hit,否,,red_ratio_low,shadow,
DJT,1h,2026-03-08 17:25:18,buy_purple_bottom,紫抄,shadow,no_hit,否,492488,template_miss,shadow,
DJT,1h,2026-03-08 17:25:18,sell_purple_cry,紫色哭脸,live,no_hit,否,492488,template_miss,none,
DJT,1h,2026-03-08 17:25:18,sell_purple_exit,紫色卖出,shadow,no_hit,否,492488,template_miss,shadow,
DJT,2h,2026-03-08 17:26:49,buy_core,笑笑砖策略,live,no_hit,否,246243,pattern_not_met,none,
DJT,2h,2026-03-08 17:26:49,buy_plus_red_diamond,买+红砖石,shadow,no_hit,否,,red_ratio_low,shadow,
DJT,2h,2026-03-08 17:26:49,buy_purple_bottom,紫抄,shadow,no_hit,否,246243,template_miss,shadow,
DJT,2h,2026-03-08 17:26:49,sell_purple_cry,紫色哭脸,live,no_hit,否,246243,template_miss,none,
DJT,2h,2026-03-08 17:26:49,sell_purple_exit,紫色卖出,shadow,no_hit,否,246243,template_miss,shadow,
DJT,3h,2026-03-08 17:27:29,buy_core,笑笑砖策略,live,no_hit,否,164162,pattern_not_met,none,
DJT,3h,2026-03-08 17:27:29,buy_plus_red_diamond,买+红砖石,shadow,no_hit,否,,red_ratio_low,shadow,
DJT,3h,2026-03-08 17:27:29,buy_purple_bottom,紫抄,shadow,no_hit,否,164162,template_miss,shadow,
DJT,3h,2026-03-08 17:27:29,sell_purple_cry,紫色哭脸,live,no_hit,否,164162,template_miss,none,
DJT,3h,2026-03-08 17:27:29,sell_purple_exit,紫色卖出,shadow,no_hit,否,164162,template_miss,shadow,
DJT,4h,2026-03-08 17:29:01,buy_core,笑笑砖策略,live,no_hit,否,123121,pattern_not_met,none,
DJT,4h,2026-03-08 17:29:01,buy_plus_red_diamond,买+红砖石,shadow,no_hit,否,,red_ratio_low,shadow,
DJT,4h,2026-03-08 17:29:01,buy_purple_bottom,紫抄,shadow,no_hit,否,123121,template_miss,shadow,
DJT,4h,2026-03-08 17:29:01,sell_purple_cry,紫色哭脸,live,no_hit,否,123121,template_miss,none,
DJT,4h,2026-03-08 17:29:01,sell_purple_exit,紫色卖出,shadow,no_hit,否,123121,template_miss,shadow,
DPST,1h,2026-03-08 17:30:11,buy_core,笑笑砖策略,live,no_hit,否,492488,pattern_not_met,none,
DPST,1h,2026-03-08 17:30:11,buy_plus_red_diamond,买+红砖石,shadow,no_hit,否,,template_miss,shadow,
DPST,1h,2026-03-08 17:30:11,buy_purple_bottom,紫抄,shadow,no_hit,否,492488,template_miss,shadow,
DPST,1h,2026-03-08 17:30:11,sell_purple_cry,紫色哭脸,live,no_hit,否,492488,template_miss,none,
DPST,1h,2026-03-08 17:30:11,sell_purple_exit,紫色卖出,shadow,no_hit,否,492488,template_miss,shadow,
DPST,2h,2026-03-08 17:30:48,buy_core,笑笑砖策略,live,no_hit,否,246243,pattern_not_met,none,
DPST,2h,2026-03-08 17:30:48,buy_plus_red_diamond,买+红砖石,shadow,no_hit,否,,red_ratio_low,shadow,
DPST,2h,2026-03-08 17:30:48,buy_purple_bottom,紫抄,shadow,no_hit,否,246243,template_miss,shadow,
DPST,2h,2026-03-08 17:30:48,sell_purple_cry,紫色哭脸,live,no_hit,否,246243,template_miss,none,
DPST,2h,2026-03-08 17:30:48,sell_purple_exit,紫色卖出,shadow,no_hit,否,246243,template_miss,shadow,
DPST,3h,2026-03-08 17:31:12,buy_core,笑笑砖策略,live,no_hit,否,164162,pattern_not_met,none,
DPST,3h,2026-03-08 17:31:12,buy_plus_red_diamond,买+红砖石,shadow,no_hit,否,,red_ratio_low,shadow,
DPST,3h,2026-03-08 17:31:12,buy_purple_bottom,紫抄,shadow,no_hit,否,164162,template_miss,shadow,
DPST,3h,2026-03-08 17:31:12,sell_purple_cry,紫色哭脸,live,no_hit,否,164162,template_miss,none,
DPST,3h,2026-03-08 17:31:12,sell_purple_exit,紫色卖出,shadow,no_hit,否,164162,template_miss,shadow,
DPST,4h,2026-03-08 17:31:32,buy_core,笑笑砖策略,live,no_hit,否,123121,pattern_not_met,none,
DPST,4h,2026-03-08 17:31:32,buy_plus_red_diamond,买+红砖石,shadow,no_hit,否,,red_ratio_low,shadow,
DPST,4h,2026-03-08 17:31:32,buy_purple_bottom,紫抄,shadow,no_hit,否,123121,template_miss,shadow,
DPST,4h,2026-03-08 17:31:32,sell_purple_cry,紫色哭脸,live,no_hit,否,123121,purple_ratio_low,none,
DPST,4h,2026-03-08 17:31:32,sell_purple_exit,紫色卖出,shadow,no_hit,否,123121,template_miss,shadow,
INTC,1h,2026-03-08 17:32:10,buy_core,笑笑砖策略,live,no_hit,否,492488,pattern_not_met,none,
INTC,1h,2026-03-08 17:32:10,buy_plus_red_diamond,买+红砖石,shadow,no_hit,否,,red_ratio_low,shadow,
INTC,1h,2026-03-08 17:32:10,buy_purple_bottom,紫抄,shadow,no_hit,否,492488,template_miss,shadow,
INTC,1h,2026-03-08 17:32:10,sell_purple_cry,紫色哭脸,live,no_hit,否,492488,template_miss,none,
INTC,1h,2026-03-08 17:32:10,sell_purple_exit,紫色卖出,shadow,no_hit,否,492488,template_miss,shadow,
INTC,2h,2026-03-08 17:32:50,buy_core,笑笑砖策略,live,no_hit,否,246243,pattern_not_met,none,
INTC,2h,2026-03-08 17:32:50,buy_plus_red_diamond,买+红砖石,shadow,no_hit,否,,red_ratio_low,shadow,
INTC,2h,2026-03-08 17:32:50,buy_purple_bottom,紫抄,shadow,no_hit,否,246243,template_miss,shadow,
INTC,2h,2026-03-08 17:32:50,sell_purple_cry,紫色哭脸,live,no_hit,否,246243,template_miss,none,
INTC,2h,2026-03-08 17:32:50,sell_purple_exit,紫色卖出,shadow,no_hit,否,246243,template_miss,shadow,
INTC,3h,2026-03-08 17:34:13,buy_core,笑笑砖策略,live,no_hit,否,164162,pattern_not_met,none,
INTC,3h,2026-03-08 17:34:13,buy_plus_red_diamond,买+红砖石,shadow,no_hit,否,,red_ratio_low,shadow,
INTC,3h,2026-03-08 17:34:13,buy_purple_bottom,紫抄,shadow,no_hit,否,164162,template_miss,shadow,
INTC,3h,2026-03-08 17:34:13,sell_purple_cry,紫色哭脸,live,no_hit,否,164162,template_miss,none,
INTC,3h,2026-03-08 17:34:13,sell_purple_exit,紫色卖出,shadow,no_hit,否,164162,template_miss,shadow,
INTC,4h,2026-03-08 17:34:31,buy_core,笑笑砖策略,live,no_hit,否,123121,pattern_not_met,none,
INTC,4h,2026-03-08 17:34:31,buy_plus_red_diamond,买+红砖石,shadow,no_hit,否,,red_ratio_low,shadow,
INTC,4h,2026-03-08 17:34:31,buy_purple_bottom,紫抄,shadow,no_hit,否,123121,template_miss,shadow,
INTC,4h,2026-03-08 17:34:31,sell_purple_cry,紫色哭脸,live,no_hit,否,123121,already_active,none,
INTC,4h,2026-03-08 17:34:31,sell_purple_exit,紫色卖出,shadow,no_hit,否,123121,template_miss,shadow,
KOLD,1h,2026-03-08 17:35:20,buy_core,笑笑砖策略,live,no_hit,否,492488,pattern_not_met,none,
KOLD,1h,2026-03-08 17:35:20,buy_plus_red_diamond,买+红砖石,shadow,no_hit,否,,red_ratio_low,shadow,
KOLD,1h,2026-03-08 17:35:20,buy_purple_bottom,紫抄,shadow,no_hit,否,492488,template_miss,shadow,
KOLD,1h,2026-03-08 17:35:20,sell_purple_cry,紫色哭脸,live,no_hit,否,492488,template_miss,none,
KOLD,1h,2026-03-08 17:35:20,sell_purple_exit,紫色卖出,shadow,no_hit,否,492488,template_miss,shadow,
KOLD,2h,2026-03-08 17:35:45,buy_core,笑笑砖策略,live,no_hit,否,246243,pattern_not_met,none,
KOLD,2h,2026-03-08 17:35:45,buy_plus_red_diamond,买+红砖石,shadow,no_hit,否,,red_ratio_low,shadow,
KOLD,2h,2026-03-08 17:35:45,buy_purple_bottom,紫抄,shadow,no_hit,否,246243,template_miss,shadow,
KOLD,2h,2026-03-08 17:35:45,sell_purple_cry,紫色哭脸,live,no_hit,否,246243,template_miss,none,
KOLD,2h,2026-03-08 17:35:45,sell_purple_exit,紫色卖出,shadow,no_hit,否,246243,template_miss,shadow,
KOLD,3h,2026-03-08 17:36:58,buy_core,笑笑砖策略,live,no_hit,否,164162,pattern_not_met,none,
KOLD,3h,2026-03-08 17:36:58,buy_plus_red_diamond,买+红砖石,shadow,no_hit,否,,red_ratio_low,shadow,
KOLD,3h,2026-03-08 17:36:58,buy_purple_bottom,紫抄,shadow,no_hit,否,164162,template_miss,shadow,
KOLD,3h,2026-03-08 17:36:58,sell_purple_cry,紫色哭脸,live,no_hit,否,164162,template_miss,none,
KOLD,3h,2026-03-08 17:36:58,sell_purple_exit,紫色卖出,shadow,no_hit,否,164162,template_miss,shadow,
KOLD,4h,2026-03-08 17:37:20,buy_core,笑笑砖策略,live,no_hit,否,123121,pattern_not_met,none,
KOLD,4h,2026-03-08 17:37:20,buy_plus_red_diamond,买+红砖石,shadow,no_hit,否,,red_ratio_low,shadow,
KOLD,4h,2026-03-08 17:37:20,buy_purple_bottom,紫抄,shadow,no_hit,否,123121,template_miss,shadow,
KOLD,4h,2026-03-08 17:37:20,sell_purple_cry,紫色哭脸,live,no_hit,否,123121,template_miss,none,
KOLD,4h,2026-03-08 17:37:20,sell_purple_exit,紫色卖出,shadow,no_hit,否,123121,template_miss,shadow,
LMND,1h,2026-03-08 17:38:12,buy_core,笑笑砖策略,live,no_hit,否,492488,pattern_not_met,none,
LMND,1h,2026-03-08 17:38:12,buy_plus_red_diamond,买+红砖石,shadow,no_hit,否,,red_ratio_low,shadow,
LMND,1h,2026-03-08 17:38:12,buy_purple_bottom,紫抄,shadow,no_hit,否,492488,template_miss,shadow,
LMND,1h,2026-03-08 17:38:12,sell_purple_cry,紫色哭脸,live,no_hit,否,492488,template_miss,none,
LMND,1h,2026-03-08 17:38:12,sell_purple_exit,紫色卖出,shadow,no_hit,否,492488,template_miss,shadow,
LMND,2h,2026-03-08 17:38:51,buy_core,笑笑砖策略,live,no_hit,否,246243,pattern_not_met,none,
LMND,2h,2026-03-08 17:38:51,buy_plus_red_diamond,买+红砖石,shadow,no_hit,否,,red_ratio_low,shadow,
LMND,2h,2026-03-08 17:38:51,buy_purple_bottom,紫抄,shadow,no_hit,否,246243,template_miss,shadow,
LMND,2h,2026-03-08 17:38:51,sell_purple_cry,紫色哭脸,live,no_hit,否,246243,already_active,none,
LMND,2h,2026-03-08 17:38:51,sell_purple_exit,紫色卖出,shadow,no_hit,否,246243,template_miss,shadow,
LMND,3h,2026-03-08 17:40:19,buy_core,笑笑砖策略,live,no_hit,否,164162,pattern_not_met,none,
LMND,3h,2026-03-08 17:40:19,buy_plus_red_diamond,买+红砖石,shadow,no_hit,否,,template_miss,shadow,
LMND,3h,2026-03-08 17:40:19,buy_purple_bottom,紫抄,shadow,no_hit,否,164162,template_miss,shadow,
LMND,3h,2026-03-08 17:40:19,sell_purple_cry,紫色哭脸,live,no_hit,否,164162,template_miss,none,
LMND,3h,2026-03-08 17:40:19,sell_purple_exit,紫色卖出,shadow,no_hit,否,164162,template_miss,shadow,
LMND,4h,2026-03-08 17:40:51,buy_core,笑笑砖策略,live,no_hit,否,123121,pattern_not_met,none,
LMND,4h,2026-03-08 17:40:51,buy_plus_red_diamond,买+红砖石,shadow,no_hit,否,,red_ratio_low,shadow,
LMND,4h,2026-03-08 17:40:51,buy_purple_bottom,紫抄,shadow,no_hit,否,123121,template_miss,shadow,
LMND,4h,2026-03-08 17:40:51,sell_purple_cry,紫色哭脸,live,no_hit,否,123121,already_active,none,
LMND,4h,2026-03-08 17:40:51,sell_purple_exit,紫色卖出,shadow,no_hit,否,123121,template_miss,shadow,
MP,1h,2026-03-08 17:41:46,buy_core,笑笑砖策略,live,no_hit,否,492488,pattern_not_met,none,
MP,1h,2026-03-08 17:41:46,buy_plus_red_diamond,买+红砖石,shadow,no_hit,否,,template_miss,shadow,
MP,1h,2026-03-08 17:41:46,buy_purple_bottom,紫抄,shadow,no_hit,否,492488,template_miss,shadow,
MP,1h,2026-03-08 17:41:46,sell_purple_cry,紫色哭脸,live,no_hit,否,492488,template_miss,none,
MP,1h,2026-03-08 17:41:46,sell_purple_exit,紫色卖出,shadow,no_hit,否,492488,template_miss,shadow,
MP,2h,2026-03-08 17:42:40,buy_core,笑笑砖策略,live,no_hit,否,246243,pattern_not_met,none,
MP,2h,2026-03-08 17:42:40,buy_plus_red_diamond,买+红砖石,shadow,no_hit,否,,template_miss,shadow,
MP,2h,2026-03-08 17:42:40,buy_purple_bottom,紫抄,shadow,no_hit,否,246243,template_miss,shadow,
MP,2h,2026-03-08 17:42:40,sell_purple_cry,紫色哭脸,live,no_hit,否,246243,template_miss,none,
MP,2h,2026-03-08 17:42:40,sell_purple_exit,紫色卖出,shadow,no_hit,否,246243,template_miss,shadow,
MP,3h,2026-03-08 17:43:43,buy_core,笑笑砖策略,live,no_hit,否,164162,pattern_not_met,none,
MP,3h,2026-03-08 17:43:43,buy_plus_red_diamond,买+红砖石,shadow,no_hit,否,,template_miss,shadow,
MP,3h,2026-03-08 17:43:43,buy_purple_bottom,紫抄,shadow,no_hit,否,164162,template_miss,shadow,
MP,3h,2026-03-08 17:43:43,sell_purple_cry,紫色哭脸,live,no_hit,否,164162,template_miss,none,
MP,3h,2026-03-08 17:43:43,sell_purple_exit,紫色卖出,shadow,no_hit,否,164162,template_miss,shadow,
MP,4h,2026-03-08 17:44:04,buy_core,笑笑砖策略,live,hit,是,123121,repeat_suppressed,repeat_suppressed,C:\Users\Administrator\Desktop\futu_combo_watch\output\hit_MP_4h_buy_core_20260308_174343.png
MP,4h,2026-03-08 17:44:04,buy_plus_red_diamond,买+红砖石,shadow,no_hit,否,,buy_red_no_pair,shadow,C:\Users\Administrator\Desktop\futu_combo_watch\output\hit_MP_4h_buy_core_20260308_174343.png
MP,4h,2026-03-08 17:44:04,buy_purple_bottom,紫抄,shadow,no_hit,否,123121,template_miss,shadow,C:\Users\Administrator\Desktop\futu_combo_watch\output\hit_MP_4h_buy_core_20260308_174343.png
MP,4h,2026-03-08 17:44:04,sell_purple_cry,紫色哭脸,live,no_hit,否,123121,purple_ratio_low,none,C:\Users\Administrator\Desktop\futu_combo_watch\output\hit_MP_4h_buy_core_20260308_174343.png
MP,4h,2026-03-08 17:44:04,sell_purple_exit,紫色卖出,shadow,no_hit,否,123121,template_miss,shadow,C:\Users\Administrator\Desktop\futu_combo_watch\output\hit_MP_4h_buy_core_20260308_174343.png
MU,1h,2026-03-08 17:44:36,buy_core,笑笑砖策略,live,no_hit,否,492488,pattern_not_met,none,
MU,1h,2026-03-08 17:44:36,buy_plus_red_diamond,买+红砖石,shadow,no_hit,否,,red_ratio_low,shadow,
MU,1h,2026-03-08 17:44:36,buy_purple_bottom,紫抄,shadow,no_hit,否,492488,template_miss,shadow,
MU,1h,2026-03-08 17:44:36,sell_purple_cry,紫色哭脸,live,no_hit,否,492488,template_miss,none,
MU,1h,2026-03-08 17:44:36,sell_purple_exit,紫色卖出,shadow,no_hit,否,492488,template_miss,shadow,
MU,2h,2026-03-08 17:45:12,buy_core,笑笑砖策略,live,no_hit,否,246243,pattern_not_met,none,
MU,2h,2026-03-08 17:45:12,buy_plus_red_diamond,买+红砖石,shadow,no_hit,否,,red_ratio_low,shadow,
MU,2h,2026-03-08 17:45:12,buy_purple_bottom,紫抄,shadow,no_hit,否,246243,template_miss,shadow,
MU,2h,2026-03-08 17:45:12,sell_purple_cry,紫色哭脸,live,no_hit,否,246243,template_miss,none,
MU,2h,2026-03-08 17:45:12,sell_purple_exit,紫色卖出,shadow,no_hit,否,246243,template_miss,shadow,
MU,3h,2026-03-08 17:45:49,buy_core,笑笑砖策略,live,no_hit,否,164162,pattern_not_met,none,
MU,3h,2026-03-08 17:45:49,buy_plus_red_diamond,买+红砖石,shadow,no_hit,否,,red_ratio_low,shadow,
MU,3h,2026-03-08 17:45:49,buy_purple_bottom,紫抄,shadow,no_hit,否,164162,template_miss,shadow,
MU,3h,2026-03-08 17:45:49,sell_purple_cry,紫色哭脸,live,no_hit,否,164162,template_miss,none,
MU,3h,2026-03-08 17:45:49,sell_purple_exit,紫色卖出,shadow,no_hit,否,164162,template_miss,shadow,
MU,4h,2026-03-08 17:46:26,buy_core,笑笑砖策略,live,no_hit,否,123121,pattern_not_met,none,
MU,4h,2026-03-08 17:46:26,buy_plus_red_diamond,买+红砖石,shadow,no_hit,否,,red_ratio_low,shadow,
MU,4h,2026-03-08 17:46:26,buy_purple_bottom,紫抄,shadow,no_hit,否,123121,template_miss,shadow,
MU,4h,2026-03-08 17:46:26,sell_purple_cry,紫色哭脸,live,no_hit,否,123121,template_miss,none,
MU,4h,2026-03-08 17:46:26,sell_purple_exit,紫色卖出,shadow,no_hit,否,123121,template_miss,shadow,
NBIS,1h,2026-03-08 17:47:05,buy_core,笑笑砖策略,live,no_hit,否,492488,pattern_not_met,none,
NBIS,1h,2026-03-08 17:47:05,buy_plus_red_diamond,买+红砖石,shadow,no_hit,否,,red_ratio_low,shadow,
NBIS,1h,2026-03-08 17:47:05,buy_purple_bottom,紫抄,shadow,no_hit,否,492488,template_miss,shadow,
NBIS,1h,2026-03-08 17:47:05,sell_purple_cry,紫色哭脸,live,no_hit,否,492488,template_miss,none,
NBIS,1h,2026-03-08 17:47:05,sell_purple_exit,紫色卖出,shadow,no_hit,否,492488,template_miss,shadow,
NBIS,2h,2026-03-08 17:48:17,buy_core,笑笑砖策略,live,no_hit,否,246243,pattern_not_met,none,
NBIS,2h,2026-03-08 17:48:17,buy_plus_red_diamond,买+红砖石,shadow,no_hit,否,,red_ratio_low,shadow,
NBIS,2h,2026-03-08 17:48:17,buy_purple_bottom,紫抄,shadow,no_hit,否,246243,template_miss,shadow,
NBIS,2h,2026-03-08 17:48:17,sell_purple_cry,紫色哭脸,live,no_hit,否,246243,template_miss,none,
NBIS,2h,2026-03-08 17:48:17,sell_purple_exit,紫色卖出,shadow,no_hit,否,246243,template_miss,shadow,
NBIS,3h,2026-03-08 17:48:40,buy_core,笑笑砖策略,live,no_hit,否,164162,pattern_not_met,none,
NBIS,3h,2026-03-08 17:48:40,buy_plus_red_diamond,买+红砖石,shadow,no_hit,否,,red_ratio_low,shadow,
NBIS,3h,2026-03-08 17:48:40,buy_purple_bottom,紫抄,shadow,no_hit,否,164162,template_miss,shadow,
NBIS,3h,2026-03-08 17:48:40,sell_purple_cry,紫色哭脸,live,no_hit,否,164162,purple_ratio_low,none,
NBIS,3h,2026-03-08 17:48:40,sell_purple_exit,紫色卖出,shadow,no_hit,否,164162,template_miss,shadow,
NBIS,4h,2026-03-08 17:50:06,buy_core,笑笑砖策略,live,no_hit,否,123121,pattern_not_met,none,
NBIS,4h,2026-03-08 17:50:06,buy_plus_red_diamond,买+红砖石,shadow,no_hit,否,,red_ratio_low,shadow,
NBIS,4h,2026-03-08 17:50:06,buy_purple_bottom,紫抄,shadow,no_hit,否,123121,template_miss,shadow,
NBIS,4h,2026-03-08 17:50:06,sell_purple_cry,紫色哭脸,live,no_hit,否,123121,template_miss,none,
NBIS,4h,2026-03-08 17:50:06,sell_purple_exit,紫色卖出,shadow,no_hit,否,123121,template_miss,shadow,
NBIZ,1h,2026-03-08 17:51:08,buy_core,笑笑砖策略,live,no_hit,否,492488,pattern_not_met,none,
NBIZ,1h,2026-03-08 17:51:08,buy_plus_red_diamond,买+红砖石,shadow,no_hit,否,,red_ratio_low,shadow,
NBIZ,1h,2026-03-08 17:51:08,buy_purple_bottom,紫抄,shadow,no_hit,否,492488,template_miss,shadow,
NBIZ,1h,2026-03-08 17:51:08,sell_purple_cry,紫色哭脸,live,no_hit,否,492488,template_miss,none,
NBIZ,1h,2026-03-08 17:51:08,sell_purple_exit,紫色卖出,shadow,no_hit,否,492488,template_miss,shadow,
NBIZ,2h,2026-03-08 17:51:54,buy_core,笑笑砖策略,live,no_hit,否,246243,pattern_not_met,none,
NBIZ,2h,2026-03-08 17:51:54,buy_plus_red_diamond,买+红砖石,shadow,no_hit,否,,template_miss,shadow,
NBIZ,2h,2026-03-08 17:51:54,buy_purple_bottom,紫抄,shadow,no_hit,否,246243,template_miss,shadow,
NBIZ,2h,2026-03-08 17:51:54,sell_purple_cry,紫色哭脸,live,no_hit,否,246243,template_miss,none,
NBIZ,2h,2026-03-08 17:51:54,sell_purple_exit,紫色卖出,shadow,no_hit,否,246243,template_miss,shadow,
NBIZ,3h,2026-03-08 17:53:30,buy_core,笑笑砖策略,live,no_hit,否,164162,pattern_not_met,none,
NBIZ,3h,2026-03-08 17:53:30,buy_plus_red_diamond,买+红砖石,shadow,no_hit,否,,template_miss,shadow,
NBIZ,3h,2026-03-08 17:53:30,buy_purple_bottom,紫抄,shadow,no_hit,否,164162,template_miss,shadow,
NBIZ,3h,2026-03-08 17:53:30,sell_purple_cry,紫色哭脸,live,no_hit,否,164162,template_miss,none,
NBIZ,3h,2026-03-08 17:53:30,sell_purple_exit,紫色卖出,shadow,no_hit,否,164162,template_miss,shadow,
NBIZ,4h,2026-03-08 17:54:41,buy_core,笑笑砖策略,live,no_hit,否,123121,pattern_not_met,none,
NBIZ,4h,2026-03-08 17:54:41,buy_plus_red_diamond,买+红砖石,shadow,no_hit,否,,template_miss,shadow,
NBIZ,4h,2026-03-08 17:54:41,buy_purple_bottom,紫抄,shadow,no_hit,否,123121,template_miss,shadow,
NBIZ,4h,2026-03-08 17:54:41,sell_purple_cry,紫色哭脸,live,no_hit,否,123121,template_miss,none,
NBIZ,4h,2026-03-08 17:54:41,sell_purple_exit,紫色卖出,shadow,no_hit,否,123121,template_miss,shadow,
NVDA,1h,2026-03-08 17:55:19,buy_core,笑笑砖策略,live,no_hit,否,492488,pattern_not_met,none,
NVDA,1h,2026-03-08 17:55:19,buy_plus_red_diamond,买+红砖石,shadow,no_hit,否,,red_ratio_low,shadow,
NVDA,1h,2026-03-08 17:55:19,buy_purple_bottom,紫抄,shadow,no_hit,否,492488,template_miss,shadow,
NVDA,1h,2026-03-08 17:55:19,sell_purple_cry,紫色哭脸,live,no_hit,否,492488,template_miss,none,
NVDA,1h,2026-03-08 17:55:19,sell_purple_exit,紫色卖出,shadow,no_hit,否,492488,template_miss,shadow,
NVDA,2h,2026-03-08 17:55:59,buy_core,笑笑砖策略,live,no_hit,否,246243,pattern_not_met,none,
NVDA,2h,2026-03-08 17:55:59,buy_plus_red_diamond,买+红砖石,shadow,no_hit,否,,template_miss,shadow,
NVDA,2h,2026-03-08 17:55:59,buy_purple_bottom,紫抄,shadow,no_hit,否,246243,template_miss,shadow,
NVDA,2h,2026-03-08 17:55:59,sell_purple_cry,紫色哭脸,live,no_hit,否,246243,template_miss,none,
NVDA,2h,2026-03-08 17:55:59,sell_purple_exit,紫色卖出,shadow,no_hit,否,246243,template_miss,shadow,
NVDA,3h,2026-03-08 17:56:29,buy_core,笑笑砖策略,live,no_hit,否,164162,pattern_not_met,none,
NVDA,3h,2026-03-08 17:56:29,buy_plus_red_diamond,买+红砖石,shadow,no_hit,否,,template_miss,shadow,
NVDA,3h,2026-03-08 17:56:29,buy_purple_bottom,紫抄,shadow,no_hit,否,164162,template_miss,shadow,
NVDA,3h,2026-03-08 17:56:29,sell_purple_cry,紫色哭脸,live,no_hit,否,164162,template_miss,none,
NVDA,3h,2026-03-08 17:56:29,sell_purple_exit,紫色卖出,shadow,no_hit,否,164162,template_miss,shadow,
NVDA,4h,2026-03-08 17:57:56,buy_core,笑笑砖策略,live,no_hit,否,123121,pattern_not_met,none,
NVDA,4h,2026-03-08 17:57:56,buy_plus_red_diamond,买+红砖石,shadow,no_hit,否,,template_miss,shadow,
NVDA,4h,2026-03-08 17:57:56,buy_purple_bottom,紫抄,shadow,no_hit,否,123121,template_miss,shadow,
NVDA,4h,2026-03-08 17:57:56,sell_purple_cry,紫色哭脸,live,no_hit,否,123121,template_miss,none,
NVDA,4h,2026-03-08 17:57:56,sell_purple_exit,紫色卖出,shadow,no_hit,否,123121,template_miss,shadow,
OKLO,1h,2026-03-08 17:58:37,buy_core,笑笑砖策略,live,no_hit,否,492488,pattern_not_met,none,
OKLO,1h,2026-03-08 17:58:37,buy_plus_red_diamond,买+红砖石,shadow,no_hit,否,,red_ratio_low,shadow,
OKLO,1h,2026-03-08 17:58:37,buy_purple_bottom,紫抄,shadow,no_hit,否,492488,template_miss,shadow,
OKLO,1h,2026-03-08 17:58:37,sell_purple_cry,紫色哭脸,live,no_hit,否,492488,template_miss,none,
OKLO,1h,2026-03-08 17:58:37,sell_purple_exit,紫色卖出,shadow,no_hit,否,492488,template_miss,shadow,
OKLO,2h,2026-03-08 17:59:14,buy_core,笑笑砖策略,live,no_hit,否,246243,pattern_not_met,none,
OKLO,2h,2026-03-08 17:59:14,buy_plus_red_diamond,买+红砖石,shadow,no_hit,否,,red_ratio_low,shadow,
OKLO,2h,2026-03-08 17:59:14,buy_purple_bottom,紫抄,shadow,no_hit,否,246243,template_miss,shadow,
OKLO,2h,2026-03-08 17:59:14,sell_purple_cry,紫色哭脸,live,no_hit,否,246243,template_miss,none,
OKLO,2h,2026-03-08 17:59:14,sell_purple_exit,紫色卖出,shadow,no_hit,否,246243,template_miss,shadow,
OKLO,3h,2026-03-08 17:59:46,buy_core,笑笑砖策略,live,no_hit,否,164162,pattern_not_met,none,
OKLO,3h,2026-03-08 17:59:46,buy_plus_red_diamond,买+红砖石,shadow,no_hit,否,,red_ratio_low,shadow,
OKLO,3h,2026-03-08 17:59:46,buy_purple_bottom,紫抄,shadow,no_hit,否,164162,template_miss,shadow,
OKLO,3h,2026-03-08 17:59:46,sell_purple_cry,紫色哭脸,live,no_hit,否,164162,template_miss,none,
OKLO,3h,2026-03-08 17:59:46,sell_purple_exit,紫色卖出,shadow,no_hit,否,164162,template_miss,shadow,
OKLO,4h,2026-03-08 18:01:11,buy_core,笑笑砖策略,live,no_hit,否,123121,pattern_not_met,none,
OKLO,4h,2026-03-08 18:01:11,buy_plus_red_diamond,买+红砖石,shadow,no_hit,否,,red_ratio_low,shadow,
OKLO,4h,2026-03-08 18:01:11,buy_purple_bottom,紫抄,shadow,no_hit,否,123121,template_miss,shadow,
OKLO,4h,2026-03-08 18:01:11,sell_purple_cry,紫色哭脸,live,no_hit,否,123121,template_miss,none,
OKLO,4h,2026-03-08 18:01:11,sell_purple_exit,紫色卖出,shadow,no_hit,否,123121,template_miss,shadow,
OKLS,1h,2026-03-08 18:02:01,buy_core,笑笑砖策略,live,no_hit,否,492489,pattern_not_met,none,
OKLS,1h,2026-03-08 18:02:01,buy_plus_red_diamond,买+红砖石,shadow,no_hit,否,,red_ratio_low,shadow,
OKLS,1h,2026-03-08 18:02:01,buy_purple_bottom,紫抄,shadow,no_hit,否,492489,template_miss,shadow,
OKLS,1h,2026-03-08 18:02:01,sell_purple_cry,紫色哭脸,live,no_hit,否,492489,template_miss,none,
OKLS,1h,2026-03-08 18:02:01,sell_purple_exit,紫色卖出,shadow,no_hit,否,492489,template_miss,shadow,
OKLS,2h,2026-03-08 18:02:59,buy_core,笑笑砖策略,live,no_hit,否,246244,pattern_not_met,none,
OKLS,2h,2026-03-08 18:02:59,buy_plus_red_diamond,买+红砖石,shadow,no_hit,否,,red_ratio_low,shadow,
OKLS,2h,2026-03-08 18:02:59,buy_purple_bottom,紫抄,shadow,no_hit,否,246244,template_miss,shadow,
OKLS,2h,2026-03-08 18:02:59,sell_purple_cry,紫色哭脸,live,no_hit,否,246244,template_miss,none,
OKLS,2h,2026-03-08 18:02:59,sell_purple_exit,紫色卖出,shadow,no_hit,否,246244,template_miss,shadow,
OKLS,3h,2026-03-08 18:03:36,buy_core,笑笑砖策略,live,no_hit,否,164162,pattern_not_met,none,
OKLS,3h,2026-03-08 18:03:36,buy_plus_red_diamond,买+红砖石,shadow,no_hit,否,,red_ratio_low,shadow,
OKLS,3h,2026-03-08 18:03:36,buy_purple_bottom,紫抄,shadow,no_hit,否,164162,template_miss,shadow,
OKLS,3h,2026-03-08 18:03:36,sell_purple_cry,紫色哭脸,live,no_hit,否,164162,template_miss,none,
OKLS,3h,2026-03-08 18:03:36,sell_purple_exit,紫色卖出,shadow,no_hit,否,164162,template_miss,shadow,
OKLS,4h,2026-03-08 18:04:34,buy_core,笑笑砖策略,live,no_hit,否,123121,pattern_not_met,none,
OKLS,4h,2026-03-08 18:04:34,buy_plus_red_diamond,买+红砖石,shadow,no_hit,否,,red_ratio_low,shadow,
OKLS,4h,2026-03-08 18:04:34,buy_purple_bottom,紫抄,shadow,no_hit,否,123121,template_miss,shadow,
OKLS,4h,2026-03-08 18:04:34,sell_purple_cry,紫色哭脸,live,no_hit,否,123121,template_miss,none,
OKLS,4h,2026-03-08 18:04:34,sell_purple_exit,紫色卖出,shadow,no_hit,否,123121,template_miss,shadow,
PLTR,1h,2026-03-08 18:05:56,buy_core,笑笑砖策略,live,no_hit,否,492489,pattern_not_met,none,
PLTR,1h,2026-03-08 18:05:56,buy_plus_red_diamond,买+红砖石,shadow,no_hit,否,,red_ratio_low,shadow,
PLTR,1h,2026-03-08 18:05:56,buy_purple_bottom,紫抄,shadow,no_hit,否,492489,template_miss,shadow,
PLTR,1h,2026-03-08 18:05:56,sell_purple_cry,紫色哭脸,live,no_hit,否,492489,template_miss,none,
PLTR,1h,2026-03-08 18:05:56,sell_purple_exit,紫色卖出,shadow,no_hit,否,492489,template_miss,shadow,
PLTR,2h,2026-03-08 18:07:11,buy_core,笑笑砖策略,live,no_hit,否,246244,pattern_not_met,none,
PLTR,2h,2026-03-08 18:07:11,buy_plus_red_diamond,买+红砖石,shadow,no_hit,否,,template_miss,shadow,
PLTR,2h,2026-03-08 18:07:11,buy_purple_bottom,紫抄,shadow,no_hit,否,246244,template_miss,shadow,
PLTR,2h,2026-03-08 18:07:11,sell_purple_cry,紫色哭脸,live,no_hit,否,246244,template_miss,none,
PLTR,2h,2026-03-08 18:07:11,sell_purple_exit,紫色卖出,shadow,no_hit,否,246244,template_miss,shadow,
PLTR,3h,2026-03-08 18:08:23,buy_core,笑笑砖策略,live,no_hit,否,164162,pattern_not_met,none,
PLTR,3h,2026-03-08 18:08:23,buy_plus_red_diamond,买+红砖石,shadow,no_hit,否,,template_miss,shadow,
PLTR,3h,2026-03-08 18:08:23,buy_purple_bottom,紫抄,shadow,no_hit,否,164162,template_miss,shadow,
PLTR,3h,2026-03-08 18:08:23,sell_purple_cry,紫色哭脸,live,no_hit,否,164162,template_miss,none,
PLTR,3h,2026-03-08 18:08:23,sell_purple_exit,紫色卖出,shadow,no_hit,否,164162,template_miss,shadow,
PLTR,4h,2026-03-08 18:09:49,buy_core,笑笑砖策略,live,no_hit,否,123121,pattern_not_met,none,
PLTR,4h,2026-03-08 18:09:49,buy_plus_red_diamond,买+红砖石,shadow,no_hit,否,,template_miss,shadow,
PLTR,4h,2026-03-08 18:09:49,buy_purple_bottom,紫抄,shadow,no_hit,否,123121,template_miss,shadow,
PLTR,4h,2026-03-08 18:09:49,sell_purple_cry,紫色哭脸,live,no_hit,否,123121,template_miss,none,
PLTR,4h,2026-03-08 18:09:49,sell_purple_exit,紫色卖出,shadow,no_hit,否,123121,template_miss,shadow,
PLTZ,1h,2026-03-08 18:11:16,buy_core,笑笑砖策略,live,no_hit,否,492489,pattern_not_met,none,
PLTZ,1h,2026-03-08 18:11:16,buy_plus_red_diamond,买+红砖石,shadow,no_hit,否,,red_ratio_low,shadow,
PLTZ,1h,2026-03-08 18:11:16,buy_purple_bottom,紫抄,shadow,no_hit,否,492489,template_miss,shadow,
PLTZ,1h,2026-03-08 18:11:16,sell_purple_cry,紫色哭脸,live,no_hit,否,492489,template_miss,none,
PLTZ,1h,2026-03-08 18:11:16,sell_purple_exit,紫色卖出,shadow,no_hit,否,492489,template_miss,shadow,
PLTZ,2h,2026-03-08 18:12:32,buy_core,笑笑砖策略,live,no_hit,否,246244,pattern_not_met,none,
PLTZ,2h,2026-03-08 18:12:32,buy_plus_red_diamond,买+红砖石,shadow,no_hit,否,,template_miss,shadow,
PLTZ,2h,2026-03-08 18:12:32,buy_purple_bottom,紫抄,shadow,no_hit,否,246244,template_miss,shadow,
PLTZ,2h,2026-03-08 18:12:32,sell_purple_cry,紫色哭脸,live,no_hit,否,246244,template_miss,none,
PLTZ,2h,2026-03-08 18:12:32,sell_purple_exit,紫色卖出,shadow,no_hit,否,246244,template_miss,shadow,
PLTZ,3h,2026-03-08 18:13:45,buy_core,笑笑砖策略,live,no_hit,否,164162,pattern_not_met,none,
PLTZ,3h,2026-03-08 18:13:45,buy_plus_red_diamond,买+红砖石,shadow,no_hit,否,,red_ratio_low,shadow,
PLTZ,3h,2026-03-08 18:13:45,buy_purple_bottom,紫抄,shadow,no_hit,否,164162,template_miss,shadow,
PLTZ,3h,2026-03-08 18:13:45,sell_purple_cry,紫色哭脸,live,no_hit,否,164162,template_miss,none,
PLTZ,3h,2026-03-08 18:13:45,sell_purple_exit,紫色卖出,shadow,no_hit,否,164162,template_miss,shadow,
PLTZ,4h,2026-03-08 18:14:08,buy_core,笑笑砖策略,live,no_hit,否,123121,pattern_not_met,none,
PLTZ,4h,2026-03-08 18:14:08,buy_plus_red_diamond,买+红砖石,shadow,no_hit,否,,red_ratio_low,shadow,
PLTZ,4h,2026-03-08 18:14:08,buy_purple_bottom,紫抄,shadow,no_hit,否,123121,template_miss,shadow,
PLTZ,4h,2026-03-08 18:14:08,sell_purple_cry,紫色哭脸,live,no_hit,否,123121,template_miss,none,
PLTZ,4h,2026-03-08 18:14:08,sell_purple_exit,紫色卖出,shadow,no_hit,否,123121,template_miss,shadow,
RDW,1h,2026-03-08 18:14:48,buy_core,笑笑砖策略,live,no_hit,否,492489,pattern_not_met,none,
RDW,1h,2026-03-08 18:14:48,buy_plus_red_diamond,买+红砖石,shadow,no_hit,否,,red_ratio_low,shadow,
RDW,1h,2026-03-08 18:14:48,buy_purple_bottom,紫抄,shadow,no_hit,否,492489,template_miss,shadow,
RDW,1h,2026-03-08 18:14:48,sell_purple_cry,紫色哭脸,live,no_hit,否,492489,template_miss,none,
RDW,1h,2026-03-08 18:14:48,sell_purple_exit,紫色卖出,shadow,no_hit,否,492489,template_miss,shadow,
RDW,2h,2026-03-08 18:15:20,buy_core,笑笑砖策略,live,no_hit,否,246244,pattern_not_met,none,
RDW,2h,2026-03-08 18:15:20,buy_plus_red_diamond,买+红砖石,shadow,no_hit,否,,red_ratio_low,shadow,
RDW,2h,2026-03-08 18:15:20,buy_purple_bottom,紫抄,shadow,no_hit,否,246244,template_miss,shadow,
RDW,2h,2026-03-08 18:15:20,sell_purple_cry,紫色哭脸,live,no_hit,否,246244,template_miss,none,
RDW,2h,2026-03-08 18:15:20,sell_purple_exit,紫色卖出,shadow,no_hit,否,246244,template_miss,shadow,
RDW,3h,2026-03-08 18:15:51,buy_core,笑笑砖策略,live,no_hit,否,164162,pattern_not_met,none,
RDW,3h,2026-03-08 18:15:51,buy_plus_red_diamond,买+红砖石,shadow,no_hit,否,,red_ratio_low,shadow,
RDW,3h,2026-03-08 18:15:51,buy_purple_bottom,紫抄,shadow,no_hit,否,164162,template_miss,shadow,
RDW,3h,2026-03-08 18:15:51,sell_purple_cry,紫色哭脸,live,no_hit,否,164162,template_miss,none,
RDW,3h,2026-03-08 18:15:51,sell_purple_exit,紫色卖出,shadow,no_hit,否,164162,template_miss,shadow,
RDW,4h,2026-03-08 18:16:27,buy_core,笑笑砖策略,live,no_hit,否,123121,pattern_not_met,none,
RDW,4h,2026-03-08 18:16:27,buy_plus_red_diamond,买+红砖石,shadow,no_hit,否,,red_ratio_low,shadow,
RDW,4h,2026-03-08 18:16:27,buy_purple_bottom,紫抄,shadow,no_hit,否,123121,template_miss,shadow,
RDW,4h,2026-03-08 18:16:27,sell_purple_cry,紫色哭脸,live,no_hit,否,123121,template_miss,none,
RDW,4h,2026-03-08 18:16:27,sell_purple_exit,紫色卖出,shadow,no_hit,否,123121,template_miss,shadow,
RGTZ,1h,2026-03-08 18:17:01,buy_core,笑笑砖策略,live,no_hit,否,492489,pattern_not_met,none,
RGTZ,1h,2026-03-08 18:17:01,buy_plus_red_diamond,买+红砖石,shadow,no_hit,否,,red_ratio_low,shadow,
RGTZ,1h,2026-03-08 18:17:01,buy_purple_bottom,紫抄,shadow,no_hit,否,492489,template_miss,shadow,
RGTZ,1h,2026-03-08 18:17:01,sell_purple_cry,紫色哭脸,live,no_hit,否,492489,already_active,none,
RGTZ,1h,2026-03-08 18:17:01,sell_purple_exit,紫色卖出,shadow,no_hit,否,492489,template_miss,shadow,
RGTZ,2h,2026-03-08 18:17:48,buy_core,笑笑砖策略,live,no_hit,否,246244,pattern_not_met,none,
RGTZ,2h,2026-03-08 18:17:48,buy_plus_red_diamond,买+红砖石,shadow,no_hit,否,,red_ratio_low,shadow,
RGTZ,2h,2026-03-08 18:17:48,buy_purple_bottom,紫抄,shadow,no_hit,否,246244,template_miss,shadow,
RGTZ,2h,2026-03-08 18:17:48,sell_purple_cry,紫色哭脸,live,no_hit,否,246244,template_miss,none,
RGTZ,2h,2026-03-08 18:17:48,sell_purple_exit,紫色卖出,shadow,no_hit,否,246244,template_miss,shadow,
RGTZ,3h,2026-03-08 18:18:46,buy_core,笑笑砖策略,live,no_hit,否,164162,pattern_not_met,none,
RGTZ,3h,2026-03-08 18:18:46,buy_plus_red_diamond,买+红砖石,shadow,no_hit,否,,red_ratio_low,shadow,
RGTZ,3h,2026-03-08 18:18:46,buy_purple_bottom,紫抄,shadow,no_hit,否,164162,template_miss,shadow,
RGTZ,3h,2026-03-08 18:18:46,sell_purple_cry,紫色哭脸,live,no_hit,否,164162,purple_ratio_low,none,
RGTZ,3h,2026-03-08 18:18:46,sell_purple_exit,紫色卖出,shadow,no_hit,否,164162,template_miss,shadow,
RGTZ,4h,2026-03-08 18:19:12,buy_core,笑笑砖策略,live,no_hit,否,123121,pattern_not_met,none,
RGTZ,4h,2026-03-08 18:19:12,buy_plus_red_diamond,买+红砖石,shadow,no_hit,否,,red_ratio_low,shadow,
RGTZ,4h,2026-03-08 18:19:12,buy_purple_bottom,紫抄,shadow,no_hit,否,123121,template_miss,shadow,
RGTZ,4h,2026-03-08 18:19:12,sell_purple_cry,紫色哭脸,live,no_hit,否,123121,purple_ratio_low,none,
RGTZ,4h,2026-03-08 18:19:12,sell_purple_exit,紫色卖出,shadow,no_hit,否,123121,template_miss,shadow,
RKLB,1h,2026-03-08 18:20:30,buy_core,笑笑砖策略,live,no_hit,否,492489,pattern_not_met,none,
RKLB,1h,2026-03-08 18:20:30,buy_plus_red_diamond,买+红砖石,shadow,no_hit,否,,red_ratio_low,shadow,
RKLB,1h,2026-03-08 18:20:30,buy_purple_bottom,紫抄,shadow,no_hit,否,492489,template_miss,shadow,
RKLB,1h,2026-03-08 18:20:30,sell_purple_cry,紫色哭脸,live,no_hit,否,492489,template_miss,none,
RKLB,1h,2026-03-08 18:20:30,sell_purple_exit,紫色卖出,shadow,no_hit,否,492489,template_miss,shadow,
RKLB,2h,2026-03-08 18:21:12,buy_core,笑笑砖策略,live,no_hit,否,246244,pattern_not_met,none,
RKLB,2h,2026-03-08 18:21:12,buy_plus_red_diamond,买+红砖石,shadow,no_hit,否,,red_ratio_low,shadow,
RKLB,2h,2026-03-08 18:21:12,buy_purple_bottom,紫抄,shadow,no_hit,否,246244,template_miss,shadow,
RKLB,2h,2026-03-08 18:21:12,sell_purple_cry,紫色哭脸,live,no_hit,否,246244,already_active,none,
RKLB,2h,2026-03-08 18:21:12,sell_purple_exit,紫色卖出,shadow,no_hit,否,246244,template_miss,shadow,
RKLB,3h,2026-03-08 18:22:10,buy_core,笑笑砖策略,live,no_hit,否,164162,pattern_not_met,none,
RKLB,3h,2026-03-08 18:22:10,buy_plus_red_diamond,买+红砖石,shadow,no_hit,否,,red_ratio_low,shadow,
RKLB,3h,2026-03-08 18:22:10,buy_purple_bottom,紫抄,shadow,no_hit,否,164162,template_miss,shadow,
RKLB,3h,2026-03-08 18:22:10,sell_purple_cry,紫色哭脸,live,no_hit,否,164162,template_miss,none,
RKLB,3h,2026-03-08 18:22:10,sell_purple_exit,紫色卖出,shadow,no_hit,否,164162,template_miss,shadow,
RKLB,4h,2026-03-08 18:22:40,buy_core,笑笑砖策略,live,no_hit,否,123121,pattern_not_met,none,
RKLB,4h,2026-03-08 18:22:40,buy_plus_red_diamond,买+红砖石,shadow,no_hit,否,,red_ratio_low,shadow,
RKLB,4h,2026-03-08 18:22:40,buy_purple_bottom,紫抄,shadow,no_hit,否,123121,template_miss,shadow,
RKLB,4h,2026-03-08 18:22:40,sell_purple_cry,紫色哭脸,live,no_hit,否,123121,purple_ratio_low,none,
RKLB,4h,2026-03-08 18:22:40,sell_purple_exit,紫色卖出,shadow,no_hit,否,123121,template_miss,shadow,
RKLZ,1h,2026-03-08 18:23:14,buy_core,笑笑砖策略,live,no_hit,否,492489,pattern_not_met,none,
RKLZ,1h,2026-03-08 18:23:14,buy_plus_red_diamond,买+红砖石,shadow,no_hit,否,,red_ratio_low,shadow,
RKLZ,1h,2026-03-08 18:23:14,buy_purple_bottom,紫抄,shadow,no_hit,否,492489,template_miss,shadow,
RKLZ,1h,2026-03-08 18:23:14,sell_purple_cry,紫色哭脸,live,no_hit,否,492489,already_active,none,
RKLZ,1h,2026-03-08 18:23:14,sell_purple_exit,紫色卖出,shadow,no_hit,否,492489,template_miss,shadow,
RKLZ,2h,2026-03-08 18:23:51,buy_core,笑笑砖策略,live,no_hit,否,246244,pattern_not_met,none,
RKLZ,2h,2026-03-08 18:23:51,buy_plus_red_diamond,买+红砖石,shadow,no_hit,否,,red_ratio_low,shadow,
RKLZ,2h,2026-03-08 18:23:51,buy_purple_bottom,紫抄,shadow,no_hit,否,246244,template_miss,shadow,
RKLZ,2h,2026-03-08 18:23:51,sell_purple_cry,紫色哭脸,live,no_hit,否,246244,template_miss,none,
RKLZ,2h,2026-03-08 18:23:51,sell_purple_exit,紫色卖出,shadow,no_hit,否,246244,template_miss,shadow,
RKLZ,3h,2026-03-08 18:24:09,buy_core,笑笑砖策略,live,no_hit,否,164162,pattern_not_met,none,
RKLZ,3h,2026-03-08 18:24:09,buy_plus_red_diamond,买+红砖石,shadow,no_hit,否,,red_ratio_low,shadow,
RKLZ,3h,2026-03-08 18:24:09,buy_purple_bottom,紫抄,shadow,no_hit,否,164162,template_miss,shadow,
RKLZ,3h,2026-03-08 18:24:09,sell_purple_cry,紫色哭脸,live,no_hit,否,164162,already_active,none,
RKLZ,3h,2026-03-08 18:24:09,sell_purple_exit,紫色卖出,shadow,no_hit,否,164162,template_miss,shadow,
RKLZ,4h,2026-03-08 18:24:37,buy_core,笑笑砖策略,live,no_hit,否,123121,pattern_not_met,none,
RKLZ,4h,2026-03-08 18:24:37,buy_plus_red_diamond,买+红砖石,shadow,no_hit,否,,red_ratio_low,shadow,
RKLZ,4h,2026-03-08 18:24:37,buy_purple_bottom,紫抄,shadow,no_hit,否,123121,template_miss,shadow,
RKLZ,4h,2026-03-08 18:24:37,sell_purple_cry,紫色哭脸,live,no_hit,否,123121,already_active,none,
RKLZ,4h,2026-03-08 18:24:37,sell_purple_exit,紫色卖出,shadow,no_hit,否,123121,template_miss,shadow,
RZLV,1h,2026-03-08 18:25:47,buy_core,笑笑砖策略,live,no_hit,否,492489,pattern_not_met,none,
RZLV,1h,2026-03-08 18:25:47,buy_plus_red_diamond,买+红砖石,shadow,no_hit,否,,red_ratio_low,shadow,
RZLV,1h,2026-03-08 18:25:47,buy_purple_bottom,紫抄,shadow,no_hit,否,492489,template_miss,shadow,
RZLV,1h,2026-03-08 18:25:47,sell_purple_cry,紫色哭脸,live,no_hit,否,492489,template_miss,none,
RZLV,1h,2026-03-08 18:25:47,sell_purple_exit,紫色卖出,shadow,no_hit,否,492489,template_miss,shadow,
RZLV,2h,2026-03-08 18:26:38,buy_core,笑笑砖策略,live,no_hit,否,246244,pattern_not_met,none,
RZLV,2h,2026-03-08 18:26:38,buy_plus_red_diamond,买+红砖石,shadow,no_hit,否,,red_ratio_low,shadow,
RZLV,2h,2026-03-08 18:26:38,buy_purple_bottom,紫抄,shadow,no_hit,否,246244,template_miss,shadow,
RZLV,2h,2026-03-08 18:26:38,sell_purple_cry,紫色哭脸,live,no_hit,否,246244,template_miss,none,
RZLV,2h,2026-03-08 18:26:38,sell_purple_exit,紫色卖出,shadow,no_hit,否,246244,template_miss,shadow,
RZLV,3h,2026-03-08 18:26:56,buy_core,笑笑砖策略,live,no_hit,否,164162,pattern_not_met,none,
RZLV,3h,2026-03-08 18:26:56,buy_plus_red_diamond,买+红砖石,shadow,no_hit,否,,red_ratio_low,shadow,
RZLV,3h,2026-03-08 18:26:56,buy_purple_bottom,紫抄,shadow,no_hit,否,164162,template_miss,shadow,
RZLV,3h,2026-03-08 18:26:56,sell_purple_cry,紫色哭脸,live,no_hit,否,164162,already_active,none,
RZLV,3h,2026-03-08 18:26:56,sell_purple_exit,紫色卖出,shadow,no_hit,否,164162,template_miss,shadow,
RZLV,4h,2026-03-08 18:27:34,buy_core,笑笑砖策略,live,no_hit,否,123121,pattern_not_met,none,
RZLV,4h,2026-03-08 18:27:34,buy_plus_red_diamond,买+红砖石,shadow,no_hit,否,,red_ratio_low,shadow,
RZLV,4h,2026-03-08 18:27:34,buy_purple_bottom,紫抄,shadow,no_hit,否,123121,template_miss,shadow,
RZLV,4h,2026-03-08 18:27:34,sell_purple_cry,紫色哭脸,live,no_hit,否,123121,template_miss,none,
RZLV,4h,2026-03-08 18:27:34,sell_purple_exit,紫色卖出,shadow,no_hit,否,123121,template_miss,shadow,
SOXS,1h,2026-03-08 18:28:27,buy_core,笑笑砖策略,live,no_hit,否,492489,pattern_not_met,none,
SOXS,1h,2026-03-08 18:28:27,buy_plus_red_diamond,买+红砖石,shadow,no_hit,否,,red_ratio_low,shadow,
SOXS,1h,2026-03-08 18:28:27,buy_purple_bottom,紫抄,shadow,no_hit,否,492489,template_miss,shadow,
SOXS,1h,2026-03-08 18:28:27,sell_purple_cry,紫色哭脸,live,no_hit,否,492489,template_miss,none,
SOXS,1h,2026-03-08 18:28:27,sell_purple_exit,紫色卖出,shadow,no_hit,否,492489,template_miss,shadow,
SOXS,2h,2026-03-08 18:29:07,buy_core,笑笑砖策略,live,no_hit,否,246244,pattern_not_met,none,
SOXS,2h,2026-03-08 18:29:07,buy_plus_red_diamond,买+红砖石,shadow,no_hit,否,,red_ratio_low,shadow,
SOXS,2h,2026-03-08 18:29:07,buy_purple_bottom,紫抄,shadow,no_hit,否,246244,template_miss,shadow,
SOXS,2h,2026-03-08 18:29:07,sell_purple_cry,紫色哭脸,live,no_hit,否,246244,template_miss,none,
SOXS,2h,2026-03-08 18:29:07,sell_purple_exit,紫色卖出,shadow,no_hit,否,246244,template_miss,shadow,
SOXS,3h,2026-03-08 18:29:39,buy_core,笑笑砖策略,live,no_hit,否,164162,pattern_not_met,none,
SOXS,3h,2026-03-08 18:29:39,buy_plus_red_diamond,买+红砖石,shadow,no_hit,否,,red_ratio_low,shadow,
SOXS,3h,2026-03-08 18:29:39,buy_purple_bottom,紫抄,shadow,no_hit,否,164162,template_miss,shadow,
SOXS,3h,2026-03-08 18:29:39,sell_purple_cry,紫色哭脸,live,no_hit,否,164162,template_miss,none,
SOXS,3h,2026-03-08 18:29:39,sell_purple_exit,紫色卖出,shadow,no_hit,否,164162,template_miss,shadow,
SOXS,4h,2026-03-08 18:30:07,buy_core,笑笑砖策略,live,no_hit,否,123121,pattern_not_met,none,
SOXS,4h,2026-03-08 18:30:07,buy_plus_red_diamond,买+红砖石,shadow,no_hit,否,,red_ratio_low,shadow,
SOXS,4h,2026-03-08 18:30:07,buy_purple_bottom,紫抄,shadow,no_hit,否,123121,template_miss,shadow,
SOXS,4h,2026-03-08 18:30:07,sell_purple_cry,紫色哭脸,live,no_hit,否,123121,purple_ratio_low,none,
SOXS,4h,2026-03-08 18:30:07,sell_purple_exit,紫色卖出,shadow,no_hit,否,123121,template_miss,shadow,
STM,1h,2026-03-08 18:30:55,buy_core,笑笑砖策略,live,no_hit,否,492489,pattern_not_met,none,
STM,1h,2026-03-08 18:30:55,buy_plus_red_diamond,买+红砖石,shadow,no_hit,否,,red_ratio_low,shadow,
STM,1h,2026-03-08 18:30:55,buy_purple_bottom,紫抄,shadow,no_hit,否,492489,template_miss,shadow,
STM,1h,2026-03-08 18:30:55,sell_purple_cry,紫色哭脸,live,no_hit,否,492489,template_miss,none,
STM,1h,2026-03-08 18:30:55,sell_purple_exit,紫色卖出,shadow,no_hit,否,492489,template_miss,shadow,
STM,2h,2026-03-08 18:31:27,buy_core,笑笑砖策略,live,no_hit,否,246244,pattern_not_met,none,
STM,2h,2026-03-08 18:31:27,buy_plus_red_diamond,买+红砖石,shadow,no_hit,否,,red_ratio_low,shadow,
STM,2h,2026-03-08 18:31:27,buy_purple_bottom,紫抄,shadow,no_hit,否,246244,template_miss,shadow,
STM,2h,2026-03-08 18:31:27,sell_purple_cry,紫色哭脸,live,no_hit,否,246244,template_miss,none,
STM,2h,2026-03-08 18:31:27,sell_purple_exit,紫色卖出,shadow,no_hit,否,246244,template_miss,shadow,
STM,3h,2026-03-08 18:32:32,buy_core,笑笑砖策略,live,no_hit,否,164162,pattern_not_met,none,
STM,3h,2026-03-08 18:32:32,buy_plus_red_diamond,买+红砖石,shadow,no_hit,否,,red_ratio_low,shadow,
STM,3h,2026-03-08 18:32:32,buy_purple_bottom,紫抄,shadow,no_hit,否,164162,template_miss,shadow,
STM,3h,2026-03-08 18:32:32,sell_purple_cry,紫色哭脸,live,no_hit,否,164162,template_miss,none,
STM,3h,2026-03-08 18:32:32,sell_purple_exit,紫色卖出,shadow,no_hit,否,164162,template_miss,shadow,
STM,4h,2026-03-08 18:33:57,buy_core,笑笑砖策略,live,no_hit,否,123121,pattern_not_met,none,
STM,4h,2026-03-08 18:33:57,buy_plus_red_diamond,买+红砖石,shadow,no_hit,否,,red_ratio_low,shadow,
STM,4h,2026-03-08 18:33:57,buy_purple_bottom,紫抄,shadow,no_hit,否,123121,template_miss,shadow,
STM,4h,2026-03-08 18:33:57,sell_purple_cry,紫色哭脸,live,no_hit,否,123121,template_miss,none,
STM,4h,2026-03-08 18:33:57,sell_purple_exit,紫色卖出,shadow,no_hit,否,123121,template_miss,shadow,
TSLA,1h,2026-03-08 18:34:29,buy_core,笑笑砖策略,live,no_hit,否,492489,pattern_not_met,none,
TSLA,1h,2026-03-08 18:34:29,buy_plus_red_diamond,买+红砖石,shadow,no_hit,否,,template_miss,shadow,
TSLA,1h,2026-03-08 18:34:29,buy_purple_bottom,紫抄,shadow,no_hit,否,492489,template_miss,shadow,
TSLA,1h,2026-03-08 18:34:29,sell_purple_cry,紫色哭脸,live,no_hit,否,492489,template_miss,none,
TSLA,1h,2026-03-08 18:34:29,sell_purple_exit,紫色卖出,shadow,no_hit,否,492489,template_miss,shadow,
TSLA,2h,2026-03-08 18:35:08,buy_core,笑笑砖策略,live,no_hit,否,246244,pattern_not_met,none,
TSLA,2h,2026-03-08 18:35:08,buy_plus_red_diamond,买+红砖石,shadow,no_hit,否,,red_ratio_low,shadow,
TSLA,2h,2026-03-08 18:35:08,buy_purple_bottom,紫抄,shadow,no_hit,否,246244,template_miss,shadow,
TSLA,2h,2026-03-08 18:35:08,sell_purple_cry,紫色哭脸,live,no_hit,否,246244,template_miss,none,
TSLA,2h,2026-03-08 18:35:08,sell_purple_exit,紫色卖出,shadow,no_hit,否,246244,template_miss,shadow,
TSLA,3h,2026-03-08 18:35:41,buy_core,笑笑砖策略,live,no_hit,否,164162,pattern_not_met,none,
TSLA,3h,2026-03-08 18:35:41,buy_plus_red_diamond,买+红砖石,shadow,no_hit,否,,template_miss,shadow,
TSLA,3h,2026-03-08 18:35:41,buy_purple_bottom,紫抄,shadow,no_hit,否,164162,template_miss,shadow,
TSLA,3h,2026-03-08 18:35:41,sell_purple_cry,紫色哭脸,live,no_hit,否,164162,template_miss,none,
TSLA,3h,2026-03-08 18:35:41,sell_purple_exit,紫色卖出,shadow,no_hit,否,164162,template_miss,shadow,
TSLA,4h,2026-03-08 18:36:19,buy_core,笑笑砖策略,live,no_hit,否,123121,pattern_not_met,none,
TSLA,4h,2026-03-08 18:36:19,buy_plus_red_diamond,买+红砖石,shadow,no_hit,否,,red_ratio_low,shadow,
TSLA,4h,2026-03-08 18:36:19,buy_purple_bottom,紫抄,shadow,no_hit,否,123121,template_miss,shadow,
TSLA,4h,2026-03-08 18:36:19,sell_purple_cry,紫色哭脸,live,no_hit,否,123121,template_miss,none,
TSLA,4h,2026-03-08 18:36:19,sell_purple_exit,紫色卖出,shadow,no_hit,否,123121,template_miss,shadow,
TSLQ,1h,2026-03-08 18:37:21,buy_core,笑笑砖策略,live,no_hit,否,492489,pattern_not_met,none,
TSLQ,1h,2026-03-08 18:37:21,buy_plus_red_diamond,买+红砖石,shadow,no_hit,否,,template_miss,shadow,
TSLQ,1h,2026-03-08 18:37:21,buy_purple_bottom,紫抄,shadow,no_hit,否,492489,template_miss,shadow,
TSLQ,1h,2026-03-08 18:37:21,sell_purple_cry,紫色哭脸,live,no_hit,否,492489,template_miss,none,
TSLQ,1h,2026-03-08 18:37:21,sell_purple_exit,紫色卖出,shadow,no_hit,否,492489,template_miss,shadow,
TSLQ,2h,2026-03-08 18:38:11,buy_core,笑笑砖策略,live,no_hit,否,246244,pattern_not_met,none,
TSLQ,2h,2026-03-08 18:38:11,buy_plus_red_diamond,买+红砖石,shadow,no_hit,否,,red_ratio_low,shadow,
TSLQ,2h,2026-03-08 18:38:11,buy_purple_bottom,紫抄,shadow,no_hit,否,246244,template_miss,shadow,
TSLQ,2h,2026-03-08 18:38:11,sell_purple_cry,紫色哭脸,live,no_hit,否,246244,template_miss,none,
TSLQ,2h,2026-03-08 18:38:11,sell_purple_exit,紫色卖出,shadow,no_hit,否,246244,template_miss,shadow,
TSLQ,3h,2026-03-08 18:39:00,buy_core,笑笑砖策略,live,no_hit,否,164162,pattern_not_met,none,
TSLQ,3h,2026-03-08 18:39:00,buy_plus_red_diamond,买+红砖石,shadow,no_hit,否,,red_ratio_low,shadow,
TSLQ,3h,2026-03-08 18:39:00,buy_purple_bottom,紫抄,shadow,no_hit,否,164162,template_miss,shadow,
TSLQ,3h,2026-03-08 18:39:00,sell_purple_cry,紫色哭脸,live,no_hit,否,164162,template_miss,none,
TSLQ,3h,2026-03-08 18:39:00,sell_purple_exit,紫色卖出,shadow,no_hit,否,164162,template_miss,shadow,
TSLQ,4h,2026-03-08 18:39:45,buy_core,笑笑砖策略,live,no_hit,否,123121,pattern_not_met,none,
TSLQ,4h,2026-03-08 18:39:45,buy_plus_red_diamond,买+红砖石,shadow,no_hit,否,,red_ratio_low,shadow,
TSLQ,4h,2026-03-08 18:39:45,buy_purple_bottom,紫抄,shadow,no_hit,否,123121,template_miss,shadow,
TSLQ,4h,2026-03-08 18:39:45,sell_purple_cry,紫色哭脸,live,no_hit,否,123121,template_miss,none,
TSLQ,4h,2026-03-08 18:39:45,sell_purple_exit,紫色卖出,shadow,no_hit,否,123121,template_miss,shadow,
UVIX,1h,2026-03-08 18:40:19,buy_core,笑笑砖策略,live,no_hit,否,492489,pattern_not_met,none,
UVIX,1h,2026-03-08 18:40:19,buy_plus_red_diamond,买+红砖石,shadow,no_hit,否,,red_ratio_low,shadow,
UVIX,1h,2026-03-08 18:40:19,buy_purple_bottom,紫抄,shadow,no_hit,否,492489,template_miss,shadow,
UVIX,1h,2026-03-08 18:40:19,sell_purple_cry,紫色哭脸,live,no_hit,否,492489,template_miss,none,
UVIX,1h,2026-03-08 18:40:19,sell_purple_exit,紫色卖出,shadow,no_hit,否,492489,template_miss,shadow,
UVIX,2h,2026-03-08 18:40:51,buy_core,笑笑砖策略,live,no_hit,否,246244,pattern_not_met,none,
UVIX,2h,2026-03-08 18:40:51,buy_plus_red_diamond,买+红砖石,shadow,no_hit,否,,red_ratio_low,shadow,
UVIX,2h,2026-03-08 18:40:51,buy_purple_bottom,紫抄,shadow,no_hit,否,246244,template_miss,shadow,
UVIX,2h,2026-03-08 18:40:51,sell_purple_cry,紫色哭脸,live,no_hit,否,246244,template_miss,none,
UVIX,2h,2026-03-08 18:40:51,sell_purple_exit,紫色卖出,shadow,no_hit,否,246244,template_miss,shadow,
UVIX,3h,2026-03-08 18:41:26,buy_core,笑笑砖策略,live,no_hit,否,164162,pattern_not_met,none,
UVIX,3h,2026-03-08 18:41:26,buy_plus_red_diamond,买+红砖石,shadow,no_hit,否,,red_ratio_low,shadow,
UVIX,3h,2026-03-08 18:41:26,buy_purple_bottom,紫抄,shadow,no_hit,否,164162,template_miss,shadow,
UVIX,3h,2026-03-08 18:41:26,sell_purple_cry,紫色哭脸,live,no_hit,否,164162,template_miss,none,
UVIX,3h,2026-03-08 18:41:26,sell_purple_exit,紫色卖出,shadow,no_hit,否,164162,template_miss,shadow,
UVIX,4h,2026-03-08 18:41:51,buy_core,笑笑砖策略,live,no_hit,否,123121,pattern_not_met,none,
UVIX,4h,2026-03-08 18:41:51,buy_plus_red_diamond,买+红砖石,shadow,no_hit,否,,red_ratio_low,shadow,
UVIX,4h,2026-03-08 18:41:51,buy_purple_bottom,紫抄,shadow,no_hit,否,123121,template_miss,shadow,
UVIX,4h,2026-03-08 18:41:51,sell_purple_cry,紫色哭脸,live,no_hit,否,123121,purple_ratio_low,none,
UVIX,4h,2026-03-08 18:41:51,sell_purple_exit,紫色卖出,shadow,no_hit,否,123121,template_miss,shadow,
WDC,1h,2026-03-08 18:42:21,buy_core,笑笑砖策略,live,no_hit,否,492489,pattern_not_met,none,
WDC,1h,2026-03-08 18:42:21,buy_plus_red_diamond,买+红砖石,shadow,no_hit,否,,red_ratio_low,shadow,
WDC,1h,2026-03-08 18:42:21,buy_purple_bottom,紫抄,shadow,no_hit,否,492489,template_miss,shadow,
WDC,1h,2026-03-08 18:42:21,sell_purple_cry,紫色哭脸,live,no_hit,否,492489,template_miss,none,
WDC,1h,2026-03-08 18:42:21,sell_purple_exit,紫色卖出,shadow,no_hit,否,492489,template_miss,shadow,
WDC,2h,2026-03-08 18:42:51,buy_core,笑笑砖策略,live,no_hit,否,246244,pattern_not_met,none,
WDC,2h,2026-03-08 18:42:51,buy_plus_red_diamond,买+红砖石,shadow,no_hit,否,,red_ratio_low,shadow,
WDC,2h,2026-03-08 18:42:51,buy_purple_bottom,紫抄,shadow,no_hit,否,246244,template_miss,shadow,
WDC,2h,2026-03-08 18:42:51,sell_purple_cry,紫色哭脸,live,no_hit,否,246244,template_miss,none,
WDC,2h,2026-03-08 18:42:51,sell_purple_exit,紫色卖出,shadow,no_hit,否,246244,template_miss,shadow,
WDC,3h,2026-03-08 18:43:21,buy_core,笑笑砖策略,live,no_hit,否,164162,pattern_not_met,none,
WDC,3h,2026-03-08 18:43:21,buy_plus_red_diamond,买+红砖石,shadow,no_hit,否,,red_ratio_low,shadow,
WDC,3h,2026-03-08 18:43:21,buy_purple_bottom,紫抄,shadow,no_hit,否,164162,template_miss,shadow,
WDC,3h,2026-03-08 18:43:21,sell_purple_cry,紫色哭脸,live,no_hit,否,164162,template_miss,none,
WDC,3h,2026-03-08 18:43:21,sell_purple_exit,紫色卖出,shadow,no_hit,否,164162,template_miss,shadow,
WDC,4h,2026-03-08 18:44:34,buy_core,笑笑砖策略,live,no_hit,否,123121,pattern_not_met,none,
WDC,4h,2026-03-08 18:44:34,buy_plus_red_diamond,买+红砖石,shadow,no_hit,否,,template_miss,shadow,
WDC,4h,2026-03-08 18:44:34,buy_purple_bottom,紫抄,shadow,no_hit,否,123121,template_miss,shadow,
WDC,4h,2026-03-08 18:44:34,sell_purple_cry,紫色哭脸,live,no_hit,否,123121,template_miss,none,
WDC,4h,2026-03-08 18:44:34,sell_purple_exit,紫色卖出,shadow,no_hit,否,123121,template_miss,shadow,
ZSL,1h,2026-03-08 18:45:07,buy_core,笑笑砖策略,live,no_hit,否,492489,pattern_not_met,none,
ZSL,1h,2026-03-08 18:45:07,buy_plus_red_diamond,买+红砖石,shadow,no_hit,否,,template_miss,shadow,
ZSL,1h,2026-03-08 18:45:07,buy_purple_bottom,紫抄,shadow,no_hit,否,492489,template_miss,shadow,
ZSL,1h,2026-03-08 18:45:07,sell_purple_cry,紫色哭脸,live,no_hit,否,492489,template_miss,none,
ZSL,1h,2026-03-08 18:45:07,sell_purple_exit,紫色卖出,shadow,no_hit,否,492489,template_miss,shadow,
ZSL,2h,2026-03-08 18:45:58,buy_core,笑笑砖策略,live,no_hit,否,246244,pattern_not_met,none,
ZSL,2h,2026-03-08 18:45:58,buy_plus_red_diamond,买+红砖石,shadow,no_hit,否,,red_ratio_low,shadow,
ZSL,2h,2026-03-08 18:45:58,buy_purple_bottom,紫抄,shadow,no_hit,否,246244,template_miss,shadow,
ZSL,2h,2026-03-08 18:45:58,sell_purple_cry,紫色哭脸,live,no_hit,否,246244,purple_ratio_low,none,
ZSL,2h,2026-03-08 18:45:58,sell_purple_exit,紫色卖出,shadow,no_hit,否,246244,template_miss,shadow,
ZSL,3h,2026-03-08 18:47:22,buy_core,笑笑砖策略,live,no_hit,否,164162,pattern_not_met,none,
ZSL,3h,2026-03-08 18:47:22,buy_plus_red_diamond,买+红砖石,shadow,no_hit,否,,red_ratio_low,shadow,
ZSL,3h,2026-03-08 18:47:22,buy_purple_bottom,紫抄,shadow,no_hit,否,164162,template_miss,shadow,
ZSL,3h,2026-03-08 18:47:22,sell_purple_cry,紫色哭脸,live,no_hit,否,164162,template_miss,none,
ZSL,3h,2026-03-08 18:47:22,sell_purple_exit,紫色卖出,shadow,no_hit,否,164162,template_miss,shadow,
ZSL,4h,2026-03-08 18:48:46,buy_core,笑笑砖策略,live,no_hit,否,123121,pattern_not_met,none,
ZSL,4h,2026-03-08 18:48:46,buy_plus_red_diamond,买+红砖石,shadow,no_hit,否,,red_ratio_low,shadow,
ZSL,4h,2026-03-08 18:48:46,buy_purple_bottom,紫抄,shadow,no_hit,否,123121,template_miss,shadow,
ZSL,4h,2026-03-08 18:48:46,sell_purple_cry,紫色哭脸,live,no_hit,否,123121,template_miss,none,
ZSL,4h,2026-03-08 18:48:46,sell_purple_exit,紫色卖出,shadow,no_hit,否,123121,template_miss,shadow,
BILI,1h,2026-03-08 19:00:29,buy_core,笑笑砖策略,live,no_hit,否,492489,pattern_not_met,none,
BILI,1h,2026-03-08 19:00:29,buy_plus_red_diamond,买+红砖石,shadow,no_hit,否,,red_ratio_low,shadow,
BILI,1h,2026-03-08 19:00:29,buy_purple_bottom,紫抄,shadow,no_hit,否,492489,template_miss,shadow,
BILI,1h,2026-03-08 19:00:29,sell_purple_cry,紫色哭脸,live,no_hit,否,492489,template_miss,none,
BILI,1h,2026-03-08 19:00:29,sell_purple_exit,紫色卖出,shadow,no_hit,否,492489,template_miss,shadow,
BILI,2h,2026-03-08 19:01:38,buy_core,笑笑砖策略,live,no_hit,否,246244,pattern_not_met,none,
BILI,2h,2026-03-08 19:01:38,buy_plus_red_diamond,买+红砖石,shadow,no_hit,否,,template_miss,shadow,
BILI,2h,2026-03-08 19:01:38,buy_purple_bottom,紫抄,shadow,no_hit,否,246244,template_miss,shadow,
BILI,2h,2026-03-08 19:01:38,sell_purple_cry,紫色哭脸,live,no_hit,否,246244,template_miss,none,
BILI,2h,2026-03-08 19:01:38,sell_purple_exit,紫色卖出,shadow,no_hit,否,246244,template_miss,shadow,
BILI,3h,2026-03-08 19:02:47,buy_core,笑笑砖策略,live,no_hit,否,164162,pattern_not_met,none,
BILI,3h,2026-03-08 19:02:47,buy_plus_red_diamond,买+红砖石,shadow,no_hit,否,,template_miss,shadow,
BILI,3h,2026-03-08 19:02:47,buy_purple_bottom,紫抄,shadow,no_hit,否,164162,template_miss,shadow,
BILI,3h,2026-03-08 19:02:47,sell_purple_cry,紫色哭脸,live,no_hit,否,164162,template_miss,none,
BILI,3h,2026-03-08 19:02:47,sell_purple_exit,紫色卖出,shadow,no_hit,否,164162,template_miss,shadow,
BILI,4h,2026-03-08 19:04:12,buy_core,笑笑砖策略,live,no_hit,否,123121,pattern_not_met,none,
BILI,4h,2026-03-08 19:04:12,buy_plus_red_diamond,买+红砖石,shadow,no_hit,否,,red_ratio_low,shadow,
BILI,4h,2026-03-08 19:04:12,buy_purple_bottom,紫抄,shadow,no_hit,否,123121,template_miss,shadow,
BILI,4h,2026-03-08 19:04:12,sell_purple_cry,紫色哭脸,live,no_hit,否,123121,template_miss,none,
BILI,4h,2026-03-08 19:04:12,sell_purple_exit,紫色卖出,shadow,no_hit,否,123121,template_miss,shadow,
CONI,1h,2026-03-08 19:05:07,buy_core,笑笑砖策略,live,no_hit,否,492490,pattern_not_met,none,
CONI,1h,2026-03-08 19:05:07,buy_plus_red_diamond,买+红砖石,shadow,no_hit,否,,red_ratio_low,shadow,
CONI,1h,2026-03-08 19:05:07,buy_purple_bottom,紫抄,shadow,no_hit,否,492490,template_miss,shadow,
CONI,1h,2026-03-08 19:05:07,sell_purple_cry,紫色哭脸,live,no_hit,否,492490,template_miss,none,
CONI,1h,2026-03-08 19:05:07,sell_purple_exit,紫色卖出,shadow,no_hit,否,492490,template_miss,shadow,
CONI,2h,2026-03-08 19:05:54,buy_core,笑笑砖策略,live,no_hit,否,246244,pattern_not_met,none,
CONI,2h,2026-03-08 19:05:54,buy_plus_red_diamond,买+红砖石,shadow,no_hit,否,,red_ratio_low,shadow,
CONI,2h,2026-03-08 19:05:54,buy_purple_bottom,紫抄,shadow,no_hit,否,246244,template_miss,shadow,
CONI,2h,2026-03-08 19:05:54,sell_purple_cry,紫色哭脸,live,no_hit,否,246244,already_active,none,
CONI,2h,2026-03-08 19:05:54,sell_purple_exit,紫色卖出,shadow,no_hit,否,246244,template_miss,shadow,
CONI,3h,2026-03-08 19:06:35,buy_core,笑笑砖策略,live,no_hit,否,164162,pattern_not_met,none,
CONI,3h,2026-03-08 19:06:35,buy_plus_red_diamond,买+红砖石,shadow,no_hit,否,,red_ratio_low,shadow,
CONI,3h,2026-03-08 19:06:35,buy_purple_bottom,紫抄,shadow,no_hit,否,164162,template_miss,shadow,
CONI,3h,2026-03-08 19:06:35,sell_purple_cry,紫色哭脸,live,no_hit,否,164162,already_active,none,
CONI,3h,2026-03-08 19:06:35,sell_purple_exit,紫色卖出,shadow,no_hit,否,164162,template_miss,shadow,
CONI,4h,2026-03-08 19:07:52,buy_core,笑笑砖策略,live,no_hit,否,123121,pattern_not_met,none,
CONI,4h,2026-03-08 19:07:52,buy_plus_red_diamond,买+红砖石,shadow,no_hit,否,,red_ratio_low,shadow,
CONI,4h,2026-03-08 19:07:52,buy_purple_bottom,紫抄,shadow,no_hit,否,123121,template_miss,shadow,
CONI,4h,2026-03-08 19:07:52,sell_purple_cry,紫色哭脸,live,no_hit,否,123121,template_miss,none,
CONI,4h,2026-03-08 19:07:52,sell_purple_exit,紫色卖出,shadow,no_hit,否,123121,template_miss,shadow,
CORD,1h,2026-03-08 19:08:28,buy_core,笑笑砖策略,live,no_hit,否,492490,pattern_not_met,none,
CORD,1h,2026-03-08 19:08:28,buy_plus_red_diamond,买+红砖石,shadow,no_hit,否,,red_ratio_low,shadow,
CORD,1h,2026-03-08 19:08:28,buy_purple_bottom,紫抄,shadow,no_hit,否,492490,template_miss,shadow,
CORD,1h,2026-03-08 19:08:28,sell_purple_cry,紫色哭脸,live,no_hit,否,492490,template_miss,none,
CORD,1h,2026-03-08 19:08:28,sell_purple_exit,紫色卖出,shadow,no_hit,否,492490,template_miss,shadow,
CORD,2h,2026-03-08 19:09:12,buy_core,笑笑砖策略,live,no_hit,否,246244,pattern_not_met,none,
CORD,2h,2026-03-08 19:09:12,buy_plus_red_diamond,买+红砖石,shadow,no_hit,否,,red_ratio_low,shadow,
CORD,2h,2026-03-08 19:09:12,buy_purple_bottom,紫抄,shadow,no_hit,否,246244,template_miss,shadow,
CORD,2h,2026-03-08 19:09:12,sell_purple_cry,紫色哭脸,live,no_hit,否,246244,purple_ratio_low,none,
CORD,2h,2026-03-08 19:09:12,sell_purple_exit,紫色卖出,shadow,no_hit,否,246244,template_miss,shadow,
CORD,3h,2026-03-08 19:09:52,buy_core,笑笑砖策略,live,no_hit,否,164162,pattern_not_met,none,
CORD,3h,2026-03-08 19:09:52,buy_plus_red_diamond,买+红砖石,shadow,no_hit,否,,red_ratio_low,shadow,
CORD,3h,2026-03-08 19:09:52,buy_purple_bottom,紫抄,shadow,no_hit,否,164162,template_miss,shadow,
CORD,3h,2026-03-08 19:09:52,sell_purple_cry,紫色哭脸,live,no_hit,否,164162,already_active,none,
CORD,3h,2026-03-08 19:09:52,sell_purple_exit,紫色卖出,shadow,no_hit,否,164162,template_miss,shadow,
CORD,4h,2026-03-08 19:10:38,buy_core,笑笑砖策略,live,no_hit,否,123121,pattern_not_met,none,
CORD,4h,2026-03-08 19:10:38,buy_plus_red_diamond,买+红砖石,shadow,no_hit,否,,red_ratio_low,shadow,
CORD,4h,2026-03-08 19:10:38,buy_purple_bottom,紫抄,shadow,no_hit,否,123121,template_miss,shadow,
CORD,4h,2026-03-08 19:10:38,sell_purple_cry,紫色哭脸,live,no_hit,否,123121,already_active,none,
CORD,4h,2026-03-08 19:10:38,sell_purple_exit,紫色卖出,shadow,no_hit,否,123121,template_miss,shadow,
CRCD,1h,2026-03-08 19:11:21,buy_core,笑笑砖策略,live,no_hit,否,492490,pattern_not_met,none,
CRCD,1h,2026-03-08 19:11:21,buy_plus_red_diamond,买+红砖石,shadow,no_hit,否,,template_miss,shadow,
CRCD,1h,2026-03-08 19:11:21,buy_purple_bottom,紫抄,shadow,no_hit,否,492490,template_miss,shadow,
CRCD,1h,2026-03-08 19:11:21,sell_purple_cry,紫色哭脸,live,no_hit,否,492490,template_miss,none,
CRCD,1h,2026-03-08 19:11:21,sell_purple_exit,紫色卖出,shadow,no_hit,否,492490,template_miss,shadow,
CRCD,2h,2026-03-08 19:12:16,buy_core,笑笑砖策略,live,no_hit,否,246244,pattern_not_met,none,
CRCD,2h,2026-03-08 19:12:16,buy_plus_red_diamond,买+红砖石,shadow,no_hit,否,,red_ratio_low,shadow,
CRCD,2h,2026-03-08 19:12:16,buy_purple_bottom,紫抄,shadow,no_hit,否,246244,template_miss,shadow,
CRCD,2h,2026-03-08 19:12:16,sell_purple_cry,紫色哭脸,live,no_hit,否,246244,already_active,none,
CRCD,2h,2026-03-08 19:12:16,sell_purple_exit,紫色卖出,shadow,no_hit,否,246244,template_miss,shadow,
CRCD,3h,2026-03-08 19:13:10,buy_core,笑笑砖策略,live,no_hit,否,164162,pattern_not_met,none,
CRCD,3h,2026-03-08 19:13:10,buy_plus_red_diamond,买+红砖石,shadow,no_hit,否,,red_ratio_low,shadow,
CRCD,3h,2026-03-08 19:13:10,buy_purple_bottom,紫抄,shadow,no_hit,否,164162,template_miss,shadow,
CRCD,3h,2026-03-08 19:13:10,sell_purple_cry,紫色哭脸,live,no_hit,否,164162,already_active,none,
CRCD,3h,2026-03-08 19:13:10,sell_purple_exit,紫色卖出,shadow,no_hit,否,164162,template_miss,shadow,
CRCD,4h,2026-03-08 19:14:16,buy_core,笑笑砖策略,live,no_hit,否,123121,pattern_not_met,none,
CRCD,4h,2026-03-08 19:14:16,buy_plus_red_diamond,买+红砖石,shadow,no_hit,否,,red_ratio_low,shadow,
CRCD,4h,2026-03-08 19:14:16,buy_purple_bottom,紫抄,shadow,no_hit,否,123121,template_miss,shadow,
CRCD,4h,2026-03-08 19:14:16,sell_purple_cry,紫色哭脸,live,no_hit,否,123121,template_miss,none,
CRCD,4h,2026-03-08 19:14:16,sell_purple_exit,紫色卖出,shadow,no_hit,否,123121,template_miss,shadow,
CRCL,1h,2026-03-08 19:15:39,buy_core,笑笑砖策略,live,no_hit,否,492490,pattern_not_met,none,
CRCL,1h,2026-03-08 19:15:39,buy_plus_red_diamond,买+红砖石,shadow,no_hit,否,,red_ratio_low,shadow,
CRCL,1h,2026-03-08 19:15:39,buy_purple_bottom,紫抄,shadow,no_hit,否,492490,template_miss,shadow,
CRCL,1h,2026-03-08 19:15:39,sell_purple_cry,紫色哭脸,live,no_hit,否,492490,template_miss,none,
CRCL,1h,2026-03-08 19:15:39,sell_purple_exit,紫色卖出,shadow,no_hit,否,492490,template_miss,shadow,
CRCL,2h,2026-03-08 19:16:46,buy_core,笑笑砖策略,live,no_hit,否,246244,pattern_not_met,none,
CRCL,2h,2026-03-08 19:16:46,buy_plus_red_diamond,买+红砖石,shadow,no_hit,否,,red_ratio_low,shadow,
CRCL,2h,2026-03-08 19:16:46,buy_purple_bottom,紫抄,shadow,no_hit,否,246244,template_miss,shadow,
CRCL,2h,2026-03-08 19:16:46,sell_purple_cry,紫色哭脸,live,no_hit,否,246244,template_miss,none,
CRCL,2h,2026-03-08 19:16:46,sell_purple_exit,紫色卖出,shadow,no_hit,否,246244,template_miss,shadow,
CRCL,3h,2026-03-08 19:17:50,buy_core,笑笑砖策略,live,no_hit,否,164162,pattern_not_met,none,
CRCL,3h,2026-03-08 19:17:50,buy_plus_red_diamond,买+红砖石,shadow,no_hit,否,,red_ratio_low,shadow,
CRCL,3h,2026-03-08 19:17:50,buy_purple_bottom,紫抄,shadow,no_hit,否,164162,template_miss,shadow,
CRCL,3h,2026-03-08 19:17:50,sell_purple_cry,紫色哭脸,live,no_hit,否,164162,template_miss,none,
CRCL,3h,2026-03-08 19:17:50,sell_purple_exit,紫色卖出,shadow,no_hit,否,164162,template_miss,shadow,
CRCL,4h,2026-03-08 19:18:28,buy_core,笑笑砖策略,live,no_hit,否,123121,pattern_not_met,none,
CRCL,4h,2026-03-08 19:18:28,buy_plus_red_diamond,买+红砖石,shadow,no_hit,否,,red_ratio_low,shadow,
CRCL,4h,2026-03-08 19:18:28,buy_purple_bottom,紫抄,shadow,no_hit,否,123121,template_miss,shadow,
CRCL,4h,2026-03-08 19:18:28,sell_purple_cry,紫色哭脸,live,no_hit,否,123121,already_active,none,
CRCL,4h,2026-03-08 19:18:28,sell_purple_exit,紫色卖出,shadow,no_hit,否,123121,template_miss,shadow,
CRDO,1h,2026-03-08 19:18:56,buy_core,笑笑砖策略,live,no_hit,否,492490,pattern_not_met,none,
CRDO,1h,2026-03-08 19:18:56,buy_plus_red_diamond,买+红砖石,shadow,no_hit,否,,red_ratio_low,shadow,
CRDO,1h,2026-03-08 19:18:56,buy_purple_bottom,紫抄,shadow,no_hit,否,492490,template_miss,shadow,
CRDO,1h,2026-03-08 19:18:56,sell_purple_cry,紫色哭脸,live,no_hit,否,492490,template_miss,none,
CRDO,1h,2026-03-08 19:18:56,sell_purple_exit,紫色卖出,shadow,no_hit,否,492490,template_miss,shadow,
CRDO,2h,2026-03-08 19:19:27,buy_core,笑笑砖策略,live,no_hit,否,246244,pattern_not_met,none,
CRDO,2h,2026-03-08 19:19:27,buy_plus_red_diamond,买+红砖石,shadow,no_hit,否,,red_ratio_low,shadow,
CRDO,2h,2026-03-08 19:19:27,buy_purple_bottom,紫抄,shadow,no_hit,否,246244,template_miss,shadow,
CRDO,2h,2026-03-08 19:19:27,sell_purple_cry,紫色哭脸,live,no_hit,否,246244,template_miss,none,
CRDO,2h,2026-03-08 19:19:27,sell_purple_exit,紫色卖出,shadow,no_hit,否,246244,template_miss,shadow,
CRDO,3h,2026-03-08 19:20:35,buy_core,笑笑砖策略,live,no_hit,否,164162,pattern_not_met,none,
CRDO,3h,2026-03-08 19:20:35,buy_plus_red_diamond,买+红砖石,shadow,no_hit,否,,red_ratio_low,shadow,
CRDO,3h,2026-03-08 19:20:35,buy_purple_bottom,紫抄,shadow,no_hit,否,164162,template_miss,shadow,
CRDO,3h,2026-03-08 19:20:35,sell_purple_cry,紫色哭脸,live,no_hit,否,164162,template_miss,none,
CRDO,3h,2026-03-08 19:20:35,sell_purple_exit,紫色卖出,shadow,no_hit,否,164162,template_miss,shadow,
CRDO,4h,2026-03-08 19:21:01,buy_core,笑笑砖策略,live,no_hit,否,123121,pattern_not_met,none,
CRDO,4h,2026-03-08 19:21:01,buy_plus_red_diamond,买+红砖石,shadow,no_hit,否,,red_ratio_low,shadow,
CRDO,4h,2026-03-08 19:21:01,buy_purple_bottom,紫抄,shadow,no_hit,否,123121,template_miss,shadow,
CRDO,4h,2026-03-08 19:21:01,sell_purple_cry,紫色哭脸,live,no_hit,否,123121,template_miss,none,
CRDO,4h,2026-03-08 19:21:01,sell_purple_exit,紫色卖出,shadow,no_hit,否,123121,template_miss,shadow,
CRML,1h,2026-03-08 19:21:18,buy_core,笑笑砖策略,live,no_hit,否,492490,pattern_not_met,none,
CRML,1h,2026-03-08 19:21:18,buy_plus_red_diamond,买+红砖石,shadow,no_hit,否,,red_ratio_low,shadow,
CRML,1h,2026-03-08 19:21:18,buy_purple_bottom,紫抄,shadow,no_hit,否,492490,template_miss,shadow,
CRML,1h,2026-03-08 19:21:18,sell_purple_cry,紫色哭脸,live,no_hit,否,492490,template_miss,none,
CRML,1h,2026-03-08 19:21:18,sell_purple_exit,紫色卖出,shadow,no_hit,否,492490,template_miss,shadow,
CRML,2h,2026-03-08 19:21:38,buy_core,笑笑砖策略,live,no_hit,否,246244,pattern_not_met,none,
CRML,2h,2026-03-08 19:21:38,buy_plus_red_diamond,买+红砖石,shadow,no_hit,否,,red_ratio_low,shadow,
CRML,2h,2026-03-08 19:21:38,buy_purple_bottom,紫抄,shadow,no_hit,否,246244,template_miss,shadow,
CRML,2h,2026-03-08 19:21:38,sell_purple_cry,紫色哭脸,live,no_hit,否,246244,template_miss,none,
CRML,2h,2026-03-08 19:21:38,sell_purple_exit,紫色卖出,shadow,no_hit,否,246244,template_miss,shadow,
CRML,3h,2026-03-08 19:21:58,buy_core,笑笑砖策略,live,no_hit,否,164162,pattern_not_met,none,
CRML,3h,2026-03-08 19:21:58,buy_plus_red_diamond,买+红砖石,shadow,no_hit,否,,red_ratio_low,shadow,
CRML,3h,2026-03-08 19:21:58,buy_purple_bottom,紫抄,shadow,no_hit,否,164162,template_miss,shadow,
CRML,3h,2026-03-08 19:21:58,sell_purple_cry,紫色哭脸,live,no_hit,否,164162,template_miss,none,
CRML,3h,2026-03-08 19:21:58,sell_purple_exit,紫色卖出,shadow,no_hit,否,164162,template_miss,shadow,
CRML,4h,2026-03-08 19:22:50,buy_core,笑笑砖策略,live,no_hit,否,123121,pattern_not_met,none,
CRML,4h,2026-03-08 19:22:50,buy_plus_red_diamond,买+红砖石,shadow,no_hit,否,,red_ratio_low,shadow,
CRML,4h,2026-03-08 19:22:50,buy_purple_bottom,紫抄,shadow,no_hit,否,123121,template_miss,shadow,
CRML,4h,2026-03-08 19:22:50,sell_purple_cry,紫色哭脸,live,no_hit,否,123121,template_miss,none,
CRML,4h,2026-03-08 19:22:50,sell_purple_exit,紫色卖出,shadow,no_hit,否,123121,template_miss,shadow,
DJT,1h,2026-03-08 19:23:12,buy_core,笑笑砖策略,live,no_hit,否,492490,pattern_not_met,none,
DJT,1h,2026-03-08 19:23:12,buy_plus_red_diamond,买+红砖石,shadow,no_hit,否,,red_ratio_low,shadow,
DJT,1h,2026-03-08 19:23:12,buy_purple_bottom,紫抄,shadow,no_hit,否,492490,template_miss,shadow,
DJT,1h,2026-03-08 19:23:12,sell_purple_cry,紫色哭脸,live,no_hit,否,492490,template_miss,none,
DJT,1h,2026-03-08 19:23:12,sell_purple_exit,紫色卖出,shadow,no_hit,否,492490,template_miss,shadow,
DJT,2h,2026-03-08 19:24:35,buy_core,笑笑砖策略,live,no_hit,否,246244,pattern_not_met,none,
DJT,2h,2026-03-08 19:24:35,buy_plus_red_diamond,买+红砖石,shadow,no_hit,否,,red_ratio_low,shadow,
DJT,2h,2026-03-08 19:24:35,buy_purple_bottom,紫抄,shadow,no_hit,否,246244,template_miss,shadow,
DJT,2h,2026-03-08 19:24:35,sell_purple_cry,紫色哭脸,live,no_hit,否,246244,template_miss,none,
DJT,2h,2026-03-08 19:24:35,sell_purple_exit,紫色卖出,shadow,no_hit,否,246244,template_miss,shadow,
DJT,3h,2026-03-08 19:25:12,buy_core,笑笑砖策略,live,no_hit,否,164162,pattern_not_met,none,
DJT,3h,2026-03-08 19:25:12,buy_plus_red_diamond,买+红砖石,shadow,no_hit,否,,red_ratio_low,shadow,
DJT,3h,2026-03-08 19:25:12,buy_purple_bottom,紫抄,shadow,no_hit,否,164162,template_miss,shadow,
DJT,3h,2026-03-08 19:25:12,sell_purple_cry,紫色哭脸,live,no_hit,否,164162,template_miss,none,
DJT,3h,2026-03-08 19:25:12,sell_purple_exit,紫色卖出,shadow,no_hit,否,164162,template_miss,shadow,
DJT,4h,2026-03-08 19:26:37,buy_core,笑笑砖策略,live,no_hit,否,123121,pattern_not_met,none,
DJT,4h,2026-03-08 19:26:37,buy_plus_red_diamond,买+红砖石,shadow,no_hit,否,,red_ratio_low,shadow,
DJT,4h,2026-03-08 19:26:37,buy_purple_bottom,紫抄,shadow,no_hit,否,123121,template_miss,shadow,
DJT,4h,2026-03-08 19:26:37,sell_purple_cry,紫色哭脸,live,no_hit,否,123121,template_miss,none,
DJT,4h,2026-03-08 19:26:37,sell_purple_exit,紫色卖出,shadow,no_hit,否,123121,template_miss,shadow,
DPST,1h,2026-03-08 19:27:41,buy_core,笑笑砖策略,live,no_hit,否,492490,pattern_not_met,none,
DPST,1h,2026-03-08 19:27:41,buy_plus_red_diamond,买+红砖石,shadow,no_hit,否,,template_miss,shadow,
DPST,1h,2026-03-08 19:27:41,buy_purple_bottom,紫抄,shadow,no_hit,否,492490,template_miss,shadow,
DPST,1h,2026-03-08 19:27:41,sell_purple_cry,紫色哭脸,live,no_hit,否,492490,template_miss,none,
DPST,1h,2026-03-08 19:27:41,sell_purple_exit,紫色卖出,shadow,no_hit,否,492490,template_miss,shadow,
DPST,2h,2026-03-08 19:28:15,buy_core,笑笑砖策略,live,no_hit,否,246244,pattern_not_met,none,
DPST,2h,2026-03-08 19:28:15,buy_plus_red_diamond,买+红砖石,shadow,no_hit,否,,red_ratio_low,shadow,
DPST,2h,2026-03-08 19:28:15,buy_purple_bottom,紫抄,shadow,no_hit,否,246244,template_miss,shadow,
DPST,2h,2026-03-08 19:28:15,sell_purple_cry,紫色哭脸,live,no_hit,否,246244,template_miss,none,
DPST,2h,2026-03-08 19:28:15,sell_purple_exit,紫色卖出,shadow,no_hit,否,246244,template_miss,shadow,
DPST,3h,2026-03-08 19:28:37,buy_core,笑笑砖策略,live,no_hit,否,164162,pattern_not_met,none,
DPST,3h,2026-03-08 19:28:37,buy_plus_red_diamond,买+红砖石,shadow,no_hit,否,,red_ratio_low,shadow,
DPST,3h,2026-03-08 19:28:37,buy_purple_bottom,紫抄,shadow,no_hit,否,164162,template_miss,shadow,
DPST,3h,2026-03-08 19:28:37,sell_purple_cry,紫色哭脸,live,no_hit,否,164162,template_miss,none,
DPST,3h,2026-03-08 19:28:37,sell_purple_exit,紫色卖出,shadow,no_hit,否,164162,template_miss,shadow,
DPST,4h,2026-03-08 19:28:57,buy_core,笑笑砖策略,live,no_hit,否,123121,pattern_not_met,none,
DPST,4h,2026-03-08 19:28:57,buy_plus_red_diamond,买+红砖石,shadow,no_hit,否,,red_ratio_low,shadow,
DPST,4h,2026-03-08 19:28:57,buy_purple_bottom,紫抄,shadow,no_hit,否,123121,template_miss,shadow,
DPST,4h,2026-03-08 19:28:57,sell_purple_cry,紫色哭脸,live,no_hit,否,123121,purple_ratio_low,none,
DPST,4h,2026-03-08 19:28:57,sell_purple_exit,紫色卖出,shadow,no_hit,否,123121,template_miss,shadow,
INTC,1h,2026-03-08 19:29:32,buy_core,笑笑砖策略,live,no_hit,否,492490,pattern_not_met,none,
INTC,1h,2026-03-08 19:29:32,buy_plus_red_diamond,买+红砖石,shadow,no_hit,否,,red_ratio_low,shadow,
INTC,1h,2026-03-08 19:29:32,buy_purple_bottom,紫抄,shadow,no_hit,否,492490,template_miss,shadow,
INTC,1h,2026-03-08 19:29:32,sell_purple_cry,紫色哭脸,live,no_hit,否,492490,template_miss,none,
INTC,1h,2026-03-08 19:29:32,sell_purple_exit,紫色卖出,shadow,no_hit,否,492490,template_miss,shadow,
INTC,2h,2026-03-08 19:30:09,buy_core,笑笑砖策略,live,no_hit,否,246244,pattern_not_met,none,
INTC,2h,2026-03-08 19:30:09,buy_plus_red_diamond,买+红砖石,shadow,no_hit,否,,red_ratio_low,shadow,
INTC,2h,2026-03-08 19:30:09,buy_purple_bottom,紫抄,shadow,no_hit,否,246244,template_miss,shadow,
INTC,2h,2026-03-08 19:30:09,sell_purple_cry,紫色哭脸,live,no_hit,否,246244,template_miss,none,
INTC,2h,2026-03-08 19:30:09,sell_purple_exit,紫色卖出,shadow,no_hit,否,246244,template_miss,shadow,
INTC,3h,2026-03-08 19:31:26,buy_core,笑笑砖策略,live,no_hit,否,164162,pattern_not_met,none,
INTC,3h,2026-03-08 19:31:26,buy_plus_red_diamond,买+红砖石,shadow,no_hit,否,,red_ratio_low,shadow,
INTC,3h,2026-03-08 19:31:26,buy_purple_bottom,紫抄,shadow,no_hit,否,164162,template_miss,shadow,
INTC,3h,2026-03-08 19:31:26,sell_purple_cry,紫色哭脸,live,no_hit,否,164162,template_miss,none,
INTC,3h,2026-03-08 19:31:26,sell_purple_exit,紫色卖出,shadow,no_hit,否,164162,template_miss,shadow,
INTC,4h,2026-03-08 19:31:43,buy_core,笑笑砖策略,live,no_hit,否,123121,pattern_not_met,none,
INTC,4h,2026-03-08 19:31:43,buy_plus_red_diamond,买+红砖石,shadow,no_hit,否,,red_ratio_low,shadow,
INTC,4h,2026-03-08 19:31:43,buy_purple_bottom,紫抄,shadow,no_hit,否,123121,template_miss,shadow,
INTC,4h,2026-03-08 19:31:43,sell_purple_cry,紫色哭脸,live,no_hit,否,123121,already_active,none,
INTC,4h,2026-03-08 19:31:43,sell_purple_exit,紫色卖出,shadow,no_hit,否,123121,template_miss,shadow,
KOLD,1h,2026-03-08 19:32:30,buy_core,笑笑砖策略,live,no_hit,否,492490,pattern_not_met,none,
KOLD,1h,2026-03-08 19:32:30,buy_plus_red_diamond,买+红砖石,shadow,no_hit,否,,red_ratio_low,shadow,
KOLD,1h,2026-03-08 19:32:30,buy_purple_bottom,紫抄,shadow,no_hit,否,492490,template_miss,shadow,
KOLD,1h,2026-03-08 19:32:30,sell_purple_cry,紫色哭脸,live,no_hit,否,492490,template_miss,none,
KOLD,1h,2026-03-08 19:32:30,sell_purple_exit,紫色卖出,shadow,no_hit,否,492490,template_miss,shadow,
KOLD,2h,2026-03-08 19:32:53,buy_core,笑笑砖策略,live,no_hit,否,246244,pattern_not_met,none,
KOLD,2h,2026-03-08 19:32:53,buy_plus_red_diamond,买+红砖石,shadow,no_hit,否,,red_ratio_low,shadow,
KOLD,2h,2026-03-08 19:32:53,buy_purple_bottom,紫抄,shadow,no_hit,否,246244,template_miss,shadow,
KOLD,2h,2026-03-08 19:32:53,sell_purple_cry,紫色哭脸,live,no_hit,否,246244,template_miss,none,
KOLD,2h,2026-03-08 19:32:53,sell_purple_exit,紫色卖出,shadow,no_hit,否,246244,template_miss,shadow,
KOLD,3h,2026-03-08 19:34:00,buy_core,笑笑砖策略,live,no_hit,否,164162,pattern_not_met,none,
KOLD,3h,2026-03-08 19:34:00,buy_plus_red_diamond,买+红砖石,shadow,no_hit,否,,red_ratio_low,shadow,
KOLD,3h,2026-03-08 19:34:00,buy_purple_bottom,紫抄,shadow,no_hit,否,164162,template_miss,shadow,
KOLD,3h,2026-03-08 19:34:00,sell_purple_cry,紫色哭脸,live,no_hit,否,164162,template_miss,none,
KOLD,3h,2026-03-08 19:34:00,sell_purple_exit,紫色卖出,shadow,no_hit,否,164162,template_miss,shadow,
KOLD,4h,2026-03-08 19:34:20,buy_core,笑笑砖策略,live,no_hit,否,123121,pattern_not_met,none,
KOLD,4h,2026-03-08 19:34:20,buy_plus_red_diamond,买+红砖石,shadow,no_hit,否,,red_ratio_low,shadow,
KOLD,4h,2026-03-08 19:34:20,buy_purple_bottom,紫抄,shadow,no_hit,否,123121,template_miss,shadow,
KOLD,4h,2026-03-08 19:34:20,sell_purple_cry,紫色哭脸,live,no_hit,否,123121,template_miss,none,
KOLD,4h,2026-03-08 19:34:20,sell_purple_exit,紫色卖出,shadow,no_hit,否,123121,template_miss,shadow,
LMND,1h,2026-03-08 19:35:07,buy_core,笑笑砖策略,live,no_hit,否,492490,pattern_not_met,none,
LMND,1h,2026-03-08 19:35:07,buy_plus_red_diamond,买+红砖石,shadow,no_hit,否,,red_ratio_low,shadow,
LMND,1h,2026-03-08 19:35:07,buy_purple_bottom,紫抄,shadow,no_hit,否,492490,template_miss,shadow,
LMND,1h,2026-03-08 19:35:07,sell_purple_cry,紫色哭脸,live,no_hit,否,492490,template_miss,none,
LMND,1h,2026-03-08 19:35:07,sell_purple_exit,紫色卖出,shadow,no_hit,否,492490,template_miss,shadow,
LMND,2h,2026-03-08 19:35:44,buy_core,笑笑砖策略,live,no_hit,否,246244,pattern_not_met,none,
LMND,2h,2026-03-08 19:35:44,buy_plus_red_diamond,买+红砖石,shadow,no_hit,否,,red_ratio_low,shadow,
LMND,2h,2026-03-08 19:35:44,buy_purple_bottom,紫抄,shadow,no_hit,否,246244,template_miss,shadow,
LMND,2h,2026-03-08 19:35:44,sell_purple_cry,紫色哭脸,live,no_hit,否,246244,already_active,none,
LMND,2h,2026-03-08 19:35:44,sell_purple_exit,紫色卖出,shadow,no_hit,否,246244,template_miss,shadow,
LMND,3h,2026-03-08 19:37:04,buy_core,笑笑砖策略,live,no_hit,否,164162,pattern_not_met,none,
LMND,3h,2026-03-08 19:37:04,buy_plus_red_diamond,买+红砖石,shadow,no_hit,否,,template_miss,shadow,
LMND,3h,2026-03-08 19:37:04,buy_purple_bottom,紫抄,shadow,no_hit,否,164162,template_miss,shadow,
LMND,3h,2026-03-08 19:37:04,sell_purple_cry,紫色哭脸,live,no_hit,否,164162,template_miss,none,
LMND,3h,2026-03-08 19:37:04,sell_purple_exit,紫色卖出,shadow,no_hit,否,164162,template_miss,shadow,
LMND,4h,2026-03-08 19:37:34,buy_core,笑笑砖策略,live,no_hit,否,123121,pattern_not_met,none,
LMND,4h,2026-03-08 19:37:34,buy_plus_red_diamond,买+红砖石,shadow,no_hit,否,,red_ratio_low,shadow,
LMND,4h,2026-03-08 19:37:34,buy_purple_bottom,紫抄,shadow,no_hit,否,123121,template_miss,shadow,
LMND,4h,2026-03-08 19:37:34,sell_purple_cry,紫色哭脸,live,no_hit,否,123121,already_active,none,
LMND,4h,2026-03-08 19:37:34,sell_purple_exit,紫色卖出,shadow,no_hit,否,123121,template_miss,shadow,
MP,1h,2026-03-08 19:38:27,buy_core,笑笑砖策略,live,no_hit,否,492490,pattern_not_met,none,
MP,1h,2026-03-08 19:38:27,buy_plus_red_diamond,买+红砖石,shadow,no_hit,否,,template_miss,shadow,
MP,1h,2026-03-08 19:38:27,buy_purple_bottom,紫抄,shadow,no_hit,否,492490,template_miss,shadow,
MP,1h,2026-03-08 19:38:27,sell_purple_cry,紫色哭脸,live,no_hit,否,492490,template_miss,none,
MP,1h,2026-03-08 19:38:27,sell_purple_exit,紫色卖出,shadow,no_hit,否,492490,template_miss,shadow,
MP,2h,2026-03-08 19:39:18,buy_core,笑笑砖策略,live,no_hit,否,246244,pattern_not_met,none,
MP,2h,2026-03-08 19:39:18,buy_plus_red_diamond,买+红砖石,shadow,no_hit,否,,template_miss,shadow,
MP,2h,2026-03-08 19:39:18,buy_purple_bottom,紫抄,shadow,no_hit,否,246244,template_miss,shadow,
MP,2h,2026-03-08 19:39:18,sell_purple_cry,紫色哭脸,live,no_hit,否,246244,template_miss,none,
MP,2h,2026-03-08 19:39:18,sell_purple_exit,紫色卖出,shadow,no_hit,否,246244,template_miss,shadow,
MP,3h,2026-03-08 19:40:15,buy_core,笑笑砖策略,live,no_hit,否,164162,pattern_not_met,none,
MP,3h,2026-03-08 19:40:15,buy_plus_red_diamond,买+红砖石,shadow,no_hit,否,,template_miss,shadow,
MP,3h,2026-03-08 19:40:15,buy_purple_bottom,紫抄,shadow,no_hit,否,164162,template_miss,shadow,
MP,3h,2026-03-08 19:40:15,sell_purple_cry,紫色哭脸,live,no_hit,否,164162,template_miss,none,
MP,3h,2026-03-08 19:40:15,sell_purple_exit,紫色卖出,shadow,no_hit,否,164162,template_miss,shadow,
MP,4h,2026-03-08 19:40:35,buy_core,笑笑砖策略,live,hit,是,123121,repeat_suppressed,repeat_suppressed,C:\Users\Administrator\Desktop\futu_combo_watch\output\hit_MP_4h_buy_core_20260308_194015.png
MP,4h,2026-03-08 19:40:35,buy_plus_red_diamond,买+红砖石,shadow,no_hit,否,,buy_red_no_pair,shadow,C:\Users\Administrator\Desktop\futu_combo_watch\output\hit_MP_4h_buy_core_20260308_194015.png
MP,4h,2026-03-08 19:40:35,buy_purple_bottom,紫抄,shadow,no_hit,否,123121,template_miss,shadow,C:\Users\Administrator\Desktop\futu_combo_watch\output\hit_MP_4h_buy_core_20260308_194015.png
MP,4h,2026-03-08 19:40:35,sell_purple_cry,紫色哭脸,live,no_hit,否,123121,purple_ratio_low,none,C:\Users\Administrator\Desktop\futu_combo_watch\output\hit_MP_4h_buy_core_20260308_194015.png
MP,4h,2026-03-08 19:40:35,sell_purple_exit,紫色卖出,shadow,no_hit,否,123121,template_miss,shadow,C:\Users\Administrator\Desktop\futu_combo_watch\output\hit_MP_4h_buy_core_20260308_194015.png
MU,1h,2026-03-08 19:41:05,buy_core,笑笑砖策略,live,no_hit,否,492490,pattern_not_met,none,
MU,1h,2026-03-08 19:41:05,buy_plus_red_diamond,买+红砖石,shadow,no_hit,否,,red_ratio_low,shadow,
MU,1h,2026-03-08 19:41:05,buy_purple_bottom,紫抄,shadow,no_hit,否,492490,template_miss,shadow,
MU,1h,2026-03-08 19:41:05,sell_purple_cry,紫色哭脸,live,no_hit,否,492490,template_miss,none,
MU,1h,2026-03-08 19:41:05,sell_purple_exit,紫色卖出,shadow,no_hit,否,492490,template_miss,shadow,
MU,2h,2026-03-08 19:41:39,buy_core,笑笑砖策略,live,no_hit,否,246244,pattern_not_met,none,
MU,2h,2026-03-08 19:41:39,buy_plus_red_diamond,买+红砖石,shadow,no_hit,否,,red_ratio_low,shadow,
MU,2h,2026-03-08 19:41:39,buy_purple_bottom,紫抄,shadow,no_hit,否,246244,template_miss,shadow,
MU,2h,2026-03-08 19:41:39,sell_purple_cry,紫色哭脸,live,no_hit,否,246244,template_miss,none,
MU,2h,2026-03-08 19:41:39,sell_purple_exit,紫色卖出,shadow,no_hit,否,246244,template_miss,shadow,
MU,3h,2026-03-08 19:42:13,buy_core,笑笑砖策略,live,no_hit,否,164162,pattern_not_met,none,
MU,3h,2026-03-08 19:42:13,buy_plus_red_diamond,买+红砖石,shadow,no_hit,否,,red_ratio_low,shadow,
MU,3h,2026-03-08 19:42:13,buy_purple_bottom,紫抄,shadow,no_hit,否,164162,template_miss,shadow,
MU,3h,2026-03-08 19:42:13,sell_purple_cry,紫色哭脸,live,no_hit,否,164162,template_miss,none,
MU,3h,2026-03-08 19:42:13,sell_purple_exit,紫色卖出,shadow,no_hit,否,164162,template_miss,shadow,
MU,4h,2026-03-08 19:42:48,buy_core,笑笑砖策略,live,no_hit,否,123121,pattern_not_met,none,
MU,4h,2026-03-08 19:42:48,buy_plus_red_diamond,买+红砖石,shadow,no_hit,否,,red_ratio_low,shadow,
MU,4h,2026-03-08 19:42:48,buy_purple_bottom,紫抄,shadow,no_hit,否,123121,template_miss,shadow,
MU,4h,2026-03-08 19:42:48,sell_purple_cry,紫色哭脸,live,no_hit,否,123121,template_miss,none,
MU,4h,2026-03-08 19:42:48,sell_purple_exit,紫色卖出,shadow,no_hit,否,123121,template_miss,shadow,
NBIS,1h,2026-03-08 19:43:23,buy_core,笑笑砖策略,live,no_hit,否,492490,pattern_not_met,none,
NBIS,1h,2026-03-08 19:43:23,buy_plus_red_diamond,买+红砖石,shadow,no_hit,否,,red_ratio_low,shadow,
NBIS,1h,2026-03-08 19:43:23,buy_purple_bottom,紫抄,shadow,no_hit,否,492490,template_miss,shadow,
NBIS,1h,2026-03-08 19:43:23,sell_purple_cry,紫色哭脸,live,no_hit,否,492490,template_miss,none,
NBIS,1h,2026-03-08 19:43:23,sell_purple_exit,紫色卖出,shadow,no_hit,否,492490,template_miss,shadow,
NBIS,2h,2026-03-08 19:44:30,buy_core,笑笑砖策略,live,no_hit,否,246244,pattern_not_met,none,
NBIS,2h,2026-03-08 19:44:30,buy_plus_red_diamond,买+红砖石,shadow,no_hit,否,,red_ratio_low,shadow,
NBIS,2h,2026-03-08 19:44:30,buy_purple_bottom,紫抄,shadow,no_hit,否,246244,template_miss,shadow,
NBIS,2h,2026-03-08 19:44:30,sell_purple_cry,紫色哭脸,live,no_hit,否,246244,template_miss,none,
NBIS,2h,2026-03-08 19:44:30,sell_purple_exit,紫色卖出,shadow,no_hit,否,246244,template_miss,shadow,
NBIS,3h,2026-03-08 19:44:52,buy_core,笑笑砖策略,live,no_hit,否,164162,pattern_not_met,none,
NBIS,3h,2026-03-08 19:44:52,buy_plus_red_diamond,买+红砖石,shadow,no_hit,否,,red_ratio_low,shadow,
NBIS,3h,2026-03-08 19:44:52,buy_purple_bottom,紫抄,shadow,no_hit,否,164162,template_miss,shadow,
NBIS,3h,2026-03-08 19:44:52,sell_purple_cry,紫色哭脸,live,no_hit,否,164162,purple_ratio_low,none,
NBIS,3h,2026-03-08 19:44:52,sell_purple_exit,紫色卖出,shadow,no_hit,否,164162,template_miss,shadow,
NBIS,4h,2026-03-08 19:46:10,buy_core,笑笑砖策略,live,no_hit,否,123121,pattern_not_met,none,
NBIS,4h,2026-03-08 19:46:10,buy_plus_red_diamond,买+红砖石,shadow,no_hit,否,,red_ratio_low,shadow,
NBIS,4h,2026-03-08 19:46:10,buy_purple_bottom,紫抄,shadow,no_hit,否,123121,template_miss,shadow,
NBIS,4h,2026-03-08 19:46:10,sell_purple_cry,紫色哭脸,live,no_hit,否,123121,template_miss,none,
NBIS,4h,2026-03-08 19:46:10,sell_purple_exit,紫色卖出,shadow,no_hit,否,123121,template_miss,shadow,
NBIZ,1h,2026-03-08 19:47:08,buy_core,笑笑砖策略,live,no_hit,否,492490,pattern_not_met,none,
NBIZ,1h,2026-03-08 19:47:08,buy_plus_red_diamond,买+红砖石,shadow,no_hit,否,,red_ratio_low,shadow,
NBIZ,1h,2026-03-08 19:47:08,buy_purple_bottom,紫抄,shadow,no_hit,否,492490,template_miss,shadow,
NBIZ,1h,2026-03-08 19:47:08,sell_purple_cry,紫色哭脸,live,no_hit,否,492490,template_miss,none,
NBIZ,1h,2026-03-08 19:47:08,sell_purple_exit,紫色卖出,shadow,no_hit,否,492490,template_miss,shadow,
NBIZ,2h,2026-03-08 19:47:51,buy_core,笑笑砖策略,live,no_hit,否,246244,pattern_not_met,none,
NBIZ,2h,2026-03-08 19:47:51,buy_plus_red_diamond,买+红砖石,shadow,no_hit,否,,template_miss,shadow,
NBIZ,2h,2026-03-08 19:47:51,buy_purple_bottom,紫抄,shadow,no_hit,否,246244,template_miss,shadow,
NBIZ,2h,2026-03-08 19:47:51,sell_purple_cry,紫色哭脸,live,no_hit,否,246244,template_miss,none,
NBIZ,2h,2026-03-08 19:47:51,sell_purple_exit,紫色卖出,shadow,no_hit,否,246244,template_miss,shadow,
NBIZ,3h,2026-03-08 19:49:19,buy_core,笑笑砖策略,live,no_hit,否,164162,pattern_not_met,none,
NBIZ,3h,2026-03-08 19:49:19,buy_plus_red_diamond,买+红砖石,shadow,no_hit,否,,template_miss,shadow,
NBIZ,3h,2026-03-08 19:49:19,buy_purple_bottom,紫抄,shadow,no_hit,否,164162,template_miss,shadow,
NBIZ,3h,2026-03-08 19:49:19,sell_purple_cry,紫色哭脸,live,no_hit,否,164162,template_miss,none,
NBIZ,3h,2026-03-08 19:49:19,sell_purple_exit,紫色卖出,shadow,no_hit,否,164162,template_miss,shadow,
NBIZ,4h,2026-03-08 19:50:23,buy_core,笑笑砖策略,live,no_hit,否,123121,pattern_not_met,none,
NBIZ,4h,2026-03-08 19:50:23,buy_plus_red_diamond,买+红砖石,shadow,no_hit,否,,template_miss,shadow,
NBIZ,4h,2026-03-08 19:50:23,buy_purple_bottom,紫抄,shadow,no_hit,否,123121,template_miss,shadow,
NBIZ,4h,2026-03-08 19:50:23,sell_purple_cry,紫色哭脸,live,no_hit,否,123121,template_miss,none,
NBIZ,4h,2026-03-08 19:50:23,sell_purple_exit,紫色卖出,shadow,no_hit,否,123121,template_miss,shadow,
NVDA,1h,2026-03-08 19:50:58,buy_core,笑笑砖策略,live,no_hit,否,492490,pattern_not_met,none,
NVDA,1h,2026-03-08 19:50:58,buy_plus_red_diamond,买+红砖石,shadow,no_hit,否,,red_ratio_low,shadow,
NVDA,1h,2026-03-08 19:50:58,buy_purple_bottom,紫抄,shadow,no_hit,否,492490,template_miss,shadow,
NVDA,1h,2026-03-08 19:50:58,sell_purple_cry,紫色哭脸,live,no_hit,否,492490,template_miss,none,
NVDA,1h,2026-03-08 19:50:58,sell_purple_exit,紫色卖出,shadow,no_hit,否,492490,template_miss,shadow,
NVDA,2h,2026-03-08 19:51:35,buy_core,笑笑砖策略,live,no_hit,否,246244,pattern_not_met,none,
NVDA,2h,2026-03-08 19:51:35,buy_plus_red_diamond,买+红砖石,shadow,no_hit,否,,template_miss,shadow,
NVDA,2h,2026-03-08 19:51:35,buy_purple_bottom,紫抄,shadow,no_hit,否,246244,template_miss,shadow,
NVDA,2h,2026-03-08 19:51:35,sell_purple_cry,紫色哭脸,live,no_hit,否,246244,template_miss,none,
NVDA,2h,2026-03-08 19:51:35,sell_purple_exit,紫色卖出,shadow,no_hit,否,246244,template_miss,shadow,
NVDA,3h,2026-03-08 19:52:03,buy_core,笑笑砖策略,live,no_hit,否,164162,pattern_not_met,none,
NVDA,3h,2026-03-08 19:52:03,buy_plus_red_diamond,买+红砖石,shadow,no_hit,否,,template_miss,shadow,
NVDA,3h,2026-03-08 19:52:03,buy_purple_bottom,紫抄,shadow,no_hit,否,164162,template_miss,shadow,
NVDA,3h,2026-03-08 19:52:03,sell_purple_cry,紫色哭脸,live,no_hit,否,164162,template_miss,none,
NVDA,3h,2026-03-08 19:52:03,sell_purple_exit,紫色卖出,shadow,no_hit,否,164162,template_miss,shadow,
NVDA,4h,2026-03-08 19:53:22,buy_core,笑笑砖策略,live,no_hit,否,123121,pattern_not_met,none,
NVDA,4h,2026-03-08 19:53:22,buy_plus_red_diamond,买+红砖石,shadow,no_hit,否,,template_miss,shadow,
NVDA,4h,2026-03-08 19:53:22,buy_purple_bottom,紫抄,shadow,no_hit,否,123121,template_miss,shadow,
NVDA,4h,2026-03-08 19:53:22,sell_purple_cry,紫色哭脸,live,no_hit,否,123121,template_miss,none,
NVDA,4h,2026-03-08 19:53:22,sell_purple_exit,紫色卖出,shadow,no_hit,否,123121,template_miss,shadow,
OKLO,1h,2026-03-08 19:54:00,buy_core,笑笑砖策略,live,no_hit,否,492490,pattern_not_met,none,
OKLO,1h,2026-03-08 19:54:00,buy_plus_red_diamond,买+红砖石,shadow,no_hit,否,,red_ratio_low,shadow,
OKLO,1h,2026-03-08 19:54:00,buy_purple_bottom,紫抄,shadow,no_hit,否,492490,template_miss,shadow,
OKLO,1h,2026-03-08 19:54:00,sell_purple_cry,紫色哭脸,live,no_hit,否,492490,template_miss,none,
OKLO,1h,2026-03-08 19:54:00,sell_purple_exit,紫色卖出,shadow,no_hit,否,492490,template_miss,shadow,
OKLO,2h,2026-03-08 19:54:34,buy_core,笑笑砖策略,live,no_hit,否,246244,pattern_not_met,none,
OKLO,2h,2026-03-08 19:54:34,buy_plus_red_diamond,买+红砖石,shadow,no_hit,否,,red_ratio_low,shadow,
OKLO,2h,2026-03-08 19:54:34,buy_purple_bottom,紫抄,shadow,no_hit,否,246244,template_miss,shadow,
OKLO,2h,2026-03-08 19:54:34,sell_purple_cry,紫色哭脸,live,no_hit,否,246244,template_miss,none,
OKLO,2h,2026-03-08 19:54:34,sell_purple_exit,紫色卖出,shadow,no_hit,否,246244,template_miss,shadow,
OKLO,3h,2026-03-08 19:55:04,buy_core,笑笑砖策略,live,no_hit,否,164162,pattern_not_met,none,
OKLO,3h,2026-03-08 19:55:04,buy_plus_red_diamond,买+红砖石,shadow,no_hit,否,,red_ratio_low,shadow,
OKLO,3h,2026-03-08 19:55:04,buy_purple_bottom,紫抄,shadow,no_hit,否,164162,template_miss,shadow,
OKLO,3h,2026-03-08 19:55:04,sell_purple_cry,紫色哭脸,live,no_hit,否,164162,template_miss,none,
OKLO,3h,2026-03-08 19:55:04,sell_purple_exit,紫色卖出,shadow,no_hit,否,164162,template_miss,shadow,
OKLO,4h,2026-03-08 19:56:21,buy_core,笑笑砖策略,live,no_hit,否,123121,pattern_not_met,none,
OKLO,4h,2026-03-08 19:56:21,buy_plus_red_diamond,买+红砖石,shadow,no_hit,否,,red_ratio_low,shadow,
OKLO,4h,2026-03-08 19:56:21,buy_purple_bottom,紫抄,shadow,no_hit,否,123121,template_miss,shadow,
OKLO,4h,2026-03-08 19:56:21,sell_purple_cry,紫色哭脸,live,no_hit,否,123121,template_miss,none,
OKLO,4h,2026-03-08 19:56:21,sell_purple_exit,紫色卖出,shadow,no_hit,否,123121,template_miss,shadow,
OKLS,1h,2026-03-08 19:57:08,buy_core,笑笑砖策略,live,no_hit,否,492490,pattern_not_met,none,
OKLS,1h,2026-03-08 19:57:08,buy_plus_red_diamond,买+红砖石,shadow,no_hit,否,,red_ratio_low,shadow,
OKLS,1h,2026-03-08 19:57:08,buy_purple_bottom,紫抄,shadow,no_hit,否,492490,template_miss,shadow,
OKLS,1h,2026-03-08 19:57:08,sell_purple_cry,紫色哭脸,live,no_hit,否,492490,template_miss,none,
OKLS,1h,2026-03-08 19:57:08,sell_purple_exit,紫色卖出,shadow,no_hit,否,492490,template_miss,shadow,
OKLS,2h,2026-03-08 19:58:02,buy_core,笑笑砖策略,live,no_hit,否,246244,pattern_not_met,none,
OKLS,2h,2026-03-08 19:58:02,buy_plus_red_diamond,买+红砖石,shadow,no_hit,否,,red_ratio_low,shadow,
OKLS,2h,2026-03-08 19:58:02,buy_purple_bottom,紫抄,shadow,no_hit,否,246244,template_miss,shadow,
OKLS,2h,2026-03-08 19:58:02,sell_purple_cry,紫色哭脸,live,no_hit,否,246244,template_miss,none,
OKLS,2h,2026-03-08 19:58:02,sell_purple_exit,紫色卖出,shadow,no_hit,否,246244,template_miss,shadow,
OKLS,3h,2026-03-08 19:58:37,buy_core,笑笑砖策略,live,no_hit,否,164162,pattern_not_met,none,
OKLS,3h,2026-03-08 19:58:37,buy_plus_red_diamond,买+红砖石,shadow,no_hit,否,,red_ratio_low,shadow,
OKLS,3h,2026-03-08 19:58:37,buy_purple_bottom,紫抄,shadow,no_hit,否,164162,template_miss,shadow,
OKLS,3h,2026-03-08 19:58:37,sell_purple_cry,紫色哭脸,live,no_hit,否,164162,template_miss,none,
OKLS,3h,2026-03-08 19:58:37,sell_purple_exit,紫色卖出,shadow,no_hit,否,164162,template_miss,shadow,
OKLS,4h,2026-03-08 19:59:30,buy_core,笑笑砖策略,live,no_hit,否,123121,pattern_not_met,none,
OKLS,4h,2026-03-08 19:59:30,buy_plus_red_diamond,买+红砖石,shadow,no_hit,否,,red_ratio_low,shadow,
OKLS,4h,2026-03-08 19:59:30,buy_purple_bottom,紫抄,shadow,no_hit,否,123121,template_miss,shadow,
OKLS,4h,2026-03-08 19:59:30,sell_purple_cry,紫色哭脸,live,no_hit,否,123121,template_miss,none,
OKLS,4h,2026-03-08 19:59:30,sell_purple_exit,紫色卖出,shadow,no_hit,否,123121,template_miss,shadow,
PLTR,1h,2026-03-08 20:00:45,buy_core,笑笑砖策略,live,no_hit,否,492490,pattern_not_met,none,
PLTR,1h,2026-03-08 20:00:45,buy_plus_red_diamond,买+红砖石,shadow,no_hit,否,,red_ratio_low,shadow,
PLTR,1h,2026-03-08 20:00:45,buy_purple_bottom,紫抄,shadow,no_hit,否,492490,template_miss,shadow,
PLTR,1h,2026-03-08 20:00:45,sell_purple_cry,紫色哭脸,live,no_hit,否,492490,template_miss,none,
PLTR,1h,2026-03-08 20:00:45,sell_purple_exit,紫色卖出,shadow,no_hit,否,492490,template_miss,shadow,
PLTR,2h,2026-03-08 20:01:54,buy_core,笑笑砖策略,live,no_hit,否,246245,pattern_not_met,none,
PLTR,2h,2026-03-08 20:01:54,buy_plus_red_diamond,买+红砖石,shadow,no_hit,否,,template_miss,shadow,
PLTR,2h,2026-03-08 20:01:54,buy_purple_bottom,紫抄,shadow,no_hit,否,246245,template_miss,shadow,
PLTR,2h,2026-03-08 20:01:54,sell_purple_cry,紫色哭脸,live,no_hit,否,246245,template_miss,none,
PLTR,2h,2026-03-08 20:01:54,sell_purple_exit,紫色卖出,shadow,no_hit,否,246245,template_miss,shadow,
PLTR,3h,2026-03-08 20:02:59,buy_core,笑笑砖策略,live,no_hit,否,164163,pattern_not_met,none,
PLTR,3h,2026-03-08 20:02:59,buy_plus_red_diamond,买+红砖石,shadow,no_hit,否,,template_miss,shadow,
PLTR,3h,2026-03-08 20:02:59,buy_purple_bottom,紫抄,shadow,no_hit,否,164163,template_miss,shadow,
PLTR,3h,2026-03-08 20:02:59,sell_purple_cry,紫色哭脸,live,no_hit,否,164163,template_miss,none,
PLTR,3h,2026-03-08 20:02:59,sell_purple_exit,紫色卖出,shadow,no_hit,否,164163,template_miss,shadow,
PLTR,4h,2026-03-08 20:04:18,buy_core,笑笑砖策略,live,no_hit,否,123122,pattern_not_met,none,
PLTR,4h,2026-03-08 20:04:18,buy_plus_red_diamond,买+红砖石,shadow,no_hit,否,,template_miss,shadow,
PLTR,4h,2026-03-08 20:04:18,buy_purple_bottom,紫抄,shadow,no_hit,否,123122,template_miss,shadow,
PLTR,4h,2026-03-08 20:04:18,sell_purple_cry,紫色哭脸,live,no_hit,否,123122,template_miss,none,
PLTR,4h,2026-03-08 20:04:18,sell_purple_exit,紫色卖出,shadow,no_hit,否,123122,template_miss,shadow,
PLTZ,1h,2026-03-08 20:05:38,buy_core,笑笑砖策略,live,no_hit,否,492491,pattern_not_met,none,
PLTZ,1h,2026-03-08 20:05:38,buy_plus_red_diamond,买+红砖石,shadow,no_hit,否,,red_ratio_low,shadow,
PLTZ,1h,2026-03-08 20:05:38,buy_purple_bottom,紫抄,shadow,no_hit,否,492491,template_miss,shadow,
PLTZ,1h,2026-03-08 20:05:38,sell_purple_cry,紫色哭脸,live,no_hit,否,492491,template_miss,none,
PLTZ,1h,2026-03-08 20:05:38,sell_purple_exit,紫色卖出,shadow,no_hit,否,492491,template_miss,shadow,
PLTZ,2h,2026-03-08 20:06:47,buy_core,笑笑砖策略,live,no_hit,否,246245,pattern_not_met,none,
PLTZ,2h,2026-03-08 20:06:47,buy_plus_red_diamond,买+红砖石,shadow,no_hit,否,,template_miss,shadow,
PLTZ,2h,2026-03-08 20:06:47,buy_purple_bottom,紫抄,shadow,no_hit,否,246245,template_miss,shadow,
PLTZ,2h,2026-03-08 20:06:47,sell_purple_cry,紫色哭脸,live,no_hit,否,246245,template_miss,none,
PLTZ,2h,2026-03-08 20:06:47,sell_purple_exit,紫色卖出,shadow,no_hit,否,246245,template_miss,shadow,
PLTZ,3h,2026-03-08 20:07:55,buy_core,笑笑砖策略,live,no_hit,否,164163,pattern_not_met,none,
PLTZ,3h,2026-03-08 20:07:55,buy_plus_red_diamond,买+红砖石,shadow,no_hit,否,,red_ratio_low,shadow,
PLTZ,3h,2026-03-08 20:07:55,buy_purple_bottom,紫抄,shadow,no_hit,否,164163,template_miss,shadow,
PLTZ,3h,2026-03-08 20:07:55,sell_purple_cry,紫色哭脸,live,no_hit,否,164163,template_miss,none,
PLTZ,3h,2026-03-08 20:07:55,sell_purple_exit,紫色卖出,shadow,no_hit,否,164163,template_miss,shadow,
PLTZ,4h,2026-03-08 20:08:16,buy_core,笑笑砖策略,live,no_hit,否,123122,pattern_not_met,none,
PLTZ,4h,2026-03-08 20:08:16,buy_plus_red_diamond,买+红砖石,shadow,no_hit,否,,red_ratio_low,shadow,
PLTZ,4h,2026-03-08 20:08:16,buy_purple_bottom,紫抄,shadow,no_hit,否,123122,template_miss,shadow,
PLTZ,4h,2026-03-08 20:08:16,sell_purple_cry,紫色哭脸,live,no_hit,否,123122,template_miss,none,
PLTZ,4h,2026-03-08 20:08:16,sell_purple_exit,紫色卖出,shadow,no_hit,否,123122,template_miss,shadow,
RDW,1h,2026-03-08 20:08:54,buy_core,笑笑砖策略,live,no_hit,否,492491,pattern_not_met,none,
RDW,1h,2026-03-08 20:08:54,buy_plus_red_diamond,买+红砖石,shadow,no_hit,否,,red_ratio_low,shadow,
RDW,1h,2026-03-08 20:08:54,buy_purple_bottom,紫抄,shadow,no_hit,否,492491,template_miss,shadow,
RDW,1h,2026-03-08 20:08:54,sell_purple_cry,紫色哭脸,live,no_hit,否,492491,template_miss,none,
RDW,1h,2026-03-08 20:08:54,sell_purple_exit,紫色卖出,shadow,no_hit,否,492491,template_miss,shadow,
RDW,2h,2026-03-08 20:09:24,buy_core,笑笑砖策略,live,no_hit,否,246245,pattern_not_met,none,
RDW,2h,2026-03-08 20:09:24,buy_plus_red_diamond,买+红砖石,shadow,no_hit,否,,red_ratio_low,shadow,
RDW,2h,2026-03-08 20:09:24,buy_purple_bottom,紫抄,shadow,no_hit,否,246245,template_miss,shadow,
RDW,2h,2026-03-08 20:09:24,sell_purple_cry,紫色哭脸,live,no_hit,否,246245,template_miss,none,
RDW,2h,2026-03-08 20:09:24,sell_purple_exit,紫色卖出,shadow,no_hit,否,246245,template_miss,shadow,
RDW,3h,2026-03-08 20:09:53,buy_core,笑笑砖策略,live,no_hit,否,164163,pattern_not_met,none,
RDW,3h,2026-03-08 20:09:53,buy_plus_red_diamond,买+红砖石,shadow,no_hit,否,,red_ratio_low,shadow,
RDW,3h,2026-03-08 20:09:53,buy_purple_bottom,紫抄,shadow,no_hit,否,164163,template_miss,shadow,
RDW,3h,2026-03-08 20:09:53,sell_purple_cry,紫色哭脸,live,no_hit,否,164163,template_miss,none,
RDW,3h,2026-03-08 20:09:53,sell_purple_exit,紫色卖出,shadow,no_hit,否,164163,template_miss,shadow,
RDW,4h,2026-03-08 20:10:26,buy_core,笑笑砖策略,live,no_hit,否,123122,pattern_not_met,none,
RDW,4h,2026-03-08 20:10:26,buy_plus_red_diamond,买+红砖石,shadow,no_hit,否,,red_ratio_low,shadow,
RDW,4h,2026-03-08 20:10:26,buy_purple_bottom,紫抄,shadow,no_hit,否,123122,template_miss,shadow,
RDW,4h,2026-03-08 20:10:26,sell_purple_cry,紫色哭脸,live,no_hit,否,123122,template_miss,none,
RDW,4h,2026-03-08 20:10:26,sell_purple_exit,紫色卖出,shadow,no_hit,否,123122,template_miss,shadow,
RGTZ,1h,2026-03-08 20:10:57,buy_core,笑笑砖策略,live,no_hit,否,492491,pattern_not_met,none,
RGTZ,1h,2026-03-08 20:10:57,buy_plus_red_diamond,买+红砖石,shadow,no_hit,否,,red_ratio_low,shadow,
RGTZ,1h,2026-03-08 20:10:57,buy_purple_bottom,紫抄,shadow,no_hit,否,492491,template_miss,shadow,
RGTZ,1h,2026-03-08 20:10:57,sell_purple_cry,紫色哭脸,live,no_hit,否,492491,already_active,none,
RGTZ,1h,2026-03-08 20:10:57,sell_purple_exit,紫色卖出,shadow,no_hit,否,492491,template_miss,shadow,
RGTZ,2h,2026-03-08 20:11:40,buy_core,笑笑砖策略,live,no_hit,否,246245,pattern_not_met,none,
RGTZ,2h,2026-03-08 20:11:40,buy_plus_red_diamond,买+红砖石,shadow,no_hit,否,,red_ratio_low,shadow,
RGTZ,2h,2026-03-08 20:11:40,buy_purple_bottom,紫抄,shadow,no_hit,否,246245,template_miss,shadow,
RGTZ,2h,2026-03-08 20:11:40,sell_purple_cry,紫色哭脸,live,no_hit,否,246245,template_miss,none,
RGTZ,2h,2026-03-08 20:11:40,sell_purple_exit,紫色卖出,shadow,no_hit,否,246245,template_miss,shadow,
RGTZ,3h,2026-03-08 20:12:34,buy_core,笑笑砖策略,live,no_hit,否,164163,pattern_not_met,none,
RGTZ,3h,2026-03-08 20:12:34,buy_plus_red_diamond,买+红砖石,shadow,no_hit,否,,red_ratio_low,shadow,
RGTZ,3h,2026-03-08 20:12:34,buy_purple_bottom,紫抄,shadow,no_hit,否,164163,template_miss,shadow,
RGTZ,3h,2026-03-08 20:12:34,sell_purple_cry,紫色哭脸,live,no_hit,否,164163,purple_ratio_low,none,
RGTZ,3h,2026-03-08 20:12:34,sell_purple_exit,紫色卖出,shadow,no_hit,否,164163,template_miss,shadow,
RGTZ,4h,2026-03-08 20:12:58,buy_core,笑笑砖策略,live,no_hit,否,123122,pattern_not_met,none,
RGTZ,4h,2026-03-08 20:12:58,buy_plus_red_diamond,买+红砖石,shadow,no_hit,否,,red_ratio_low,shadow,
RGTZ,4h,2026-03-08 20:12:58,buy_purple_bottom,紫抄,shadow,no_hit,否,123122,template_miss,shadow,
RGTZ,4h,2026-03-08 20:12:58,sell_purple_cry,紫色哭脸,live,no_hit,否,123122,purple_ratio_low,none,
RGTZ,4h,2026-03-08 20:12:58,sell_purple_exit,紫色卖出,shadow,no_hit,否,123122,template_miss,shadow,
RKLB,1h,2026-03-08 20:14:09,buy_core,笑笑砖策略,live,no_hit,否,492491,pattern_not_met,none,
RKLB,1h,2026-03-08 20:14:09,buy_plus_red_diamond,买+红砖石,shadow,no_hit,否,,red_ratio_low,shadow,
RKLB,1h,2026-03-08 20:14:09,buy_purple_bottom,紫抄,shadow,no_hit,否,492491,template_miss,shadow,
RKLB,1h,2026-03-08 20:14:09,sell_purple_cry,紫色哭脸,live,no_hit,否,492491,template_miss,none,
RKLB,1h,2026-03-08 20:14:09,sell_purple_exit,紫色卖出,shadow,no_hit,否,492491,template_miss,shadow,
RKLB,2h,2026-03-08 20:14:48,buy_core,笑笑砖策略,live,no_hit,否,246245,pattern_not_met,none,
RKLB,2h,2026-03-08 20:14:48,buy_plus_red_diamond,买+红砖石,shadow,no_hit,否,,red_ratio_low,shadow,
RKLB,2h,2026-03-08 20:14:48,buy_purple_bottom,紫抄,shadow,no_hit,否,246245,template_miss,shadow,
RKLB,2h,2026-03-08 20:14:48,sell_purple_cry,紫色哭脸,live,no_hit,否,246245,already_active,none,
RKLB,2h,2026-03-08 20:14:48,sell_purple_exit,紫色卖出,shadow,no_hit,否,246245,template_miss,shadow,
RKLB,3h,2026-03-08 20:15:41,buy_core,笑笑砖策略,live,no_hit,否,164163,pattern_not_met,none,
RKLB,3h,2026-03-08 20:15:41,buy_plus_red_diamond,买+红砖石,shadow,no_hit,否,,red_ratio_low,shadow,
RKLB,3h,2026-03-08 20:15:41,buy_purple_bottom,紫抄,shadow,no_hit,否,164163,template_miss,shadow,
RKLB,3h,2026-03-08 20:15:41,sell_purple_cry,紫色哭脸,live,no_hit,否,164163,template_miss,none,
RKLB,3h,2026-03-08 20:15:41,sell_purple_exit,紫色卖出,shadow,no_hit,否,164163,template_miss,shadow,
RKLB,4h,2026-03-08 20:16:10,buy_core,笑笑砖策略,live,no_hit,否,123122,pattern_not_met,none,
RKLB,4h,2026-03-08 20:16:10,buy_plus_red_diamond,买+红砖石,shadow,no_hit,否,,red_ratio_low,shadow,
RKLB,4h,2026-03-08 20:16:10,buy_purple_bottom,紫抄,shadow,no_hit,否,123122,template_miss,shadow,
RKLB,4h,2026-03-08 20:16:10,sell_purple_cry,紫色哭脸,live,no_hit,否,123122,purple_ratio_low,none,
RKLB,4h,2026-03-08 20:16:10,sell_purple_exit,紫色卖出,shadow,no_hit,否,123122,template_miss,shadow,
RKLZ,1h,2026-03-08 20:16:41,buy_core,笑笑砖策略,live,no_hit,否,492491,pattern_not_met,none,
RKLZ,1h,2026-03-08 20:16:41,buy_plus_red_diamond,买+红砖石,shadow,no_hit,否,,red_ratio_low,shadow,
RKLZ,1h,2026-03-08 20:16:41,buy_purple_bottom,紫抄,shadow,no_hit,否,492491,template_miss,shadow,
RKLZ,1h,2026-03-08 20:16:41,sell_purple_cry,紫色哭脸,live,no_hit,否,492491,already_active,none,
RKLZ,1h,2026-03-08 20:16:41,sell_purple_exit,紫色卖出,shadow,no_hit,否,492491,template_miss,shadow,
RKLZ,2h,2026-03-08 20:17:16,buy_core,笑笑砖策略,live,no_hit,否,246245,pattern_not_met,none,
RKLZ,2h,2026-03-08 20:17:16,buy_plus_red_diamond,买+红砖石,shadow,no_hit,否,,red_ratio_low,shadow,
RKLZ,2h,2026-03-08 20:17:16,buy_purple_bottom,紫抄,shadow,no_hit,否,246245,template_miss,shadow,
RKLZ,2h,2026-03-08 20:17:16,sell_purple_cry,紫色哭脸,live,no_hit,否,246245,template_miss,none,
RKLZ,2h,2026-03-08 20:17:16,sell_purple_exit,紫色卖出,shadow,no_hit,否,246245,template_miss,shadow,
RKLZ,3h,2026-03-08 20:17:33,buy_core,笑笑砖策略,live,no_hit,否,164163,pattern_not_met,none,
RKLZ,3h,2026-03-08 20:17:33,buy_plus_red_diamond,买+红砖石,shadow,no_hit,否,,red_ratio_low,shadow,
RKLZ,3h,2026-03-08 20:17:33,buy_purple_bottom,紫抄,shadow,no_hit,否,164163,template_miss,shadow,
RKLZ,3h,2026-03-08 20:17:33,sell_purple_cry,紫色哭脸,live,no_hit,否,164163,already_active,none,
RKLZ,3h,2026-03-08 20:17:33,sell_purple_exit,紫色卖出,shadow,no_hit,否,164163,template_miss,shadow,
RKLZ,4h,2026-03-08 20:17:59,buy_core,笑笑砖策略,live,no_hit,否,123122,pattern_not_met,none,
RKLZ,4h,2026-03-08 20:17:59,buy_plus_red_diamond,买+红砖石,shadow,no_hit,否,,red_ratio_low,shadow,
RKLZ,4h,2026-03-08 20:17:59,buy_purple_bottom,紫抄,shadow,no_hit,否,123122,template_miss,shadow,
RKLZ,4h,2026-03-08 20:17:59,sell_purple_cry,紫色哭脸,live,no_hit,否,123122,already_active,none,
RKLZ,4h,2026-03-08 20:17:59,sell_purple_exit,紫色卖出,shadow,no_hit,否,123122,template_miss,shadow,
RZLV,1h,2026-03-08 20:19:03,buy_core,笑笑砖策略,live,no_hit,否,492491,pattern_not_met,none,
RZLV,1h,2026-03-08 20:19:03,buy_plus_red_diamond,买+红砖石,shadow,no_hit,否,,red_ratio_low,shadow,
RZLV,1h,2026-03-08 20:19:03,buy_purple_bottom,紫抄,shadow,no_hit,否,492491,template_miss,shadow,
RZLV,1h,2026-03-08 20:19:03,sell_purple_cry,紫色哭脸,live,no_hit,否,492491,template_miss,none,
RZLV,1h,2026-03-08 20:19:03,sell_purple_exit,紫色卖出,shadow,no_hit,否,492491,template_miss,shadow,
RZLV,2h,2026-03-08 20:19:50,buy_core,笑笑砖策略,live,no_hit,否,246245,pattern_not_met,none,
RZLV,2h,2026-03-08 20:19:50,buy_plus_red_diamond,买+红砖石,shadow,no_hit,否,,red_ratio_low,shadow,
RZLV,2h,2026-03-08 20:19:50,buy_purple_bottom,紫抄,shadow,no_hit,否,246245,template_miss,shadow,
RZLV,2h,2026-03-08 20:19:50,sell_purple_cry,紫色哭脸,live,no_hit,否,246245,template_miss,none,
RZLV,2h,2026-03-08 20:19:50,sell_purple_exit,紫色卖出,shadow,no_hit,否,246245,template_miss,shadow,
RZLV,3h,2026-03-08 20:20:07,buy_core,笑笑砖策略,live,no_hit,否,164163,pattern_not_met,none,
RZLV,3h,2026-03-08 20:20:07,buy_plus_red_diamond,买+红砖石,shadow,no_hit,否,,red_ratio_low,shadow,
RZLV,3h,2026-03-08 20:20:07,buy_purple_bottom,紫抄,shadow,no_hit,否,164163,template_miss,shadow,
RZLV,3h,2026-03-08 20:20:07,sell_purple_cry,紫色哭脸,live,no_hit,否,164163,already_active,none,
RZLV,3h,2026-03-08 20:20:07,sell_purple_exit,紫色卖出,shadow,no_hit,否,164163,template_miss,shadow,
RZLV,4h,2026-03-08 20:20:42,buy_core,笑笑砖策略,live,no_hit,否,123122,pattern_not_met,none,
RZLV,4h,2026-03-08 20:20:42,buy_plus_red_diamond,买+红砖石,shadow,no_hit,否,,red_ratio_low,shadow,
RZLV,4h,2026-03-08 20:20:42,buy_purple_bottom,紫抄,shadow,no_hit,否,123122,template_miss,shadow,
RZLV,4h,2026-03-08 20:20:42,sell_purple_cry,紫色哭脸,live,no_hit,否,123122,template_miss,none,
RZLV,4h,2026-03-08 20:20:42,sell_purple_exit,紫色卖出,shadow,no_hit,否,123122,template_miss,shadow,
SOXS,1h,2026-03-08 20:21:32,buy_core,笑笑砖策略,live,no_hit,否,492491,pattern_not_met,none,
SOXS,1h,2026-03-08 20:21:32,buy_plus_red_diamond,买+红砖石,shadow,no_hit,否,,red_ratio_low,shadow,
SOXS,1h,2026-03-08 20:21:32,buy_purple_bottom,紫抄,shadow,no_hit,否,492491,template_miss,shadow,
SOXS,1h,2026-03-08 20:21:32,sell_purple_cry,紫色哭脸,live,no_hit,否,492491,template_miss,none,
SOXS,1h,2026-03-08 20:21:32,sell_purple_exit,紫色卖出,shadow,no_hit,否,492491,template_miss,shadow,
SOXS,2h,2026-03-08 20:22:09,buy_core,笑笑砖策略,live,no_hit,否,246245,pattern_not_met,none,
SOXS,2h,2026-03-08 20:22:09,buy_plus_red_diamond,买+红砖石,shadow,no_hit,否,,red_ratio_low,shadow,
SOXS,2h,2026-03-08 20:22:09,buy_purple_bottom,紫抄,shadow,no_hit,否,246245,template_miss,shadow,
SOXS,2h,2026-03-08 20:22:09,sell_purple_cry,紫色哭脸,live,no_hit,否,246245,template_miss,none,
SOXS,2h,2026-03-08 20:22:09,sell_purple_exit,紫色卖出,shadow,no_hit,否,246245,template_miss,shadow,
SOXS,3h,2026-03-08 20:22:39,buy_core,笑笑砖策略,live,no_hit,否,164163,pattern_not_met,none,
SOXS,3h,2026-03-08 20:22:39,buy_plus_red_diamond,买+红砖石,shadow,no_hit,否,,red_ratio_low,shadow,
SOXS,3h,2026-03-08 20:22:39,buy_purple_bottom,紫抄,shadow,no_hit,否,164163,template_miss,shadow,
SOXS,3h,2026-03-08 20:22:39,sell_purple_cry,紫色哭脸,live,no_hit,否,164163,template_miss,none,
SOXS,3h,2026-03-08 20:22:39,sell_purple_exit,紫色卖出,shadow,no_hit,否,164163,template_miss,shadow,
SOXS,4h,2026-03-08 20:23:05,buy_core,笑笑砖策略,live,no_hit,否,123122,pattern_not_met,none,
SOXS,4h,2026-03-08 20:23:05,buy_plus_red_diamond,买+红砖石,shadow,no_hit,否,,red_ratio_low,shadow,
SOXS,4h,2026-03-08 20:23:05,buy_purple_bottom,紫抄,shadow,no_hit,否,123122,template_miss,shadow,
SOXS,4h,2026-03-08 20:23:05,sell_purple_cry,紫色哭脸,live,no_hit,否,123122,purple_ratio_low,none,
SOXS,4h,2026-03-08 20:23:05,sell_purple_exit,紫色卖出,shadow,no_hit,否,123122,template_miss,shadow,
STM,1h,2026-03-08 20:23:49,buy_core,笑笑砖策略,live,no_hit,否,492491,pattern_not_met,none,
STM,1h,2026-03-08 20:23:49,buy_plus_red_diamond,买+红砖石,shadow,no_hit,否,,red_ratio_low,shadow,
STM,1h,2026-03-08 20:23:49,buy_purple_bottom,紫抄,shadow,no_hit,否,492491,template_miss,shadow,
STM,1h,2026-03-08 20:23:49,sell_purple_cry,紫色哭脸,live,no_hit,否,492491,template_miss,none,
STM,1h,2026-03-08 20:23:49,sell_purple_exit,紫色卖出,shadow,no_hit,否,492491,template_miss,shadow,
STM,2h,2026-03-08 20:24:19,buy_core,笑笑砖策略,live,no_hit,否,246245,pattern_not_met,none,
STM,2h,2026-03-08 20:24:19,buy_plus_red_diamond,买+红砖石,shadow,no_hit,否,,red_ratio_low,shadow,
STM,2h,2026-03-08 20:24:19,buy_purple_bottom,紫抄,shadow,no_hit,否,246245,template_miss,shadow,
STM,2h,2026-03-08 20:24:19,sell_purple_cry,紫色哭脸,live,no_hit,否,246245,template_miss,none,
STM,2h,2026-03-08 20:24:19,sell_purple_exit,紫色卖出,shadow,no_hit,否,246245,template_miss,shadow,
STM,3h,2026-03-08 20:25:19,buy_core,笑笑砖策略,live,no_hit,否,164163,pattern_not_met,none,
STM,3h,2026-03-08 20:25:19,buy_plus_red_diamond,买+红砖石,shadow,no_hit,否,,red_ratio_low,shadow,
STM,3h,2026-03-08 20:25:19,buy_purple_bottom,紫抄,shadow,no_hit,否,164163,template_miss,shadow,
STM,3h,2026-03-08 20:25:19,sell_purple_cry,紫色哭脸,live,no_hit,否,164163,template_miss,none,
STM,3h,2026-03-08 20:25:19,sell_purple_exit,紫色卖出,shadow,no_hit,否,164163,template_miss,shadow,
STM,4h,2026-03-08 20:26:37,buy_core,笑笑砖策略,live,no_hit,否,123122,pattern_not_met,none,
STM,4h,2026-03-08 20:26:37,buy_plus_red_diamond,买+红砖石,shadow,no_hit,否,,red_ratio_low,shadow,
STM,4h,2026-03-08 20:26:37,buy_purple_bottom,紫抄,shadow,no_hit,否,123122,template_miss,shadow,
STM,4h,2026-03-08 20:26:37,sell_purple_cry,紫色哭脸,live,no_hit,否,123122,template_miss,none,
STM,4h,2026-03-08 20:26:37,sell_purple_exit,紫色卖出,shadow,no_hit,否,123122,template_miss,shadow,
TSLA,1h,2026-03-08 20:27:07,buy_core,笑笑砖策略,live,no_hit,否,492491,pattern_not_met,none,
TSLA,1h,2026-03-08 20:27:07,buy_plus_red_diamond,买+红砖石,shadow,no_hit,否,,template_miss,shadow,
TSLA,1h,2026-03-08 20:27:07,buy_purple_bottom,紫抄,shadow,no_hit,否,492491,template_miss,shadow,
TSLA,1h,2026-03-08 20:27:07,sell_purple_cry,紫色哭脸,live,no_hit,否,492491,template_miss,none,
TSLA,1h,2026-03-08 20:27:07,sell_purple_exit,紫色卖出,shadow,no_hit,否,492491,template_miss,shadow,
TSLA,2h,2026-03-08 20:27:43,buy_core,笑笑砖策略,live,no_hit,否,246245,pattern_not_met,none,
TSLA,2h,2026-03-08 20:27:43,buy_plus_red_diamond,买+红砖石,shadow,no_hit,否,,red_ratio_low,shadow,
TSLA,2h,2026-03-08 20:27:43,buy_purple_bottom,紫抄,shadow,no_hit,否,246245,template_miss,shadow,
TSLA,2h,2026-03-08 20:27:43,sell_purple_cry,紫色哭脸,live,no_hit,否,246245,template_miss,none,
TSLA,2h,2026-03-08 20:27:43,sell_purple_exit,紫色卖出,shadow,no_hit,否,246245,template_miss,shadow,
TSLA,3h,2026-03-08 20:28:14,buy_core,笑笑砖策略,live,no_hit,否,164163,pattern_not_met,none,
TSLA,3h,2026-03-08 20:28:14,buy_plus_red_diamond,买+红砖石,shadow,no_hit,否,,template_miss,shadow,
TSLA,3h,2026-03-08 20:28:14,buy_purple_bottom,紫抄,shadow,no_hit,否,164163,template_miss,shadow,
TSLA,3h,2026-03-08 20:28:14,sell_purple_cry,紫色哭脸,live,no_hit,否,164163,template_miss,none,
TSLA,3h,2026-03-08 20:28:14,sell_purple_exit,紫色卖出,shadow,no_hit,否,164163,template_miss,shadow,
TSLA,4h,2026-03-08 20:28:49,buy_core,笑笑砖策略,live,no_hit,否,123122,pattern_not_met,none,
TSLA,4h,2026-03-08 20:28:49,buy_plus_red_diamond,买+红砖石,shadow,no_hit,否,,red_ratio_low,shadow,
TSLA,4h,2026-03-08 20:28:49,buy_purple_bottom,紫抄,shadow,no_hit,否,123122,template_miss,shadow,
TSLA,4h,2026-03-08 20:28:49,sell_purple_cry,紫色哭脸,live,no_hit,否,123122,template_miss,none,
TSLA,4h,2026-03-08 20:28:49,sell_purple_exit,紫色卖出,shadow,no_hit,否,123122,template_miss,shadow,
TSLQ,1h,2026-03-08 20:29:39,buy_core,笑笑砖策略,live,no_hit,否,492491,pattern_not_met,none,
TSLQ,1h,2026-03-08 20:29:39,buy_plus_red_diamond,买+红砖石,shadow,no_hit,否,,template_miss,shadow,
TSLQ,1h,2026-03-08 20:29:39,buy_purple_bottom,紫抄,shadow,no_hit,否,492491,template_miss,shadow,
TSLQ,1h,2026-03-08 20:29:39,sell_purple_cry,紫色哭脸,live,no_hit,否,492491,template_miss,none,
TSLQ,1h,2026-03-08 20:29:39,sell_purple_exit,紫色卖出,shadow,no_hit,否,492491,template_miss,shadow,
TSLQ,2h,2026-03-08 20:30:25,buy_core,笑笑砖策略,live,no_hit,否,246245,pattern_not_met,none,
TSLQ,2h,2026-03-08 20:30:25,buy_plus_red_diamond,买+红砖石,shadow,no_hit,否,,red_ratio_low,shadow,
TSLQ,2h,2026-03-08 20:30:25,buy_purple_bottom,紫抄,shadow,no_hit,否,246245,template_miss,shadow,
TSLQ,2h,2026-03-08 20:30:25,sell_purple_cry,紫色哭脸,live,no_hit,否,246245,template_miss,none,
TSLQ,2h,2026-03-08 20:30:25,sell_purple_exit,紫色卖出,shadow,no_hit,否,246245,template_miss,shadow,
TSLQ,3h,2026-03-08 20:31:10,buy_core,笑笑砖策略,live,no_hit,否,164163,pattern_not_met,none,
TSLQ,3h,2026-03-08 20:31:10,buy_plus_red_diamond,买+红砖石,shadow,no_hit,否,,red_ratio_low,shadow,
TSLQ,3h,2026-03-08 20:31:10,buy_purple_bottom,紫抄,shadow,no_hit,否,164163,template_miss,shadow,
TSLQ,3h,2026-03-08 20:31:10,sell_purple_cry,紫色哭脸,live,no_hit,否,164163,template_miss,none,
TSLQ,3h,2026-03-08 20:31:10,sell_purple_exit,紫色卖出,shadow,no_hit,否,164163,template_miss,shadow,
TSLQ,4h,2026-03-08 20:31:52,buy_core,笑笑砖策略,live,no_hit,否,123122,pattern_not_met,none,
TSLQ,4h,2026-03-08 20:31:52,buy_plus_red_diamond,买+红砖石,shadow,no_hit,否,,red_ratio_low,shadow,
TSLQ,4h,2026-03-08 20:31:52,buy_purple_bottom,紫抄,shadow,no_hit,否,123122,template_miss,shadow,
TSLQ,4h,2026-03-08 20:31:52,sell_purple_cry,紫色哭脸,live,no_hit,否,123122,template_miss,none,
TSLQ,4h,2026-03-08 20:31:52,sell_purple_exit,紫色卖出,shadow,no_hit,否,123122,template_miss,shadow,
UVIX,1h,2026-03-08 20:32:24,buy_core,笑笑砖策略,live,no_hit,否,492491,pattern_not_met,none,
UVIX,1h,2026-03-08 20:32:24,buy_plus_red_diamond,买+红砖石,shadow,no_hit,否,,red_ratio_low,shadow,
UVIX,1h,2026-03-08 20:32:24,buy_purple_bottom,紫抄,shadow,no_hit,否,492491,template_miss,shadow,
UVIX,1h,2026-03-08 20:32:24,sell_purple_cry,紫色哭脸,live,no_hit,否,492491,template_miss,none,
UVIX,1h,2026-03-08 20:32:24,sell_purple_exit,紫色卖出,shadow,no_hit,否,492491,template_miss,shadow,
UVIX,2h,2026-03-08 20:32:53,buy_core,笑笑砖策略,live,no_hit,否,246245,pattern_not_met,none,
UVIX,2h,2026-03-08 20:32:53,buy_plus_red_diamond,买+红砖石,shadow,no_hit,否,,red_ratio_low,shadow,
UVIX,2h,2026-03-08 20:32:53,buy_purple_bottom,紫抄,shadow,no_hit,否,246245,template_miss,shadow,
UVIX,2h,2026-03-08 20:32:53,sell_purple_cry,紫色哭脸,live,no_hit,否,246245,template_miss,none,
UVIX,2h,2026-03-08 20:32:53,sell_purple_exit,紫色卖出,shadow,no_hit,否,246245,template_miss,shadow,
UVIX,3h,2026-03-08 20:33:29,buy_core,笑笑砖策略,live,no_hit,否,164163,pattern_not_met,none,
UVIX,3h,2026-03-08 20:33:29,buy_plus_red_diamond,买+红砖石,shadow,no_hit,否,,red_ratio_low,shadow,
UVIX,3h,2026-03-08 20:33:29,buy_purple_bottom,紫抄,shadow,no_hit,否,164163,template_miss,shadow,
UVIX,3h,2026-03-08 20:33:29,sell_purple_cry,紫色哭脸,live,no_hit,否,164163,template_miss,none,
UVIX,3h,2026-03-08 20:33:29,sell_purple_exit,紫色卖出,shadow,no_hit,否,164163,template_miss,shadow,
UVIX,4h,2026-03-08 20:33:54,buy_core,笑笑砖策略,live,no_hit,否,123122,pattern_not_met,none,
UVIX,4h,2026-03-08 20:33:54,buy_plus_red_diamond,买+红砖石,shadow,no_hit,否,,red_ratio_low,shadow,
UVIX,4h,2026-03-08 20:33:54,buy_purple_bottom,紫抄,shadow,no_hit,否,123122,template_miss,shadow,
UVIX,4h,2026-03-08 20:33:54,sell_purple_cry,紫色哭脸,live,no_hit,否,123122,purple_ratio_low,none,
UVIX,4h,2026-03-08 20:33:54,sell_purple_exit,紫色卖出,shadow,no_hit,否,123122,template_miss,shadow,
WDC,1h,2026-03-08 20:34:22,buy_core,笑笑砖策略,live,no_hit,否,492491,pattern_not_met,none,
WDC,1h,2026-03-08 20:34:22,buy_plus_red_diamond,买+红砖石,shadow,no_hit,否,,red_ratio_low,shadow,
WDC,1h,2026-03-08 20:34:22,buy_purple_bottom,紫抄,shadow,no_hit,否,492491,template_miss,shadow,
WDC,1h,2026-03-08 20:34:22,sell_purple_cry,紫色哭脸,live,no_hit,否,492491,template_miss,none,
WDC,1h,2026-03-08 20:34:22,sell_purple_exit,紫色卖出,shadow,no_hit,否,492491,template_miss,shadow,
WDC,2h,2026-03-08 20:34:52,buy_core,笑笑砖策略,live,no_hit,否,246245,pattern_not_met,none,
WDC,2h,2026-03-08 20:34:52,buy_plus_red_diamond,买+红砖石,shadow,no_hit,否,,red_ratio_low,shadow,
WDC,2h,2026-03-08 20:34:52,buy_purple_bottom,紫抄,shadow,no_hit,否,246245,template_miss,shadow,
WDC,2h,2026-03-08 20:34:52,sell_purple_cry,紫色哭脸,live,no_hit,否,246245,template_miss,none,
WDC,2h,2026-03-08 20:34:52,sell_purple_exit,紫色卖出,shadow,no_hit,否,246245,template_miss,shadow,
WDC,3h,2026-03-08 20:35:22,buy_core,笑笑砖策略,live,no_hit,否,164163,pattern_not_met,none,
WDC,3h,2026-03-08 20:35:22,buy_plus_red_diamond,买+红砖石,shadow,no_hit,否,,red_ratio_low,shadow,
WDC,3h,2026-03-08 20:35:22,buy_purple_bottom,紫抄,shadow,no_hit,否,164163,template_miss,shadow,
WDC,3h,2026-03-08 20:35:22,sell_purple_cry,紫色哭脸,live,no_hit,否,164163,template_miss,none,
WDC,3h,2026-03-08 20:35:22,sell_purple_exit,紫色卖出,shadow,no_hit,否,164163,template_miss,shadow,
WDC,4h,2026-03-08 20:36:34,buy_core,笑笑砖策略,live,no_hit,否,123122,pattern_not_met,none,
WDC,4h,2026-03-08 20:36:34,buy_plus_red_diamond,买+红砖石,shadow,no_hit,否,,template_miss,shadow,
WDC,4h,2026-03-08 20:36:34,buy_purple_bottom,紫抄,shadow,no_hit,否,123122,template_miss,shadow,
WDC,4h,2026-03-08 20:36:34,sell_purple_cry,紫色哭脸,live,no_hit,否,123122,template_miss,none,
WDC,4h,2026-03-08 20:36:34,sell_purple_exit,紫色卖出,shadow,no_hit,否,123122,template_miss,shadow,
ZSL,1h,2026-03-08 20:37:06,buy_core,笑笑砖策略,live,no_hit,否,492491,pattern_not_met,none,
ZSL,1h,2026-03-08 20:37:06,buy_plus_red_diamond,买+红砖石,shadow,no_hit,否,,template_miss,shadow,
ZSL,1h,2026-03-08 20:37:06,buy_purple_bottom,紫抄,shadow,no_hit,否,492491,template_miss,shadow,
ZSL,1h,2026-03-08 20:37:06,sell_purple_cry,紫色哭脸,live,no_hit,否,492491,template_miss,none,
ZSL,1h,2026-03-08 20:37:06,sell_purple_exit,紫色卖出,shadow,no_hit,否,492491,template_miss,shadow,
ZSL,2h,2026-03-08 20:37:57,buy_core,笑笑砖策略,live,no_hit,否,246245,pattern_not_met,none,
ZSL,2h,2026-03-08 20:37:57,buy_plus_red_diamond,买+红砖石,shadow,no_hit,否,,red_ratio_low,shadow,
ZSL,2h,2026-03-08 20:37:57,buy_purple_bottom,紫抄,shadow,no_hit,否,246245,template_miss,shadow,
ZSL,2h,2026-03-08 20:37:57,sell_purple_cry,紫色哭脸,live,no_hit,否,246245,purple_ratio_low,none,
ZSL,2h,2026-03-08 20:37:57,sell_purple_exit,紫色卖出,shadow,no_hit,否,246245,template_miss,shadow,
ZSL,3h,2026-03-08 20:39:21,buy_core,笑笑砖策略,live,no_hit,否,164163,pattern_not_met,none,
ZSL,3h,2026-03-08 20:39:21,buy_plus_red_diamond,买+红砖石,shadow,no_hit,否,,red_ratio_low,shadow,
ZSL,3h,2026-03-08 20:39:21,buy_purple_bottom,紫抄,shadow,no_hit,否,164163,template_miss,shadow,
ZSL,3h,2026-03-08 20:39:21,sell_purple_cry,紫色哭脸,live,no_hit,否,164163,template_miss,none,
ZSL,3h,2026-03-08 20:39:21,sell_purple_exit,紫色卖出,shadow,no_hit,否,164163,template_miss,shadow,
ZSL,4h,2026-03-08 20:40:45,buy_core,笑笑砖策略,live,no_hit,否,123122,pattern_not_met,none,
ZSL,4h,2026-03-08 20:40:45,buy_plus_red_diamond,买+红砖石,shadow,no_hit,否,,red_ratio_low,shadow,
ZSL,4h,2026-03-08 20:40:45,buy_purple_bottom,紫抄,shadow,no_hit,否,123122,template_miss,shadow,
ZSL,4h,2026-03-08 20:40:45,sell_purple_cry,紫色哭脸,live,no_hit,否,123122,template_miss,none,
ZSL,4h,2026-03-08 20:40:45,sell_purple_exit,紫色卖出,shadow,no_hit,否,123122,template_miss,shadow,
BILI,1h,2026-03-08 21:00:33,buy_core,笑笑砖策略,live,no_hit,否,492491,pattern_not_met,none,
BILI,1h,2026-03-08 21:00:33,buy_plus_red_diamond,买+红砖石,shadow,no_hit,否,,red_ratio_low,shadow,
BILI,1h,2026-03-08 21:00:33,buy_purple_bottom,紫抄,shadow,no_hit,否,492491,template_miss,shadow,
BILI,1h,2026-03-08 21:00:33,sell_purple_cry,紫色哭脸,live,no_hit,否,492491,template_miss,none,
BILI,1h,2026-03-08 21:00:33,sell_purple_exit,紫色卖出,shadow,no_hit,否,492491,template_miss,shadow,
BILI,2h,2026-03-08 21:01:49,buy_core,笑笑砖策略,live,no_hit,否,246245,pattern_not_met,none,
BILI,2h,2026-03-08 21:01:49,buy_plus_red_diamond,买+红砖石,shadow,no_hit,否,,template_miss,shadow,
BILI,2h,2026-03-08 21:01:49,buy_purple_bottom,紫抄,shadow,no_hit,否,246245,template_miss,shadow,
BILI,2h,2026-03-08 21:01:49,sell_purple_cry,紫色哭脸,live,no_hit,否,246245,template_miss,none,
BILI,2h,2026-03-08 21:01:49,sell_purple_exit,紫色卖出,shadow,no_hit,否,246245,template_miss,shadow,
BILI,3h,2026-03-08 21:03:03,buy_core,笑笑砖策略,live,no_hit,否,164163,pattern_not_met,none,
BILI,3h,2026-03-08 21:03:03,buy_plus_red_diamond,买+红砖石,shadow,no_hit,否,,template_miss,shadow,
BILI,3h,2026-03-08 21:03:03,buy_purple_bottom,紫抄,shadow,no_hit,否,164163,template_miss,shadow,
BILI,3h,2026-03-08 21:03:03,sell_purple_cry,紫色哭脸,live,no_hit,否,164163,template_miss,none,
BILI,3h,2026-03-08 21:03:03,sell_purple_exit,紫色卖出,shadow,no_hit,否,164163,template_miss,shadow,
BILI,4h,2026-03-08 21:04:36,buy_core,笑笑砖策略,live,no_hit,否,123122,pattern_not_met,none,
BILI,4h,2026-03-08 21:04:36,buy_plus_red_diamond,买+红砖石,shadow,no_hit,否,,red_ratio_low,shadow,
BILI,4h,2026-03-08 21:04:36,buy_purple_bottom,紫抄,shadow,no_hit,否,123122,template_miss,shadow,
BILI,4h,2026-03-08 21:04:36,sell_purple_cry,紫色哭脸,live,no_hit,否,123122,template_miss,none,
BILI,4h,2026-03-08 21:04:36,sell_purple_exit,紫色卖出,shadow,no_hit,否,123122,template_miss,shadow,
CONI,1h,2026-03-08 21:05:37,buy_core,笑笑砖策略,live,no_hit,否,492492,pattern_not_met,none,
CONI,1h,2026-03-08 21:05:37,buy_plus_red_diamond,买+红砖石,shadow,no_hit,否,,red_ratio_low,shadow,
CONI,1h,2026-03-08 21:05:37,buy_purple_bottom,紫抄,shadow,no_hit,否,492492,template_miss,shadow,
CONI,1h,2026-03-08 21:05:37,sell_purple_cry,紫色哭脸,live,no_hit,否,492492,template_miss,none,
CONI,1h,2026-03-08 21:05:37,sell_purple_exit,紫色卖出,shadow,no_hit,否,492492,template_miss,shadow,
CONI,2h,2026-03-08 21:06:28,buy_core,笑笑砖策略,live,no_hit,否,246245,pattern_not_met,none,
CONI,2h,2026-03-08 21:06:28,buy_plus_red_diamond,买+红砖石,shadow,no_hit,否,,red_ratio_low,shadow,
CONI,2h,2026-03-08 21:06:28,buy_purple_bottom,紫抄,shadow,no_hit,否,246245,template_miss,shadow,
CONI,2h,2026-03-08 21:06:28,sell_purple_cry,紫色哭脸,live,no_hit,否,246245,already_active,none,
CONI,2h,2026-03-08 21:06:28,sell_purple_exit,紫色卖出,shadow,no_hit,否,246245,template_miss,shadow,
CONI,3h,2026-03-08 21:07:13,buy_core,笑笑砖策略,live,no_hit,否,164163,pattern_not_met,none,
CONI,3h,2026-03-08 21:07:13,buy_plus_red_diamond,买+红砖石,shadow,no_hit,否,,red_ratio_low,shadow,
CONI,3h,2026-03-08 21:07:13,buy_purple_bottom,紫抄,shadow,no_hit,否,164163,template_miss,shadow,
CONI,3h,2026-03-08 21:07:13,sell_purple_cry,紫色哭脸,live,no_hit,否,164163,already_active,none,
CONI,3h,2026-03-08 21:07:13,sell_purple_exit,紫色卖出,shadow,no_hit,否,164163,template_miss,shadow,
CONI,4h,2026-03-08 21:08:38,buy_core,笑笑砖策略,live,no_hit,否,123122,pattern_not_met,none,
CONI,4h,2026-03-08 21:08:38,buy_plus_red_diamond,买+红砖石,shadow,no_hit,否,,red_ratio_low,shadow,
CONI,4h,2026-03-08 21:08:38,buy_purple_bottom,紫抄,shadow,no_hit,否,123122,template_miss,shadow,
CONI,4h,2026-03-08 21:08:38,sell_purple_cry,紫色哭脸,live,no_hit,否,123122,template_miss,none,
CONI,4h,2026-03-08 21:08:38,sell_purple_exit,紫色卖出,shadow,no_hit,否,123122,template_miss,shadow,
CORD,1h,2026-03-08 21:09:16,buy_core,笑笑砖策略,live,no_hit,否,492492,pattern_not_met,none,
CORD,1h,2026-03-08 21:09:16,buy_plus_red_diamond,买+红砖石,shadow,no_hit,否,,red_ratio_low,shadow,
CORD,1h,2026-03-08 21:09:16,buy_purple_bottom,紫抄,shadow,no_hit,否,492492,template_miss,shadow,
CORD,1h,2026-03-08 21:09:16,sell_purple_cry,紫色哭脸,live,no_hit,否,492492,template_miss,none,
CORD,1h,2026-03-08 21:09:16,sell_purple_exit,紫色卖出,shadow,no_hit,否,492492,template_miss,shadow,
CORD,2h,2026-03-08 21:10:04,buy_core,笑笑砖策略,live,no_hit,否,246245,pattern_not_met,none,
CORD,2h,2026-03-08 21:10:04,buy_plus_red_diamond,买+红砖石,shadow,no_hit,否,,red_ratio_low,shadow,
CORD,2h,2026-03-08 21:10:04,buy_purple_bottom,紫抄,shadow,no_hit,否,246245,template_miss,shadow,
CORD,2h,2026-03-08 21:10:04,sell_purple_cry,紫色哭脸,live,no_hit,否,246245,purple_ratio_low,none,
CORD,2h,2026-03-08 21:10:04,sell_purple_exit,紫色卖出,shadow,no_hit,否,246245,template_miss,shadow,
CORD,3h,2026-03-08 21:10:47,buy_core,笑笑砖策略,live,no_hit,否,164163,pattern_not_met,none,
CORD,3h,2026-03-08 21:10:47,buy_plus_red_diamond,买+红砖石,shadow,no_hit,否,,red_ratio_low,shadow,
CORD,3h,2026-03-08 21:10:47,buy_purple_bottom,紫抄,shadow,no_hit,否,164163,template_miss,shadow,
CORD,3h,2026-03-08 21:10:47,sell_purple_cry,紫色哭脸,live,no_hit,否,164163,already_active,none,
CORD,3h,2026-03-08 21:10:47,sell_purple_exit,紫色卖出,shadow,no_hit,否,164163,template_miss,shadow,
CORD,4h,2026-03-08 21:11:38,buy_core,笑笑砖策略,live,no_hit,否,123122,pattern_not_met,none,
CORD,4h,2026-03-08 21:11:38,buy_plus_red_diamond,买+红砖石,shadow,no_hit,否,,red_ratio_low,shadow,
CORD,4h,2026-03-08 21:11:38,buy_purple_bottom,紫抄,shadow,no_hit,否,123122,template_miss,shadow,
CORD,4h,2026-03-08 21:11:38,sell_purple_cry,紫色哭脸,live,no_hit,否,123122,already_active,none,
CORD,4h,2026-03-08 21:11:38,sell_purple_exit,紫色卖出,shadow,no_hit,否,123122,template_miss,shadow,
CRCD,1h,2026-03-08 21:12:24,buy_core,笑笑砖策略,live,no_hit,否,492492,pattern_not_met,none,
CRCD,1h,2026-03-08 21:12:24,buy_plus_red_diamond,买+红砖石,shadow,no_hit,否,,template_miss,shadow,
CRCD,1h,2026-03-08 21:12:24,buy_purple_bottom,紫抄,shadow,no_hit,否,492492,template_miss,shadow,
CRCD,1h,2026-03-08 21:12:24,sell_purple_cry,紫色哭脸,live,no_hit,否,492492,template_miss,none,
CRCD,1h,2026-03-08 21:12:24,sell_purple_exit,紫色卖出,shadow,no_hit,否,492492,template_miss,shadow,
CRCD,2h,2026-03-08 21:13:24,buy_core,笑笑砖策略,live,no_hit,否,246245,pattern_not_met,none,
CRCD,2h,2026-03-08 21:13:24,buy_plus_red_diamond,买+红砖石,shadow,no_hit,否,,red_ratio_low,shadow,
CRCD,2h,2026-03-08 21:13:24,buy_purple_bottom,紫抄,shadow,no_hit,否,246245,template_miss,shadow,
CRCD,2h,2026-03-08 21:13:24,sell_purple_cry,紫色哭脸,live,no_hit,否,246245,already_active,none,
CRCD,2h,2026-03-08 21:13:24,sell_purple_exit,紫色卖出,shadow,no_hit,否,246245,template_miss,shadow,
CRCD,3h,2026-03-08 21:14:24,buy_core,笑笑砖策略,live,no_hit,否,164163,pattern_not_met,none,
CRCD,3h,2026-03-08 21:14:24,buy_plus_red_diamond,买+红砖石,shadow,no_hit,否,,red_ratio_low,shadow,
CRCD,3h,2026-03-08 21:14:24,buy_purple_bottom,紫抄,shadow,no_hit,否,164163,template_miss,shadow,
CRCD,3h,2026-03-08 21:14:24,sell_purple_cry,紫色哭脸,live,no_hit,否,164163,already_active,none,
CRCD,3h,2026-03-08 21:14:24,sell_purple_exit,紫色卖出,shadow,no_hit,否,164163,template_miss,shadow,
CRCD,4h,2026-03-08 21:15:36,buy_core,笑笑砖策略,live,no_hit,否,123122,pattern_not_met,none,
CRCD,4h,2026-03-08 21:15:36,buy_plus_red_diamond,买+红砖石,shadow,no_hit,否,,red_ratio_low,shadow,
CRCD,4h,2026-03-08 21:15:36,buy_purple_bottom,紫抄,shadow,no_hit,否,123122,template_miss,shadow,
CRCD,4h,2026-03-08 21:15:36,sell_purple_cry,紫色哭脸,live,no_hit,否,123122,template_miss,none,
CRCD,4h,2026-03-08 21:15:36,sell_purple_exit,紫色卖出,shadow,no_hit,否,123122,template_miss,shadow,
CRCL,1h,2026-03-08 21:17:06,buy_core,笑笑砖策略,live,no_hit,否,492492,pattern_not_met,none,
CRCL,1h,2026-03-08 21:17:06,buy_plus_red_diamond,买+红砖石,shadow,no_hit,否,,red_ratio_low,shadow,
CRCL,1h,2026-03-08 21:17:06,buy_purple_bottom,紫抄,shadow,no_hit,否,492492,template_miss,shadow,
CRCL,1h,2026-03-08 21:17:06,sell_purple_cry,紫色哭脸,live,no_hit,否,492492,template_miss,none,
CRCL,1h,2026-03-08 21:17:06,sell_purple_exit,紫色卖出,shadow,no_hit,否,492492,template_miss,shadow,
CRCL,2h,2026-03-08 21:18:19,buy_core,笑笑砖策略,live,no_hit,否,246245,pattern_not_met,none,
CRCL,2h,2026-03-08 21:18:19,buy_plus_red_diamond,买+红砖石,shadow,no_hit,否,,red_ratio_low,shadow,
CRCL,2h,2026-03-08 21:18:19,buy_purple_bottom,紫抄,shadow,no_hit,否,246245,template_miss,shadow,
CRCL,2h,2026-03-08 21:18:19,sell_purple_cry,紫色哭脸,live,no_hit,否,246245,template_miss,none,
CRCL,2h,2026-03-08 21:18:19,sell_purple_exit,紫色卖出,shadow,no_hit,否,246245,template_miss,shadow,
CRCL,3h,2026-03-08 21:19:30,buy_core,笑笑砖策略,live,no_hit,否,164163,pattern_not_met,none,
CRCL,3h,2026-03-08 21:19:30,buy_plus_red_diamond,买+红砖石,shadow,no_hit,否,,red_ratio_low,shadow,
CRCL,3h,2026-03-08 21:19:30,buy_purple_bottom,紫抄,shadow,no_hit,否,164163,template_miss,shadow,
CRCL,3h,2026-03-08 21:19:30,sell_purple_cry,紫色哭脸,live,no_hit,否,164163,template_miss,none,
CRCL,3h,2026-03-08 21:19:30,sell_purple_exit,紫色卖出,shadow,no_hit,否,164163,template_miss,shadow,
CRCL,4h,2026-03-08 21:20:12,buy_core,笑笑砖策略,live,no_hit,否,123122,pattern_not_met,none,
CRCL,4h,2026-03-08 21:20:12,buy_plus_red_diamond,买+红砖石,shadow,no_hit,否,,red_ratio_low,shadow,
CRCL,4h,2026-03-08 21:20:12,buy_purple_bottom,紫抄,shadow,no_hit,否,123122,template_miss,shadow,
CRCL,4h,2026-03-08 21:20:12,sell_purple_cry,紫色哭脸,live,no_hit,否,123122,already_active,none,
CRCL,4h,2026-03-08 21:20:12,sell_purple_exit,紫色卖出,shadow,no_hit,否,123122,template_miss,shadow,
CRDO,1h,2026-03-08 21:20:44,buy_core,笑笑砖策略,live,no_hit,否,492492,pattern_not_met,none,
CRDO,1h,2026-03-08 21:20:44,buy_plus_red_diamond,买+红砖石,shadow,no_hit,否,,red_ratio_low,shadow,
CRDO,1h,2026-03-08 21:20:44,buy_purple_bottom,紫抄,shadow,no_hit,否,492492,template_miss,shadow,
CRDO,1h,2026-03-08 21:20:44,sell_purple_cry,紫色哭脸,live,no_hit,否,492492,template_miss,none,
CRDO,1h,2026-03-08 21:20:44,sell_purple_exit,紫色卖出,shadow,no_hit,否,492492,template_miss,shadow,
CRDO,2h,2026-03-08 21:21:17,buy_core,笑笑砖策略,live,no_hit,否,246245,pattern_not_met,none,
CRDO,2h,2026-03-08 21:21:17,buy_plus_red_diamond,买+红砖石,shadow,no_hit,否,,red_ratio_low,shadow,
CRDO,2h,2026-03-08 21:21:17,buy_purple_bottom,紫抄,shadow,no_hit,否,246245,template_miss,shadow,
CRDO,2h,2026-03-08 21:21:17,sell_purple_cry,紫色哭脸,live,no_hit,否,246245,template_miss,none,
CRDO,2h,2026-03-08 21:21:17,sell_purple_exit,紫色卖出,shadow,no_hit,否,246245,template_miss,shadow,
CRDO,3h,2026-03-08 21:22:32,buy_core,笑笑砖策略,live,no_hit,否,164163,pattern_not_met,none,
CRDO,3h,2026-03-08 21:22:32,buy_plus_red_diamond,买+红砖石,shadow,no_hit,否,,red_ratio_low,shadow,
CRDO,3h,2026-03-08 21:22:32,buy_purple_bottom,紫抄,shadow,no_hit,否,164163,template_miss,shadow,
CRDO,3h,2026-03-08 21:22:32,sell_purple_cry,紫色哭脸,live,no_hit,否,164163,template_miss,none,
CRDO,3h,2026-03-08 21:22:32,sell_purple_exit,紫色卖出,shadow,no_hit,否,164163,template_miss,shadow,
CRDO,4h,2026-03-08 21:23:00,buy_core,笑笑砖策略,live,no_hit,否,123122,pattern_not_met,none,
CRDO,4h,2026-03-08 21:23:00,buy_plus_red_diamond,买+红砖石,shadow,no_hit,否,,red_ratio_low,shadow,
CRDO,4h,2026-03-08 21:23:00,buy_purple_bottom,紫抄,shadow,no_hit,否,123122,template_miss,shadow,
CRDO,4h,2026-03-08 21:23:00,sell_purple_cry,紫色哭脸,live,no_hit,否,123122,template_miss,none,
CRDO,4h,2026-03-08 21:23:00,sell_purple_exit,紫色卖出,shadow,no_hit,否,123122,template_miss,shadow,
CRML,1h,2026-03-08 21:23:19,buy_core,笑笑砖策略,live,no_hit,否,492492,pattern_not_met,none,
CRML,1h,2026-03-08 21:23:19,buy_plus_red_diamond,买+红砖石,shadow,no_hit,否,,red_ratio_low,shadow,
CRML,1h,2026-03-08 21:23:19,buy_purple_bottom,紫抄,shadow,no_hit,否,492492,template_miss,shadow,
CRML,1h,2026-03-08 21:23:19,sell_purple_cry,紫色哭脸,live,no_hit,否,492492,template_miss,none,
CRML,1h,2026-03-08 21:23:19,sell_purple_exit,紫色卖出,shadow,no_hit,否,492492,template_miss,shadow,
CRML,2h,2026-03-08 21:23:39,buy_core,笑笑砖策略,live,no_hit,否,246245,pattern_not_met,none,
CRML,2h,2026-03-08 21:23:39,buy_plus_red_diamond,买+红砖石,shadow,no_hit,否,,red_ratio_low,shadow,
CRML,2h,2026-03-08 21:23:39,buy_purple_bottom,紫抄,shadow,no_hit,否,246245,template_miss,shadow,
CRML,2h,2026-03-08 21:23:39,sell_purple_cry,紫色哭脸,live,no_hit,否,246245,template_miss,none,
CRML,2h,2026-03-08 21:23:39,sell_purple_exit,紫色卖出,shadow,no_hit,否,246245,template_miss,shadow,
CRML,3h,2026-03-08 21:24:01,buy_core,笑笑砖策略,live,no_hit,否,164163,pattern_not_met,none,
CRML,3h,2026-03-08 21:24:01,buy_plus_red_diamond,买+红砖石,shadow,no_hit,否,,red_ratio_low,shadow,
CRML,3h,2026-03-08 21:24:01,buy_purple_bottom,紫抄,shadow,no_hit,否,164163,template_miss,shadow,
CRML,3h,2026-03-08 21:24:01,sell_purple_cry,紫色哭脸,live,no_hit,否,164163,template_miss,none,
CRML,3h,2026-03-08 21:24:01,sell_purple_exit,紫色卖出,shadow,no_hit,否,164163,template_miss,shadow,
CRML,4h,2026-03-08 21:24:58,buy_core,笑笑砖策略,live,no_hit,否,123122,pattern_not_met,none,
CRML,4h,2026-03-08 21:24:58,buy_plus_red_diamond,买+红砖石,shadow,no_hit,否,,red_ratio_low,shadow,
CRML,4h,2026-03-08 21:24:58,buy_purple_bottom,紫抄,shadow,no_hit,否,123122,template_miss,shadow,
CRML,4h,2026-03-08 21:24:58,sell_purple_cry,紫色哭脸,live,no_hit,否,123122,template_miss,none,
CRML,4h,2026-03-08 21:24:58,sell_purple_exit,紫色卖出,shadow,no_hit,否,123122,template_miss,shadow,
DJT,1h,2026-03-08 21:25:22,buy_core,笑笑砖策略,live,no_hit,否,492492,pattern_not_met,none,
DJT,1h,2026-03-08 21:25:22,buy_plus_red_diamond,买+红砖石,shadow,no_hit,否,,red_ratio_low,shadow,
DJT,1h,2026-03-08 21:25:22,buy_purple_bottom,紫抄,shadow,no_hit,否,492492,template_miss,shadow,
DJT,1h,2026-03-08 21:25:22,sell_purple_cry,紫色哭脸,live,no_hit,否,492492,template_miss,none,
DJT,1h,2026-03-08 21:25:22,sell_purple_exit,紫色卖出,shadow,no_hit,否,492492,template_miss,shadow,
DJT,2h,2026-03-08 21:26:53,buy_core,笑笑砖策略,live,no_hit,否,246245,pattern_not_met,none,
DJT,2h,2026-03-08 21:26:53,buy_plus_red_diamond,买+红砖石,shadow,no_hit,否,,red_ratio_low,shadow,
DJT,2h,2026-03-08 21:26:53,buy_purple_bottom,紫抄,shadow,no_hit,否,246245,template_miss,shadow,
DJT,2h,2026-03-08 21:26:53,sell_purple_cry,紫色哭脸,live,no_hit,否,246245,template_miss,none,
DJT,2h,2026-03-08 21:26:53,sell_purple_exit,紫色卖出,shadow,no_hit,否,246245,template_miss,shadow,
DJT,3h,2026-03-08 21:27:33,buy_core,笑笑砖策略,live,no_hit,否,164163,pattern_not_met,none,
DJT,3h,2026-03-08 21:27:33,buy_plus_red_diamond,买+红砖石,shadow,no_hit,否,,red_ratio_low,shadow,
DJT,3h,2026-03-08 21:27:33,buy_purple_bottom,紫抄,shadow,no_hit,否,164163,template_miss,shadow,
DJT,3h,2026-03-08 21:27:33,sell_purple_cry,紫色哭脸,live,no_hit,否,164163,template_miss,none,
DJT,3h,2026-03-08 21:27:33,sell_purple_exit,紫色卖出,shadow,no_hit,否,164163,template_miss,shadow,
DJT,4h,2026-03-08 21:29:06,buy_core,笑笑砖策略,live,no_hit,否,123122,pattern_not_met,none,
DJT,4h,2026-03-08 21:29:06,buy_plus_red_diamond,买+红砖石,shadow,no_hit,否,,red_ratio_low,shadow,
DJT,4h,2026-03-08 21:29:06,buy_purple_bottom,紫抄,shadow,no_hit,否,123122,template_miss,shadow,
DJT,4h,2026-03-08 21:29:06,sell_purple_cry,紫色哭脸,live,no_hit,否,123122,template_miss,none,
DJT,4h,2026-03-08 21:29:06,sell_purple_exit,紫色卖出,shadow,no_hit,否,123122,template_miss,shadow,
DPST,1h,2026-03-08 21:30:15,buy_core,笑笑砖策略,live,no_hit,否,492492,pattern_not_met,none,
DPST,1h,2026-03-08 21:30:15,buy_plus_red_diamond,买+红砖石,shadow,no_hit,否,,template_miss,shadow,
DPST,1h,2026-03-08 21:30:15,buy_purple_bottom,紫抄,shadow,no_hit,否,492492,template_miss,shadow,
DPST,1h,2026-03-08 21:30:15,sell_purple_cry,紫色哭脸,live,no_hit,否,492492,template_miss,none,
DPST,1h,2026-03-08 21:30:15,sell_purple_exit,紫色卖出,shadow,no_hit,否,492492,template_miss,shadow,
DPST,2h,2026-03-08 21:30:53,buy_core,笑笑砖策略,live,no_hit,否,246245,pattern_not_met,none,
DPST,2h,2026-03-08 21:30:53,buy_plus_red_diamond,买+红砖石,shadow,no_hit,否,,red_ratio_low,shadow,
DPST,2h,2026-03-08 21:30:53,buy_purple_bottom,紫抄,shadow,no_hit,否,246245,template_miss,shadow,
DPST,2h,2026-03-08 21:30:53,sell_purple_cry,紫色哭脸,live,no_hit,否,246245,template_miss,none,
DPST,2h,2026-03-08 21:30:53,sell_purple_exit,紫色卖出,shadow,no_hit,否,246245,template_miss,shadow,
DPST,3h,2026-03-08 21:31:16,buy_core,笑笑砖策略,live,no_hit,否,164163,pattern_not_met,none,
DPST,3h,2026-03-08 21:31:16,buy_plus_red_diamond,买+红砖石,shadow,no_hit,否,,red_ratio_low,shadow,
DPST,3h,2026-03-08 21:31:16,buy_purple_bottom,紫抄,shadow,no_hit,否,164163,template_miss,shadow,
DPST,3h,2026-03-08 21:31:16,sell_purple_cry,紫色哭脸,live,no_hit,否,164163,template_miss,none,
DPST,3h,2026-03-08 21:31:16,sell_purple_exit,紫色卖出,shadow,no_hit,否,164163,template_miss,shadow,
DPST,4h,2026-03-08 21:31:37,buy_core,笑笑砖策略,live,no_hit,否,123122,pattern_not_met,none,
DPST,4h,2026-03-08 21:31:37,buy_plus_red_diamond,买+红砖石,shadow,no_hit,否,,red_ratio_low,shadow,
DPST,4h,2026-03-08 21:31:37,buy_purple_bottom,紫抄,shadow,no_hit,否,123122,template_miss,shadow,
DPST,4h,2026-03-08 21:31:37,sell_purple_cry,紫色哭脸,live,no_hit,否,123122,purple_ratio_low,none,
DPST,4h,2026-03-08 21:31:37,sell_purple_exit,紫色卖出,shadow,no_hit,否,123122,template_miss,shadow,
INTC,1h,2026-03-08 21:32:15,buy_core,笑笑砖策略,live,no_hit,否,492492,pattern_not_met,none,
INTC,1h,2026-03-08 21:32:15,buy_plus_red_diamond,买+红砖石,shadow,no_hit,否,,red_ratio_low,shadow,
INTC,1h,2026-03-08 21:32:15,buy_purple_bottom,紫抄,shadow,no_hit,否,492492,template_miss,shadow,
INTC,1h,2026-03-08 21:32:15,sell_purple_cry,紫色哭脸,live,no_hit,否,492492,template_miss,none,
INTC,1h,2026-03-08 21:32:15,sell_purple_exit,紫色卖出,shadow,no_hit,否,492492,template_miss,shadow,
INTC,2h,2026-03-08 21:32:55,buy_core,笑笑砖策略,live,no_hit,否,246245,pattern_not_met,none,
INTC,2h,2026-03-08 21:32:55,buy_plus_red_diamond,买+红砖石,shadow,no_hit,否,,red_ratio_low,shadow,
INTC,2h,2026-03-08 21:32:55,buy_purple_bottom,紫抄,shadow,no_hit,否,246245,template_miss,shadow,
INTC,2h,2026-03-08 21:32:55,sell_purple_cry,紫色哭脸,live,no_hit,否,246245,template_miss,none,
INTC,2h,2026-03-08 21:32:55,sell_purple_exit,紫色卖出,shadow,no_hit,否,246245,template_miss,shadow,
INTC,3h,2026-03-08 21:34:19,buy_core,笑笑砖策略,live,no_hit,否,164163,pattern_not_met,none,
INTC,3h,2026-03-08 21:34:19,buy_plus_red_diamond,买+红砖石,shadow,no_hit,否,,red_ratio_low,shadow,
INTC,3h,2026-03-08 21:34:19,buy_purple_bottom,紫抄,shadow,no_hit,否,164163,template_miss,shadow,
INTC,3h,2026-03-08 21:34:19,sell_purple_cry,紫色哭脸,live,no_hit,否,164163,template_miss,none,
INTC,3h,2026-03-08 21:34:19,sell_purple_exit,紫色卖出,shadow,no_hit,否,164163,template_miss,shadow,
INTC,4h,2026-03-08 21:34:38,buy_core,笑笑砖策略,live,no_hit,否,123122,pattern_not_met,none,
INTC,4h,2026-03-08 21:34:38,buy_plus_red_diamond,买+红砖石,shadow,no_hit,否,,red_ratio_low,shadow,
INTC,4h,2026-03-08 21:34:38,buy_purple_bottom,紫抄,shadow,no_hit,否,123122,template_miss,shadow,
INTC,4h,2026-03-08 21:34:38,sell_purple_cry,紫色哭脸,live,no_hit,否,123122,already_active,none,
INTC,4h,2026-03-08 21:34:38,sell_purple_exit,紫色卖出,shadow,no_hit,否,123122,template_miss,shadow,
KOLD,1h,2026-03-08 21:35:27,buy_core,笑笑砖策略,live,no_hit,否,492492,pattern_not_met,none,
KOLD,1h,2026-03-08 21:35:27,buy_plus_red_diamond,买+红砖石,shadow,no_hit,否,,red_ratio_low,shadow,
KOLD,1h,2026-03-08 21:35:27,buy_purple_bottom,紫抄,shadow,no_hit,否,492492,template_miss,shadow,
KOLD,1h,2026-03-08 21:35:27,sell_purple_cry,紫色哭脸,live,no_hit,否,492492,template_miss,none,
KOLD,1h,2026-03-08 21:35:27,sell_purple_exit,紫色卖出,shadow,no_hit,否,492492,template_miss,shadow,
KOLD,2h,2026-03-08 21:35:52,buy_core,笑笑砖策略,live,no_hit,否,246245,pattern_not_met,none,
KOLD,2h,2026-03-08 21:35:52,buy_plus_red_diamond,买+红砖石,shadow,no_hit,否,,red_ratio_low,shadow,
KOLD,2h,2026-03-08 21:35:52,buy_purple_bottom,紫抄,shadow,no_hit,否,246245,template_miss,shadow,
KOLD,2h,2026-03-08 21:35:52,sell_purple_cry,紫色哭脸,live,no_hit,否,246245,template_miss,none,
KOLD,2h,2026-03-08 21:35:52,sell_purple_exit,紫色卖出,shadow,no_hit,否,246245,template_miss,shadow,
KOLD,3h,2026-03-08 21:37:05,buy_core,笑笑砖策略,live,no_hit,否,164163,pattern_not_met,none,
KOLD,3h,2026-03-08 21:37:05,buy_plus_red_diamond,买+红砖石,shadow,no_hit,否,,red_ratio_low,shadow,
KOLD,3h,2026-03-08 21:37:05,buy_purple_bottom,紫抄,shadow,no_hit,否,164163,template_miss,shadow,
KOLD,3h,2026-03-08 21:37:05,sell_purple_cry,紫色哭脸,live,no_hit,否,164163,template_miss,none,
KOLD,3h,2026-03-08 21:37:05,sell_purple_exit,紫色卖出,shadow,no_hit,否,164163,template_miss,shadow,
KOLD,4h,2026-03-08 21:37:27,buy_core,笑笑砖策略,live,no_hit,否,123122,pattern_not_met,none,
KOLD,4h,2026-03-08 21:37:27,buy_plus_red_diamond,买+红砖石,shadow,no_hit,否,,red_ratio_low,shadow,
KOLD,4h,2026-03-08 21:37:27,buy_purple_bottom,紫抄,shadow,no_hit,否,123122,template_miss,shadow,
KOLD,4h,2026-03-08 21:37:27,sell_purple_cry,紫色哭脸,live,no_hit,否,123122,template_miss,none,
KOLD,4h,2026-03-08 21:37:27,sell_purple_exit,紫色卖出,shadow,no_hit,否,123122,template_miss,shadow,
LMND,1h,2026-03-08 21:38:18,buy_core,笑笑砖策略,live,no_hit,否,492492,pattern_not_met,none,
LMND,1h,2026-03-08 21:38:18,buy_plus_red_diamond,买+红砖石,shadow,no_hit,否,,red_ratio_low,shadow,
LMND,1h,2026-03-08 21:38:18,buy_purple_bottom,紫抄,shadow,no_hit,否,492492,template_miss,shadow,
LMND,1h,2026-03-08 21:38:18,sell_purple_cry,紫色哭脸,live,no_hit,否,492492,template_miss,none,
LMND,1h,2026-03-08 21:38:18,sell_purple_exit,紫色卖出,shadow,no_hit,否,492492,template_miss,shadow,
LMND,2h,2026-03-08 21:38:58,buy_core,笑笑砖策略,live,no_hit,否,246245,pattern_not_met,none,
LMND,2h,2026-03-08 21:38:58,buy_plus_red_diamond,买+红砖石,shadow,no_hit,否,,red_ratio_low,shadow,
LMND,2h,2026-03-08 21:38:58,buy_purple_bottom,紫抄,shadow,no_hit,否,246245,template_miss,shadow,
LMND,2h,2026-03-08 21:38:58,sell_purple_cry,紫色哭脸,live,no_hit,否,246245,already_active,none,
LMND,2h,2026-03-08 21:38:58,sell_purple_exit,紫色卖出,shadow,no_hit,否,246245,template_miss,shadow,
LMND,3h,2026-03-08 21:40:26,buy_core,笑笑砖策略,live,no_hit,否,164163,pattern_not_met,none,
LMND,3h,2026-03-08 21:40:26,buy_plus_red_diamond,买+红砖石,shadow,no_hit,否,,template_miss,shadow,
LMND,3h,2026-03-08 21:40:26,buy_purple_bottom,紫抄,shadow,no_hit,否,164163,template_miss,shadow,
LMND,3h,2026-03-08 21:40:26,sell_purple_cry,紫色哭脸,live,no_hit,否,164163,template_miss,none,
LMND,3h,2026-03-08 21:40:26,sell_purple_exit,紫色卖出,shadow,no_hit,否,164163,template_miss,shadow,
LMND,4h,2026-03-08 21:40:58,buy_core,笑笑砖策略,live,no_hit,否,123122,pattern_not_met,none,
LMND,4h,2026-03-08 21:40:58,buy_plus_red_diamond,买+红砖石,shadow,no_hit,否,,red_ratio_low,shadow,
LMND,4h,2026-03-08 21:40:58,buy_purple_bottom,紫抄,shadow,no_hit,否,123122,template_miss,shadow,
LMND,4h,2026-03-08 21:40:58,sell_purple_cry,紫色哭脸,live,no_hit,否,123122,already_active,none,
LMND,4h,2026-03-08 21:40:58,sell_purple_exit,紫色卖出,shadow,no_hit,否,123122,template_miss,shadow,
MP,1h,2026-03-08 21:41:55,buy_core,笑笑砖策略,live,no_hit,否,492492,pattern_not_met,none,
MP,1h,2026-03-08 21:41:55,buy_plus_red_diamond,买+红砖石,shadow,no_hit,否,,template_miss,shadow,
MP,1h,2026-03-08 21:41:55,buy_purple_bottom,紫抄,shadow,no_hit,否,492492,template_miss,shadow,
MP,1h,2026-03-08 21:41:55,sell_purple_cry,紫色哭脸,live,no_hit,否,492492,template_miss,none,
MP,1h,2026-03-08 21:41:55,sell_purple_exit,紫色卖出,shadow,no_hit,否,492492,template_miss,shadow,
MP,2h,2026-03-08 21:42:50,buy_core,笑笑砖策略,live,no_hit,否,246245,pattern_not_met,none,
MP,2h,2026-03-08 21:42:50,buy_plus_red_diamond,买+红砖石,shadow,no_hit,否,,template_miss,shadow,
MP,2h,2026-03-08 21:42:50,buy_purple_bottom,紫抄,shadow,no_hit,否,246245,template_miss,shadow,
MP,2h,2026-03-08 21:42:50,sell_purple_cry,紫色哭脸,live,no_hit,否,246245,template_miss,none,
MP,2h,2026-03-08 21:42:50,sell_purple_exit,紫色卖出,shadow,no_hit,否,246245,template_miss,shadow,
MP,3h,2026-03-08 21:43:53,buy_core,笑笑砖策略,live,no_hit,否,164163,pattern_not_met,none,
MP,3h,2026-03-08 21:43:53,buy_plus_red_diamond,买+红砖石,shadow,no_hit,否,,template_miss,shadow,
MP,3h,2026-03-08 21:43:53,buy_purple_bottom,紫抄,shadow,no_hit,否,164163,template_miss,shadow,
MP,3h,2026-03-08 21:43:53,sell_purple_cry,紫色哭脸,live,no_hit,否,164163,template_miss,none,
MP,3h,2026-03-08 21:43:53,sell_purple_exit,紫色卖出,shadow,no_hit,否,164163,template_miss,shadow,
MP,4h,2026-03-08 21:44:14,buy_core,笑笑砖策略,live,hit,是,123122,repeat_suppressed,repeat_suppressed,C:\Users\Administrator\Desktop\futu_combo_watch\output\hit_MP_4h_buy_core_20260308_214353.png
MP,4h,2026-03-08 21:44:14,buy_plus_red_diamond,买+红砖石,shadow,no_hit,否,,buy_red_no_pair,shadow,C:\Users\Administrator\Desktop\futu_combo_watch\output\hit_MP_4h_buy_core_20260308_214353.png
MP,4h,2026-03-08 21:44:14,buy_purple_bottom,紫抄,shadow,no_hit,否,123122,template_miss,shadow,C:\Users\Administrator\Desktop\futu_combo_watch\output\hit_MP_4h_buy_core_20260308_214353.png
MP,4h,2026-03-08 21:44:14,sell_purple_cry,紫色哭脸,live,no_hit,否,123122,purple_ratio_low,none,C:\Users\Administrator\Desktop\futu_combo_watch\output\hit_MP_4h_buy_core_20260308_214353.png
MP,4h,2026-03-08 21:44:14,sell_purple_exit,紫色卖出,shadow,no_hit,否,123122,template_miss,shadow,C:\Users\Administrator\Desktop\futu_combo_watch\output\hit_MP_4h_buy_core_20260308_214353.png
MU,1h,2026-03-08 21:44:46,buy_core,笑笑砖策略,live,no_hit,否,492492,pattern_not_met,none,
MU,1h,2026-03-08 21:44:46,buy_plus_red_diamond,买+红砖石,shadow,no_hit,否,,red_ratio_low,shadow,
MU,1h,2026-03-08 21:44:46,buy_purple_bottom,紫抄,shadow,no_hit,否,492492,template_miss,shadow,
MU,1h,2026-03-08 21:44:46,sell_purple_cry,紫色哭脸,live,no_hit,否,492492,template_miss,none,
MU,1h,2026-03-08 21:44:46,sell_purple_exit,紫色卖出,shadow,no_hit,否,492492,template_miss,shadow,
MU,2h,2026-03-08 21:45:22,buy_core,笑笑砖策略,live,no_hit,否,246245,pattern_not_met,none,
MU,2h,2026-03-08 21:45:22,buy_plus_red_diamond,买+红砖石,shadow,no_hit,否,,red_ratio_low,shadow,
MU,2h,2026-03-08 21:45:22,buy_purple_bottom,紫抄,shadow,no_hit,否,246245,template_miss,shadow,
MU,2h,2026-03-08 21:45:22,sell_purple_cry,紫色哭脸,live,no_hit,否,246245,template_miss,none,
MU,2h,2026-03-08 21:45:22,sell_purple_exit,紫色卖出,shadow,no_hit,否,246245,template_miss,shadow,
MU,3h,2026-03-08 21:45:59,buy_core,笑笑砖策略,live,no_hit,否,164163,pattern_not_met,none,
MU,3h,2026-03-08 21:45:59,buy_plus_red_diamond,买+红砖石,shadow,no_hit,否,,red_ratio_low,shadow,
MU,3h,2026-03-08 21:45:59,buy_purple_bottom,紫抄,shadow,no_hit,否,164163,template_miss,shadow,
MU,3h,2026-03-08 21:45:59,sell_purple_cry,紫色哭脸,live,no_hit,否,164163,template_miss,none,
MU,3h,2026-03-08 21:45:59,sell_purple_exit,紫色卖出,shadow,no_hit,否,164163,template_miss,shadow,
MU,4h,2026-03-08 21:46:37,buy_core,笑笑砖策略,live,no_hit,否,123122,pattern_not_met,none,
MU,4h,2026-03-08 21:46:37,buy_plus_red_diamond,买+红砖石,shadow,no_hit,否,,red_ratio_low,shadow,
MU,4h,2026-03-08 21:46:37,buy_purple_bottom,紫抄,shadow,no_hit,否,123122,template_miss,shadow,
MU,4h,2026-03-08 21:46:37,sell_purple_cry,紫色哭脸,live,no_hit,否,123122,template_miss,none,
MU,4h,2026-03-08 21:46:37,sell_purple_exit,紫色卖出,shadow,no_hit,否,123122,template_miss,shadow,
NBIS,1h,2026-03-08 21:47:15,buy_core,笑笑砖策略,live,no_hit,否,492492,pattern_not_met,none,
NBIS,1h,2026-03-08 21:47:15,buy_plus_red_diamond,买+红砖石,shadow,no_hit,否,,red_ratio_low,shadow,
NBIS,1h,2026-03-08 21:47:15,buy_purple_bottom,紫抄,shadow,no_hit,否,492492,template_miss,shadow,
NBIS,1h,2026-03-08 21:47:15,sell_purple_cry,紫色哭脸,live,no_hit,否,492492,template_miss,none,
NBIS,1h,2026-03-08 21:47:15,sell_purple_exit,紫色卖出,shadow,no_hit,否,492492,template_miss,shadow,
NBIS,2h,2026-03-08 21:48:28,buy_core,笑笑砖策略,live,no_hit,否,246245,pattern_not_met,none,
NBIS,2h,2026-03-08 21:48:28,buy_plus_red_diamond,买+红砖石,shadow,no_hit,否,,red_ratio_low,shadow,
NBIS,2h,2026-03-08 21:48:28,buy_purple_bottom,紫抄,shadow,no_hit,否,246245,template_miss,shadow,
NBIS,2h,2026-03-08 21:48:28,sell_purple_cry,紫色哭脸,live,no_hit,否,246245,template_miss,none,
NBIS,2h,2026-03-08 21:48:28,sell_purple_exit,紫色卖出,shadow,no_hit,否,246245,template_miss,shadow,
NBIS,3h,2026-03-08 21:48:51,buy_core,笑笑砖策略,live,no_hit,否,164163,pattern_not_met,none,
NBIS,3h,2026-03-08 21:48:51,buy_plus_red_diamond,买+红砖石,shadow,no_hit,否,,red_ratio_low,shadow,
NBIS,3h,2026-03-08 21:48:51,buy_purple_bottom,紫抄,shadow,no_hit,否,164163,template_miss,shadow,
NBIS,3h,2026-03-08 21:48:51,sell_purple_cry,紫色哭脸,live,no_hit,否,164163,purple_ratio_low,none,
NBIS,3h,2026-03-08 21:48:51,sell_purple_exit,紫色卖出,shadow,no_hit,否,164163,template_miss,shadow,
NBIS,4h,2026-03-08 21:50:17,buy_core,笑笑砖策略,live,no_hit,否,123122,pattern_not_met,none,
NBIS,4h,2026-03-08 21:50:17,buy_plus_red_diamond,买+红砖石,shadow,no_hit,否,,red_ratio_low,shadow,
NBIS,4h,2026-03-08 21:50:17,buy_purple_bottom,紫抄,shadow,no_hit,否,123122,template_miss,shadow,
NBIS,4h,2026-03-08 21:50:17,sell_purple_cry,紫色哭脸,live,no_hit,否,123122,template_miss,none,
NBIS,4h,2026-03-08 21:50:17,sell_purple_exit,紫色卖出,shadow,no_hit,否,123122,template_miss,shadow,
NBIZ,1h,2026-03-08 21:51:18,buy_core,笑笑砖策略,live,no_hit,否,492492,pattern_not_met,none,
NBIZ,1h,2026-03-08 21:51:18,buy_plus_red_diamond,买+红砖石,shadow,no_hit,否,,red_ratio_low,shadow,
NBIZ,1h,2026-03-08 21:51:18,buy_purple_bottom,紫抄,shadow,no_hit,否,492492,template_miss,shadow,
NBIZ,1h,2026-03-08 21:51:18,sell_purple_cry,紫色哭脸,live,no_hit,否,492492,template_miss,none,
NBIZ,1h,2026-03-08 21:51:18,sell_purple_exit,紫色卖出,shadow,no_hit,否,492492,template_miss,shadow,
NBIZ,2h,2026-03-08 21:52:04,buy_core,笑笑砖策略,live,no_hit,否,246245,pattern_not_met,none,
NBIZ,2h,2026-03-08 21:52:04,buy_plus_red_diamond,买+红砖石,shadow,no_hit,否,,template_miss,shadow,
NBIZ,2h,2026-03-08 21:52:04,buy_purple_bottom,紫抄,shadow,no_hit,否,246245,template_miss,shadow,
NBIZ,2h,2026-03-08 21:52:04,sell_purple_cry,紫色哭脸,live,no_hit,否,246245,template_miss,none,
NBIZ,2h,2026-03-08 21:52:04,sell_purple_exit,紫色卖出,shadow,no_hit,否,246245,template_miss,shadow,
NBIZ,3h,2026-03-08 21:53:41,buy_core,笑笑砖策略,live,no_hit,否,164163,pattern_not_met,none,
NBIZ,3h,2026-03-08 21:53:41,buy_plus_red_diamond,买+红砖石,shadow,no_hit,否,,template_miss,shadow,
NBIZ,3h,2026-03-08 21:53:41,buy_purple_bottom,紫抄,shadow,no_hit,否,164163,template_miss,shadow,
NBIZ,3h,2026-03-08 21:53:41,sell_purple_cry,紫色哭脸,live,no_hit,否,164163,template_miss,none,
NBIZ,3h,2026-03-08 21:53:41,sell_purple_exit,紫色卖出,shadow,no_hit,否,164163,template_miss,shadow,
NBIZ,4h,2026-03-08 21:54:51,buy_core,笑笑砖策略,live,no_hit,否,123122,pattern_not_met,none,
NBIZ,4h,2026-03-08 21:54:51,buy_plus_red_diamond,买+红砖石,shadow,no_hit,否,,template_miss,shadow,
NBIZ,4h,2026-03-08 21:54:51,buy_purple_bottom,紫抄,shadow,no_hit,否,123122,template_miss,shadow,
NBIZ,4h,2026-03-08 21:54:51,sell_purple_cry,紫色哭脸,live,no_hit,否,123122,template_miss,none,
NBIZ,4h,2026-03-08 21:54:51,sell_purple_exit,紫色卖出,shadow,no_hit,否,123122,template_miss,shadow,
NVDA,1h,2026-03-08 21:55:29,buy_core,笑笑砖策略,live,no_hit,否,492492,pattern_not_met,none,
NVDA,1h,2026-03-08 21:55:29,buy_plus_red_diamond,买+红砖石,shadow,no_hit,否,,red_ratio_low,shadow,
NVDA,1h,2026-03-08 21:55:29,buy_purple_bottom,紫抄,shadow,no_hit,否,492492,template_miss,shadow,
NVDA,1h,2026-03-08 21:55:29,sell_purple_cry,紫色哭脸,live,no_hit,否,492492,template_miss,none,
NVDA,1h,2026-03-08 21:55:29,sell_purple_exit,紫色卖出,shadow,no_hit,否,492492,template_miss,shadow,
NVDA,2h,2026-03-08 21:56:10,buy_core,笑笑砖策略,live,no_hit,否,246245,pattern_not_met,none,
NVDA,2h,2026-03-08 21:56:10,buy_plus_red_diamond,买+红砖石,shadow,no_hit,否,,template_miss,shadow,
NVDA,2h,2026-03-08 21:56:10,buy_purple_bottom,紫抄,shadow,no_hit,否,246245,template_miss,shadow,
NVDA,2h,2026-03-08 21:56:10,sell_purple_cry,紫色哭脸,live,no_hit,否,246245,template_miss,none,
NVDA,2h,2026-03-08 21:56:10,sell_purple_exit,紫色卖出,shadow,no_hit,否,246245,template_miss,shadow,
NVDA,3h,2026-03-08 21:56:39,buy_core,笑笑砖策略,live,no_hit,否,164163,pattern_not_met,none,
NVDA,3h,2026-03-08 21:56:39,buy_plus_red_diamond,买+红砖石,shadow,no_hit,否,,template_miss,shadow,
NVDA,3h,2026-03-08 21:56:39,buy_purple_bottom,紫抄,shadow,no_hit,否,164163,template_miss,shadow,
NVDA,3h,2026-03-08 21:56:39,sell_purple_cry,紫色哭脸,live,no_hit,否,164163,template_miss,none,
NVDA,3h,2026-03-08 21:56:39,sell_purple_exit,紫色卖出,shadow,no_hit,否,164163,template_miss,shadow,
NVDA,4h,2026-03-08 21:58:06,buy_core,笑笑砖策略,live,no_hit,否,123122,pattern_not_met,none,
NVDA,4h,2026-03-08 21:58:06,buy_plus_red_diamond,买+红砖石,shadow,no_hit,否,,template_miss,shadow,
NVDA,4h,2026-03-08 21:58:06,buy_purple_bottom,紫抄,shadow,no_hit,否,123122,template_miss,shadow,
NVDA,4h,2026-03-08 21:58:06,sell_purple_cry,紫色哭脸,live,no_hit,否,123122,template_miss,none,
NVDA,4h,2026-03-08 21:58:06,sell_purple_exit,紫色卖出,shadow,no_hit,否,123122,template_miss,shadow,
OKLO,1h,2026-03-08 21:58:46,buy_core,笑笑砖策略,live,no_hit,否,492492,pattern_not_met,none,
OKLO,1h,2026-03-08 21:58:46,buy_plus_red_diamond,买+红砖石,shadow,no_hit,否,,red_ratio_low,shadow,
OKLO,1h,2026-03-08 21:58:46,buy_purple_bottom,紫抄,shadow,no_hit,否,492492,template_miss,shadow,
OKLO,1h,2026-03-08 21:58:46,sell_purple_cry,紫色哭脸,live,no_hit,否,492492,template_miss,none,
OKLO,1h,2026-03-08 21:58:46,sell_purple_exit,紫色卖出,shadow,no_hit,否,492492,template_miss,shadow,
OKLO,2h,2026-03-08 21:59:23,buy_core,笑笑砖策略,live,no_hit,否,246245,pattern_not_met,none,
OKLO,2h,2026-03-08 21:59:23,buy_plus_red_diamond,买+红砖石,shadow,no_hit,否,,red_ratio_low,shadow,
OKLO,2h,2026-03-08 21:59:23,buy_purple_bottom,紫抄,shadow,no_hit,否,246245,template_miss,shadow,
OKLO,2h,2026-03-08 21:59:23,sell_purple_cry,紫色哭脸,live,no_hit,否,246245,template_miss,none,
OKLO,2h,2026-03-08 21:59:23,sell_purple_exit,紫色卖出,shadow,no_hit,否,246245,template_miss,shadow,
OKLO,3h,2026-03-08 21:59:55,buy_core,笑笑砖策略,live,no_hit,否,164163,pattern_not_met,none,
OKLO,3h,2026-03-08 21:59:55,buy_plus_red_diamond,买+红砖石,shadow,no_hit,否,,red_ratio_low,shadow,
OKLO,3h,2026-03-08 21:59:55,buy_purple_bottom,紫抄,shadow,no_hit,否,164163,template_miss,shadow,
OKLO,3h,2026-03-08 21:59:55,sell_purple_cry,紫色哭脸,live,no_hit,否,164163,template_miss,none,
OKLO,3h,2026-03-08 21:59:55,sell_purple_exit,紫色卖出,shadow,no_hit,否,164163,template_miss,shadow,
OKLO,4h,2026-03-08 22:01:19,buy_core,笑笑砖策略,live,no_hit,否,123122,pattern_not_met,none,
OKLO,4h,2026-03-08 22:01:19,buy_plus_red_diamond,买+红砖石,shadow,no_hit,否,,red_ratio_low,shadow,
OKLO,4h,2026-03-08 22:01:19,buy_purple_bottom,紫抄,shadow,no_hit,否,123122,template_miss,shadow,
OKLO,4h,2026-03-08 22:01:19,sell_purple_cry,紫色哭脸,live,no_hit,否,123122,template_miss,none,
OKLO,4h,2026-03-08 22:01:19,sell_purple_exit,紫色卖出,shadow,no_hit,否,123122,template_miss,shadow,
OKLS,1h,2026-03-08 22:02:09,buy_core,笑笑砖策略,live,no_hit,否,492493,pattern_not_met,none,
OKLS,1h,2026-03-08 22:02:09,buy_plus_red_diamond,买+红砖石,shadow,no_hit,否,,red_ratio_low,shadow,
OKLS,1h,2026-03-08 22:02:09,buy_purple_bottom,紫抄,shadow,no_hit,否,492493,template_miss,shadow,
OKLS,1h,2026-03-08 22:02:09,sell_purple_cry,紫色哭脸,live,no_hit,否,492493,template_miss,none,
OKLS,1h,2026-03-08 22:02:09,sell_purple_exit,紫色卖出,shadow,no_hit,否,492493,template_miss,shadow,
OKLS,2h,2026-03-08 22:03:07,buy_core,笑笑砖策略,live,no_hit,否,246246,pattern_not_met,none,
OKLS,2h,2026-03-08 22:03:07,buy_plus_red_diamond,买+红砖石,shadow,no_hit,否,,red_ratio_low,shadow,
OKLS,2h,2026-03-08 22:03:07,buy_purple_bottom,紫抄,shadow,no_hit,否,246246,template_miss,shadow,
OKLS,2h,2026-03-08 22:03:07,sell_purple_cry,紫色哭脸,live,no_hit,否,246246,template_miss,none,
OKLS,2h,2026-03-08 22:03:07,sell_purple_exit,紫色卖出,shadow,no_hit,否,246246,template_miss,shadow,
OKLS,3h,2026-03-08 22:03:45,buy_core,笑笑砖策略,live,no_hit,否,164163,pattern_not_met,none,
OKLS,3h,2026-03-08 22:03:45,buy_plus_red_diamond,买+红砖石,shadow,no_hit,否,,red_ratio_low,shadow,
OKLS,3h,2026-03-08 22:03:45,buy_purple_bottom,紫抄,shadow,no_hit,否,164163,template_miss,shadow,
OKLS,3h,2026-03-08 22:03:45,sell_purple_cry,紫色哭脸,live,no_hit,否,164163,template_miss,none,
OKLS,3h,2026-03-08 22:03:45,sell_purple_exit,紫色卖出,shadow,no_hit,否,164163,template_miss,shadow,
OKLS,4h,2026-03-08 22:04:42,buy_core,笑笑砖策略,live,no_hit,否,123122,pattern_not_met,none,
OKLS,4h,2026-03-08 22:04:42,buy_plus_red_diamond,买+红砖石,shadow,no_hit,否,,red_ratio_low,shadow,
OKLS,4h,2026-03-08 22:04:42,buy_purple_bottom,紫抄,shadow,no_hit,否,123122,template_miss,shadow,
OKLS,4h,2026-03-08 22:04:42,sell_purple_cry,紫色哭脸,live,no_hit,否,123122,template_miss,none,
OKLS,4h,2026-03-08 22:04:42,sell_purple_exit,紫色卖出,shadow,no_hit,否,123122,template_miss,shadow,
PLTR,1h,2026-03-08 22:06:04,buy_core,笑笑砖策略,live,no_hit,否,492493,pattern_not_met,none,
PLTR,1h,2026-03-08 22:06:04,buy_plus_red_diamond,买+红砖石,shadow,no_hit,否,,red_ratio_low,shadow,
PLTR,1h,2026-03-08 22:06:04,buy_purple_bottom,紫抄,shadow,no_hit,否,492493,template_miss,shadow,
PLTR,1h,2026-03-08 22:06:04,sell_purple_cry,紫色哭脸,live,no_hit,否,492493,template_miss,none,
PLTR,1h,2026-03-08 22:06:04,sell_purple_exit,紫色卖出,shadow,no_hit,否,492493,template_miss,shadow,
PLTR,2h,2026-03-08 22:07:20,buy_core,笑笑砖策略,live,no_hit,否,246246,pattern_not_met,none,
PLTR,2h,2026-03-08 22:07:20,buy_plus_red_diamond,买+红砖石,shadow,no_hit,否,,template_miss,shadow,
PLTR,2h,2026-03-08 22:07:20,buy_purple_bottom,紫抄,shadow,no_hit,否,246246,template_miss,shadow,
PLTR,2h,2026-03-08 22:07:20,sell_purple_cry,紫色哭脸,live,no_hit,否,246246,template_miss,none,
PLTR,2h,2026-03-08 22:07:20,sell_purple_exit,紫色卖出,shadow,no_hit,否,246246,template_miss,shadow,
PLTR,3h,2026-03-08 22:08:31,buy_core,笑笑砖策略,live,no_hit,否,164163,pattern_not_met,none,
PLTR,3h,2026-03-08 22:08:31,buy_plus_red_diamond,买+红砖石,shadow,no_hit,否,,template_miss,shadow,
PLTR,3h,2026-03-08 22:08:31,buy_purple_bottom,紫抄,shadow,no_hit,否,164163,template_miss,shadow,
PLTR,3h,2026-03-08 22:08:31,sell_purple_cry,紫色哭脸,live,no_hit,否,164163,template_miss,none,
PLTR,3h,2026-03-08 22:08:31,sell_purple_exit,紫色卖出,shadow,no_hit,否,164163,template_miss,shadow,
PLTR,4h,2026-03-08 22:09:58,buy_core,笑笑砖策略,live,no_hit,否,123122,pattern_not_met,none,
PLTR,4h,2026-03-08 22:09:58,buy_plus_red_diamond,买+红砖石,shadow,no_hit,否,,template_miss,shadow,
PLTR,4h,2026-03-08 22:09:58,buy_purple_bottom,紫抄,shadow,no_hit,否,123122,template_miss,shadow,
PLTR,4h,2026-03-08 22:09:58,sell_purple_cry,紫色哭脸,live,no_hit,否,123122,template_miss,none,
PLTR,4h,2026-03-08 22:09:58,sell_purple_exit,紫色卖出,shadow,no_hit,否,123122,template_miss,shadow,
PLTZ,1h,2026-03-08 22:11:26,buy_core,笑笑砖策略,live,no_hit,否,492493,pattern_not_met,none,
PLTZ,1h,2026-03-08 22:11:26,buy_plus_red_diamond,买+红砖石,shadow,no_hit,否,,red_ratio_low,shadow,
PLTZ,1h,2026-03-08 22:11:26,buy_purple_bottom,紫抄,shadow,no_hit,否,492493,template_miss,shadow,
PLTZ,1h,2026-03-08 22:11:26,sell_purple_cry,紫色哭脸,live,no_hit,否,492493,template_miss,none,
PLTZ,1h,2026-03-08 22:11:26,sell_purple_exit,紫色卖出,shadow,no_hit,否,492493,template_miss,shadow,
PLTZ,2h,2026-03-08 22:12:41,buy_core,笑笑砖策略,live,no_hit,否,246246,pattern_not_met,none,
PLTZ,2h,2026-03-08 22:12:41,buy_plus_red_diamond,买+红砖石,shadow,no_hit,否,,template_miss,shadow,
PLTZ,2h,2026-03-08 22:12:41,buy_purple_bottom,紫抄,shadow,no_hit,否,246246,template_miss,shadow,
PLTZ,2h,2026-03-08 22:12:41,sell_purple_cry,紫色哭脸,live,no_hit,否,246246,template_miss,none,
PLTZ,2h,2026-03-08 22:12:41,sell_purple_exit,紫色卖出,shadow,no_hit,否,246246,template_miss,shadow,
PLTZ,3h,2026-03-08 22:13:55,buy_core,笑笑砖策略,live,no_hit,否,164163,pattern_not_met,none,
PLTZ,3h,2026-03-08 22:13:55,buy_plus_red_diamond,买+红砖石,shadow,no_hit,否,,red_ratio_low,shadow,
PLTZ,3h,2026-03-08 22:13:55,buy_purple_bottom,紫抄,shadow,no_hit,否,164163,template_miss,shadow,
PLTZ,3h,2026-03-08 22:13:55,sell_purple_cry,紫色哭脸,live,no_hit,否,164163,template_miss,none,
PLTZ,3h,2026-03-08 22:13:55,sell_purple_exit,紫色卖出,shadow,no_hit,否,164163,template_miss,shadow,
PLTZ,4h,2026-03-08 22:14:18,buy_core,笑笑砖策略,live,no_hit,否,123122,pattern_not_met,none,
PLTZ,4h,2026-03-08 22:14:18,buy_plus_red_diamond,买+红砖石,shadow,no_hit,否,,red_ratio_low,shadow,
PLTZ,4h,2026-03-08 22:14:18,buy_purple_bottom,紫抄,shadow,no_hit,否,123122,template_miss,shadow,
PLTZ,4h,2026-03-08 22:14:18,sell_purple_cry,紫色哭脸,live,no_hit,否,123122,template_miss,none,
PLTZ,4h,2026-03-08 22:14:18,sell_purple_exit,紫色卖出,shadow,no_hit,否,123122,template_miss,shadow,
RDW,1h,2026-03-08 22:14:58,buy_core,笑笑砖策略,live,no_hit,否,492493,pattern_not_met,none,
RDW,1h,2026-03-08 22:14:58,buy_plus_red_diamond,买+红砖石,shadow,no_hit,否,,red_ratio_low,shadow,
RDW,1h,2026-03-08 22:14:58,buy_purple_bottom,紫抄,shadow,no_hit,否,492493,template_miss,shadow,
RDW,1h,2026-03-08 22:14:58,sell_purple_cry,紫色哭脸,live,no_hit,否,492493,template_miss,none,
RDW,1h,2026-03-08 22:14:58,sell_purple_exit,紫色卖出,shadow,no_hit,否,492493,template_miss,shadow,
RDW,2h,2026-03-08 22:15:30,buy_core,笑笑砖策略,live,no_hit,否,246246,pattern_not_met,none,
RDW,2h,2026-03-08 22:15:30,buy_plus_red_diamond,买+红砖石,shadow,no_hit,否,,red_ratio_low,shadow,
RDW,2h,2026-03-08 22:15:30,buy_purple_bottom,紫抄,shadow,no_hit,否,246246,template_miss,shadow,
RDW,2h,2026-03-08 22:15:30,sell_purple_cry,紫色哭脸,live,no_hit,否,246246,template_miss,none,
RDW,2h,2026-03-08 22:15:30,sell_purple_exit,紫色卖出,shadow,no_hit,否,246246,template_miss,shadow,
RDW,3h,2026-03-08 22:16:01,buy_core,笑笑砖策略,live,no_hit,否,164163,pattern_not_met,none,
RDW,3h,2026-03-08 22:16:01,buy_plus_red_diamond,买+红砖石,shadow,no_hit,否,,red_ratio_low,shadow,
RDW,3h,2026-03-08 22:16:01,buy_purple_bottom,紫抄,shadow,no_hit,否,164163,template_miss,shadow,
RDW,3h,2026-03-08 22:16:01,sell_purple_cry,紫色哭脸,live,no_hit,否,164163,template_miss,none,
RDW,3h,2026-03-08 22:16:01,sell_purple_exit,紫色卖出,shadow,no_hit,否,164163,template_miss,shadow,
RDW,4h,2026-03-08 22:16:38,buy_core,笑笑砖策略,live,no_hit,否,123122,pattern_not_met,none,
RDW,4h,2026-03-08 22:16:38,buy_plus_red_diamond,买+红砖石,shadow,no_hit,否,,red_ratio_low,shadow,
RDW,4h,2026-03-08 22:16:38,buy_purple_bottom,紫抄,shadow,no_hit,否,123122,template_miss,shadow,
RDW,4h,2026-03-08 22:16:38,sell_purple_cry,紫色哭脸,live,no_hit,否,123122,template_miss,none,
RDW,4h,2026-03-08 22:16:38,sell_purple_exit,紫色卖出,shadow,no_hit,否,123122,template_miss,shadow,
RGTZ,1h,2026-03-08 22:17:10,buy_core,笑笑砖策略,live,no_hit,否,492493,pattern_not_met,none,
RGTZ,1h,2026-03-08 22:17:10,buy_plus_red_diamond,买+红砖石,shadow,no_hit,否,,red_ratio_low,shadow,
RGTZ,1h,2026-03-08 22:17:10,buy_purple_bottom,紫抄,shadow,no_hit,否,492493,template_miss,shadow,
RGTZ,1h,2026-03-08 22:17:10,sell_purple_cry,紫色哭脸,live,no_hit,否,492493,already_active,none,
RGTZ,1h,2026-03-08 22:17:10,sell_purple_exit,紫色卖出,shadow,no_hit,否,492493,template_miss,shadow,
RGTZ,2h,2026-03-08 22:17:53,buy_core,笑笑砖策略,live,no_hit,否,246246,pattern_not_met,none,
RGTZ,2h,2026-03-08 22:17:53,buy_plus_red_diamond,买+红砖石,shadow,no_hit,否,,red_ratio_low,shadow,
RGTZ,2h,2026-03-08 22:17:53,buy_purple_bottom,紫抄,shadow,no_hit,否,246246,template_miss,shadow,
RGTZ,2h,2026-03-08 22:17:53,sell_purple_cry,紫色哭脸,live,no_hit,否,246246,template_miss,none,
RGTZ,2h,2026-03-08 22:17:53,sell_purple_exit,紫色卖出,shadow,no_hit,否,246246,template_miss,shadow,
RGTZ,3h,2026-03-08 22:18:46,buy_core,笑笑砖策略,live,no_hit,否,164163,pattern_not_met,none,
RGTZ,3h,2026-03-08 22:18:46,buy_plus_red_diamond,买+红砖石,shadow,no_hit,否,,red_ratio_low,shadow,
RGTZ,3h,2026-03-08 22:18:46,buy_purple_bottom,紫抄,shadow,no_hit,否,164163,template_miss,shadow,
RGTZ,3h,2026-03-08 22:18:46,sell_purple_cry,紫色哭脸,live,no_hit,否,164163,purple_ratio_low,none,
RGTZ,3h,2026-03-08 22:18:46,sell_purple_exit,紫色卖出,shadow,no_hit,否,164163,template_miss,shadow,
RGTZ,4h,2026-03-08 22:19:12,buy_core,笑笑砖策略,live,no_hit,否,123122,pattern_not_met,none,
RGTZ,4h,2026-03-08 22:19:12,buy_plus_red_diamond,买+红砖石,shadow,no_hit,否,,red_ratio_low,shadow,
RGTZ,4h,2026-03-08 22:19:12,buy_purple_bottom,紫抄,shadow,no_hit,否,123122,template_miss,shadow,
RGTZ,4h,2026-03-08 22:19:12,sell_purple_cry,紫色哭脸,live,no_hit,否,123122,purple_ratio_low,none,
RGTZ,4h,2026-03-08 22:19:12,sell_purple_exit,紫色卖出,shadow,no_hit,否,123122,template_miss,shadow,
RKLB,1h,2026-03-08 22:20:30,buy_core,笑笑砖策略,live,no_hit,否,492493,pattern_not_met,none,
RKLB,1h,2026-03-08 22:20:30,buy_plus_red_diamond,买+红砖石,shadow,no_hit,否,,red_ratio_low,shadow,
RKLB,1h,2026-03-08 22:20:30,buy_purple_bottom,紫抄,shadow,no_hit,否,492493,template_miss,shadow,
RKLB,1h,2026-03-08 22:20:30,sell_purple_cry,紫色哭脸,live,no_hit,否,492493,template_miss,none,
RKLB,1h,2026-03-08 22:20:30,sell_purple_exit,紫色卖出,shadow,no_hit,否,492493,template_miss,shadow,
RKLB,2h,2026-03-08 22:21:13,buy_core,笑笑砖策略,live,no_hit,否,246246,pattern_not_met,none,
RKLB,2h,2026-03-08 22:21:13,buy_plus_red_diamond,买+红砖石,shadow,no_hit,否,,red_ratio_low,shadow,
RKLB,2h,2026-03-08 22:21:13,buy_purple_bottom,紫抄,shadow,no_hit,否,246246,template_miss,shadow,
RKLB,2h,2026-03-08 22:21:13,sell_purple_cry,紫色哭脸,live,no_hit,否,246246,already_active,none,
RKLB,2h,2026-03-08 22:21:13,sell_purple_exit,紫色卖出,shadow,no_hit,否,246246,template_miss,shadow,
RKLB,3h,2026-03-08 22:22:10,buy_core,笑笑砖策略,live,no_hit,否,164163,pattern_not_met,none,
RKLB,3h,2026-03-08 22:22:10,buy_plus_red_diamond,买+红砖石,shadow,no_hit,否,,red_ratio_low,shadow,
RKLB,3h,2026-03-08 22:22:10,buy_purple_bottom,紫抄,shadow,no_hit,否,164163,template_miss,shadow,
RKLB,3h,2026-03-08 22:22:10,sell_purple_cry,紫色哭脸,live,no_hit,否,164163,template_miss,none,
RKLB,3h,2026-03-08 22:22:10,sell_purple_exit,紫色卖出,shadow,no_hit,否,164163,template_miss,shadow,
RKLB,4h,2026-03-08 22:22:41,buy_core,笑笑砖策略,live,no_hit,否,123122,pattern_not_met,none,
RKLB,4h,2026-03-08 22:22:41,buy_plus_red_diamond,买+红砖石,shadow,no_hit,否,,red_ratio_low,shadow,
RKLB,4h,2026-03-08 22:22:41,buy_purple_bottom,紫抄,shadow,no_hit,否,123122,template_miss,shadow,
RKLB,4h,2026-03-08 22:22:41,sell_purple_cry,紫色哭脸,live,no_hit,否,123122,purple_ratio_low,none,
RKLB,4h,2026-03-08 22:22:41,sell_purple_exit,紫色卖出,shadow,no_hit,否,123122,template_miss,shadow,
RKLZ,1h,2026-03-08 22:23:16,buy_core,笑笑砖策略,live,no_hit,否,492493,pattern_not_met,none,
RKLZ,1h,2026-03-08 22:23:16,buy_plus_red_diamond,买+红砖石,shadow,no_hit,否,,red_ratio_low,shadow,
RKLZ,1h,2026-03-08 22:23:16,buy_purple_bottom,紫抄,shadow,no_hit,否,492493,template_miss,shadow,
RKLZ,1h,2026-03-08 22:23:16,sell_purple_cry,紫色哭脸,live,no_hit,否,492493,already_active,none,
RKLZ,1h,2026-03-08 22:23:16,sell_purple_exit,紫色卖出,shadow,no_hit,否,492493,template_miss,shadow,
RKLZ,2h,2026-03-08 22:23:53,buy_core,笑笑砖策略,live,no_hit,否,246246,pattern_not_met,none,
RKLZ,2h,2026-03-08 22:23:53,buy_plus_red_diamond,买+红砖石,shadow,no_hit,否,,red_ratio_low,shadow,
RKLZ,2h,2026-03-08 22:23:53,buy_purple_bottom,紫抄,shadow,no_hit,否,246246,template_miss,shadow,
RKLZ,2h,2026-03-08 22:23:53,sell_purple_cry,紫色哭脸,live,no_hit,否,246246,template_miss,none,
RKLZ,2h,2026-03-08 22:23:53,sell_purple_exit,紫色卖出,shadow,no_hit,否,246246,template_miss,shadow,
RKLZ,3h,2026-03-08 22:24:11,buy_core,笑笑砖策略,live,no_hit,否,164163,pattern_not_met,none,
RKLZ,3h,2026-03-08 22:24:11,buy_plus_red_diamond,买+红砖石,shadow,no_hit,否,,red_ratio_low,shadow,
RKLZ,3h,2026-03-08 22:24:11,buy_purple_bottom,紫抄,shadow,no_hit,否,164163,template_miss,shadow,
RKLZ,3h,2026-03-08 22:24:11,sell_purple_cry,紫色哭脸,live,no_hit,否,164163,already_active,none,
RKLZ,3h,2026-03-08 22:24:11,sell_purple_exit,紫色卖出,shadow,no_hit,否,164163,template_miss,shadow,
RKLZ,4h,2026-03-08 22:24:39,buy_core,笑笑砖策略,live,no_hit,否,123122,pattern_not_met,none,
RKLZ,4h,2026-03-08 22:24:39,buy_plus_red_diamond,买+红砖石,shadow,no_hit,否,,red_ratio_low,shadow,
RKLZ,4h,2026-03-08 22:24:39,buy_purple_bottom,紫抄,shadow,no_hit,否,123122,template_miss,shadow,
RKLZ,4h,2026-03-08 22:24:39,sell_purple_cry,紫色哭脸,live,no_hit,否,123122,already_active,none,
RKLZ,4h,2026-03-08 22:24:39,sell_purple_exit,紫色卖出,shadow,no_hit,否,123122,template_miss,shadow,
RZLV,1h,2026-03-08 22:25:49,buy_core,笑笑砖策略,live,no_hit,否,492493,pattern_not_met,none,
RZLV,1h,2026-03-08 22:25:49,buy_plus_red_diamond,买+红砖石,shadow,no_hit,否,,red_ratio_low,shadow,
RZLV,1h,2026-03-08 22:25:49,buy_purple_bottom,紫抄,shadow,no_hit,否,492493,template_miss,shadow,
RZLV,1h,2026-03-08 22:25:49,sell_purple_cry,紫色哭脸,live,no_hit,否,492493,template_miss,none,
RZLV,1h,2026-03-08 22:25:49,sell_purple_exit,紫色卖出,shadow,no_hit,否,492493,template_miss,shadow,
RZLV,2h,2026-03-08 22:26:40,buy_core,笑笑砖策略,live,no_hit,否,246246,pattern_not_met,none,
RZLV,2h,2026-03-08 22:26:40,buy_plus_red_diamond,买+红砖石,shadow,no_hit,否,,red_ratio_low,shadow,
RZLV,2h,2026-03-08 22:26:40,buy_purple_bottom,紫抄,shadow,no_hit,否,246246,template_miss,shadow,
RZLV,2h,2026-03-08 22:26:40,sell_purple_cry,紫色哭脸,live,no_hit,否,246246,template_miss,none,
RZLV,2h,2026-03-08 22:26:40,sell_purple_exit,紫色卖出,shadow,no_hit,否,246246,template_miss,shadow,
RZLV,3h,2026-03-08 22:26:59,buy_core,笑笑砖策略,live,no_hit,否,164163,pattern_not_met,none,
RZLV,3h,2026-03-08 22:26:59,buy_plus_red_diamond,买+红砖石,shadow,no_hit,否,,red_ratio_low,shadow,
RZLV,3h,2026-03-08 22:26:59,buy_purple_bottom,紫抄,shadow,no_hit,否,164163,template_miss,shadow,
RZLV,3h,2026-03-08 22:26:59,sell_purple_cry,紫色哭脸,live,no_hit,否,164163,already_active,none,
RZLV,3h,2026-03-08 22:26:59,sell_purple_exit,紫色卖出,shadow,no_hit,否,164163,template_miss,shadow,
RZLV,4h,2026-03-08 22:27:37,buy_core,笑笑砖策略,live,no_hit,否,123122,pattern_not_met,none,
RZLV,4h,2026-03-08 22:27:37,buy_plus_red_diamond,买+红砖石,shadow,no_hit,否,,red_ratio_low,shadow,
RZLV,4h,2026-03-08 22:27:37,buy_purple_bottom,紫抄,shadow,no_hit,否,123122,template_miss,shadow,
RZLV,4h,2026-03-08 22:27:37,sell_purple_cry,紫色哭脸,live,no_hit,否,123122,template_miss,none,
RZLV,4h,2026-03-08 22:27:37,sell_purple_exit,紫色卖出,shadow,no_hit,否,123122,template_miss,shadow,
SOXS,1h,2026-03-08 22:28:30,buy_core,笑笑砖策略,live,no_hit,否,492493,pattern_not_met,none,
SOXS,1h,2026-03-08 22:28:30,buy_plus_red_diamond,买+红砖石,shadow,no_hit,否,,red_ratio_low,shadow,
SOXS,1h,2026-03-08 22:28:30,buy_purple_bottom,紫抄,shadow,no_hit,否,492493,template_miss,shadow,
SOXS,1h,2026-03-08 22:28:30,sell_purple_cry,紫色哭脸,live,no_hit,否,492493,template_miss,none,
SOXS,1h,2026-03-08 22:28:30,sell_purple_exit,紫色卖出,shadow,no_hit,否,492493,template_miss,shadow,
SOXS,2h,2026-03-08 22:29:10,buy_core,笑笑砖策略,live,no_hit,否,246246,pattern_not_met,none,
SOXS,2h,2026-03-08 22:29:10,buy_plus_red_diamond,买+红砖石,shadow,no_hit,否,,red_ratio_low,shadow,
SOXS,2h,2026-03-08 22:29:10,buy_purple_bottom,紫抄,shadow,no_hit,否,246246,template_miss,shadow,
SOXS,2h,2026-03-08 22:29:10,sell_purple_cry,紫色哭脸,live,no_hit,否,246246,template_miss,none,
SOXS,2h,2026-03-08 22:29:10,sell_purple_exit,紫色卖出,shadow,no_hit,否,246246,template_miss,shadow,
SOXS,3h,2026-03-08 22:29:43,buy_core,笑笑砖策略,live,no_hit,否,164163,pattern_not_met,none,
SOXS,3h,2026-03-08 22:29:43,buy_plus_red_diamond,买+红砖石,shadow,no_hit,否,,red_ratio_low,shadow,
SOXS,3h,2026-03-08 22:29:43,buy_purple_bottom,紫抄,shadow,no_hit,否,164163,template_miss,shadow,
SOXS,3h,2026-03-08 22:29:43,sell_purple_cry,紫色哭脸,live,no_hit,否,164163,template_miss,none,
SOXS,3h,2026-03-08 22:29:43,sell_purple_exit,紫色卖出,shadow,no_hit,否,164163,template_miss,shadow,
SOXS,4h,2026-03-08 22:30:11,buy_core,笑笑砖策略,live,no_hit,否,123122,pattern_not_met,none,
SOXS,4h,2026-03-08 22:30:11,buy_plus_red_diamond,买+红砖石,shadow,no_hit,否,,red_ratio_low,shadow,
SOXS,4h,2026-03-08 22:30:11,buy_purple_bottom,紫抄,shadow,no_hit,否,123122,template_miss,shadow,
SOXS,4h,2026-03-08 22:30:11,sell_purple_cry,紫色哭脸,live,no_hit,否,123122,purple_ratio_low,none,
SOXS,4h,2026-03-08 22:30:11,sell_purple_exit,紫色卖出,shadow,no_hit,否,123122,template_miss,shadow,
STM,1h,2026-03-08 22:30:58,buy_core,笑笑砖策略,live,no_hit,否,492493,pattern_not_met,none,
STM,1h,2026-03-08 22:30:58,buy_plus_red_diamond,买+红砖石,shadow,no_hit,否,,red_ratio_low,shadow,
STM,1h,2026-03-08 22:30:58,buy_purple_bottom,紫抄,shadow,no_hit,否,492493,template_miss,shadow,
STM,1h,2026-03-08 22:30:58,sell_purple_cry,紫色哭脸,live,no_hit,否,492493,template_miss,none,
STM,1h,2026-03-08 22:30:58,sell_purple_exit,紫色卖出,shadow,no_hit,否,492493,template_miss,shadow,
STM,2h,2026-03-08 22:31:30,buy_core,笑笑砖策略,live,no_hit,否,246246,pattern_not_met,none,
STM,2h,2026-03-08 22:31:30,buy_plus_red_diamond,买+红砖石,shadow,no_hit,否,,red_ratio_low,shadow,
STM,2h,2026-03-08 22:31:30,buy_purple_bottom,紫抄,shadow,no_hit,否,246246,template_miss,shadow,
STM,2h,2026-03-08 22:31:30,sell_purple_cry,紫色哭脸,live,no_hit,否,246246,template_miss,none,
STM,2h,2026-03-08 22:31:30,sell_purple_exit,紫色卖出,shadow,no_hit,否,246246,template_miss,shadow,
STM,3h,2026-03-08 22:32:36,buy_core,笑笑砖策略,live,no_hit,否,164163,pattern_not_met,none,
STM,3h,2026-03-08 22:32:36,buy_plus_red_diamond,买+红砖石,shadow,no_hit,否,,red_ratio_low,shadow,
STM,3h,2026-03-08 22:32:36,buy_purple_bottom,紫抄,shadow,no_hit,否,164163,template_miss,shadow,
STM,3h,2026-03-08 22:32:36,sell_purple_cry,紫色哭脸,live,no_hit,否,164163,template_miss,none,
STM,3h,2026-03-08 22:32:36,sell_purple_exit,紫色卖出,shadow,no_hit,否,164163,template_miss,shadow,
STM,4h,2026-03-08 22:34:01,buy_core,笑笑砖策略,live,no_hit,否,123122,pattern_not_met,none,
STM,4h,2026-03-08 22:34:01,buy_plus_red_diamond,买+红砖石,shadow,no_hit,否,,red_ratio_low,shadow,
STM,4h,2026-03-08 22:34:01,buy_purple_bottom,紫抄,shadow,no_hit,否,123122,template_miss,shadow,
STM,4h,2026-03-08 22:34:01,sell_purple_cry,紫色哭脸,live,no_hit,否,123122,template_miss,none,
STM,4h,2026-03-08 22:34:01,sell_purple_exit,紫色卖出,shadow,no_hit,否,123122,template_miss,shadow,
TSLA,1h,2026-03-08 22:34:33,buy_core,笑笑砖策略,live,no_hit,否,492493,pattern_not_met,none,
TSLA,1h,2026-03-08 22:34:33,buy_plus_red_diamond,买+红砖石,shadow,no_hit,否,,template_miss,shadow,
TSLA,1h,2026-03-08 22:34:33,buy_purple_bottom,紫抄,shadow,no_hit,否,492493,template_miss,shadow,
TSLA,1h,2026-03-08 22:34:33,sell_purple_cry,紫色哭脸,live,no_hit,否,492493,template_miss,none,
TSLA,1h,2026-03-08 22:34:33,sell_purple_exit,紫色卖出,shadow,no_hit,否,492493,template_miss,shadow,
TSLA,2h,2026-03-08 22:35:13,buy_core,笑笑砖策略,live,no_hit,否,246246,pattern_not_met,none,
TSLA,2h,2026-03-08 22:35:13,buy_plus_red_diamond,买+红砖石,shadow,no_hit,否,,red_ratio_low,shadow,
TSLA,2h,2026-03-08 22:35:13,buy_purple_bottom,紫抄,shadow,no_hit,否,246246,template_miss,shadow,
TSLA,2h,2026-03-08 22:35:13,sell_purple_cry,紫色哭脸,live,no_hit,否,246246,template_miss,none,
TSLA,2h,2026-03-08 22:35:13,sell_purple_exit,紫色卖出,shadow,no_hit,否,246246,template_miss,shadow,
TSLA,3h,2026-03-08 22:35:46,buy_core,笑笑砖策略,live,no_hit,否,164163,pattern_not_met,none,
TSLA,3h,2026-03-08 22:35:46,buy_plus_red_diamond,买+红砖石,shadow,no_hit,否,,template_miss,shadow,
TSLA,3h,2026-03-08 22:35:46,buy_purple_bottom,紫抄,shadow,no_hit,否,164163,template_miss,shadow,
TSLA,3h,2026-03-08 22:35:46,sell_purple_cry,紫色哭脸,live,no_hit,否,164163,template_miss,none,
TSLA,3h,2026-03-08 22:35:46,sell_purple_exit,紫色卖出,shadow,no_hit,否,164163,template_miss,shadow,
TSLA,4h,2026-03-08 22:36:24,buy_core,笑笑砖策略,live,no_hit,否,123122,pattern_not_met,none,
TSLA,4h,2026-03-08 22:36:24,buy_plus_red_diamond,买+红砖石,shadow,no_hit,否,,red_ratio_low,shadow,
TSLA,4h,2026-03-08 22:36:24,buy_purple_bottom,紫抄,shadow,no_hit,否,123122,template_miss,shadow,
TSLA,4h,2026-03-08 22:36:24,sell_purple_cry,紫色哭脸,live,no_hit,否,123122,template_miss,none,
TSLA,4h,2026-03-08 22:36:24,sell_purple_exit,紫色卖出,shadow,no_hit,否,123122,template_miss,shadow,
TSLQ,1h,2026-03-08 22:37:18,buy_core,笑笑砖策略,live,no_hit,否,492493,pattern_not_met,none,
TSLQ,1h,2026-03-08 22:37:18,buy_plus_red_diamond,买+红砖石,shadow,no_hit,否,,template_miss,shadow,
TSLQ,1h,2026-03-08 22:37:18,buy_purple_bottom,紫抄,shadow,no_hit,否,492493,template_miss,shadow,
TSLQ,1h,2026-03-08 22:37:18,sell_purple_cry,紫色哭脸,live,no_hit,否,492493,template_miss,none,
TSLQ,1h,2026-03-08 22:37:18,sell_purple_exit,紫色卖出,shadow,no_hit,否,492493,template_miss,shadow,
TSLQ,2h,2026-03-08 22:38:08,buy_core,笑笑砖策略,live,no_hit,否,246246,pattern_not_met,none,
TSLQ,2h,2026-03-08 22:38:08,buy_plus_red_diamond,买+红砖石,shadow,no_hit,否,,red_ratio_low,shadow,
TSLQ,2h,2026-03-08 22:38:08,buy_purple_bottom,紫抄,shadow,no_hit,否,246246,template_miss,shadow,
TSLQ,2h,2026-03-08 22:38:08,sell_purple_cry,紫色哭脸,live,no_hit,否,246246,template_miss,none,
TSLQ,2h,2026-03-08 22:38:08,sell_purple_exit,紫色卖出,shadow,no_hit,否,246246,template_miss,shadow,
TSLQ,3h,2026-03-08 22:38:57,buy_core,笑笑砖策略,live,no_hit,否,164163,pattern_not_met,none,
TSLQ,3h,2026-03-08 22:38:57,buy_plus_red_diamond,买+红砖石,shadow,no_hit,否,,red_ratio_low,shadow,
TSLQ,3h,2026-03-08 22:38:57,buy_purple_bottom,紫抄,shadow,no_hit,否,164163,template_miss,shadow,
TSLQ,3h,2026-03-08 22:38:57,sell_purple_cry,紫色哭脸,live,no_hit,否,164163,template_miss,none,
TSLQ,3h,2026-03-08 22:38:57,sell_purple_exit,紫色卖出,shadow,no_hit,否,164163,template_miss,shadow,
TSLQ,4h,2026-03-08 22:39:42,buy_core,笑笑砖策略,live,no_hit,否,123122,pattern_not_met,none,
TSLQ,4h,2026-03-08 22:39:42,buy_plus_red_diamond,买+红砖石,shadow,no_hit,否,,red_ratio_low,shadow,
TSLQ,4h,2026-03-08 22:39:42,buy_purple_bottom,紫抄,shadow,no_hit,否,123122,template_miss,shadow,
TSLQ,4h,2026-03-08 22:39:42,sell_purple_cry,紫色哭脸,live,no_hit,否,123122,template_miss,none,
TSLQ,4h,2026-03-08 22:39:42,sell_purple_exit,紫色卖出,shadow,no_hit,否,123122,template_miss,shadow,
UVIX,1h,2026-03-08 22:40:16,buy_core,笑笑砖策略,live,no_hit,否,492493,pattern_not_met,none,
UVIX,1h,2026-03-08 22:40:16,buy_plus_red_diamond,买+红砖石,shadow,no_hit,否,,red_ratio_low,shadow,
UVIX,1h,2026-03-08 22:40:16,buy_purple_bottom,紫抄,shadow,no_hit,否,492493,template_miss,shadow,
UVIX,1h,2026-03-08 22:40:16,sell_purple_cry,紫色哭脸,live,no_hit,否,492493,template_miss,none,
UVIX,1h,2026-03-08 22:40:16,sell_purple_exit,紫色卖出,shadow,no_hit,否,492493,template_miss,shadow,
UVIX,2h,2026-03-08 22:40:48,buy_core,笑笑砖策略,live,no_hit,否,246246,pattern_not_met,none,
UVIX,2h,2026-03-08 22:40:48,buy_plus_red_diamond,买+红砖石,shadow,no_hit,否,,red_ratio_low,shadow,
UVIX,2h,2026-03-08 22:40:48,buy_purple_bottom,紫抄,shadow,no_hit,否,246246,template_miss,shadow,
UVIX,2h,2026-03-08 22:40:48,sell_purple_cry,紫色哭脸,live,no_hit,否,246246,template_miss,none,
UVIX,2h,2026-03-08 22:40:48,sell_purple_exit,紫色卖出,shadow,no_hit,否,246246,template_miss,shadow,
UVIX,3h,2026-03-08 22:41:27,buy_core,笑笑砖策略,live,no_hit,否,164163,pattern_not_met,none,
UVIX,3h,2026-03-08 22:41:27,buy_plus_red_diamond,买+红砖石,shadow,no_hit,否,,red_ratio_low,shadow,
UVIX,3h,2026-03-08 22:41:27,buy_purple_bottom,紫抄,shadow,no_hit,否,164163,template_miss,shadow,
UVIX,3h,2026-03-08 22:41:27,sell_purple_cry,紫色哭脸,live,no_hit,否,164163,template_miss,none,
UVIX,3h,2026-03-08 22:41:27,sell_purple_exit,紫色卖出,shadow,no_hit,否,164163,template_miss,shadow,
UVIX,4h,2026-03-08 22:41:54,buy_core,笑笑砖策略,live,no_hit,否,123122,pattern_not_met,none,
UVIX,4h,2026-03-08 22:41:54,buy_plus_red_diamond,买+红砖石,shadow,no_hit,否,,red_ratio_low,shadow,
UVIX,4h,2026-03-08 22:41:54,buy_purple_bottom,紫抄,shadow,no_hit,否,123122,template_miss,shadow,
UVIX,4h,2026-03-08 22:41:54,sell_purple_cry,紫色哭脸,live,no_hit,否,123122,purple_ratio_low,none,
UVIX,4h,2026-03-08 22:41:54,sell_purple_exit,紫色卖出,shadow,no_hit,否,123122,template_miss,shadow,
WDC,1h,2026-03-08 22:42:25,buy_core,笑笑砖策略,live,no_hit,否,492493,pattern_not_met,none,
WDC,1h,2026-03-08 22:42:25,buy_plus_red_diamond,买+红砖石,shadow,no_hit,否,,red_ratio_low,shadow,
WDC,1h,2026-03-08 22:42:25,buy_purple_bottom,紫抄,shadow,no_hit,否,492493,template_miss,shadow,
WDC,1h,2026-03-08 22:42:25,sell_purple_cry,紫色哭脸,live,no_hit,否,492493,template_miss,none,
WDC,1h,2026-03-08 22:42:25,sell_purple_exit,紫色卖出,shadow,no_hit,否,492493,template_miss,shadow,
WDC,2h,2026-03-08 22:42:56,buy_core,笑笑砖策略,live,no_hit,否,246246,pattern_not_met,none,
WDC,2h,2026-03-08 22:42:56,buy_plus_red_diamond,买+红砖石,shadow,no_hit,否,,red_ratio_low,shadow,
WDC,2h,2026-03-08 22:42:56,buy_purple_bottom,紫抄,shadow,no_hit,否,246246,template_miss,shadow,
WDC,2h,2026-03-08 22:42:56,sell_purple_cry,紫色哭脸,live,no_hit,否,246246,template_miss,none,
WDC,2h,2026-03-08 22:42:56,sell_purple_exit,紫色卖出,shadow,no_hit,否,246246,template_miss,shadow,
WDC,3h,2026-03-08 22:43:28,buy_core,笑笑砖策略,live,no_hit,否,164163,pattern_not_met,none,
WDC,3h,2026-03-08 22:43:28,buy_plus_red_diamond,买+红砖石,shadow,no_hit,否,,red_ratio_low,shadow,
WDC,3h,2026-03-08 22:43:28,buy_purple_bottom,紫抄,shadow,no_hit,否,164163,template_miss,shadow,
WDC,3h,2026-03-08 22:43:28,sell_purple_cry,紫色哭脸,live,no_hit,否,164163,template_miss,none,
WDC,3h,2026-03-08 22:43:28,sell_purple_exit,紫色卖出,shadow,no_hit,否,164163,template_miss,shadow,
WDC,4h,2026-03-08 22:44:47,buy_core,笑笑砖策略,live,no_hit,否,123122,pattern_not_met,none,
WDC,4h,2026-03-08 22:44:47,buy_plus_red_diamond,买+红砖石,shadow,no_hit,否,,template_miss,shadow,
WDC,4h,2026-03-08 22:44:47,buy_purple_bottom,紫抄,shadow,no_hit,否,123122,template_miss,shadow,
WDC,4h,2026-03-08 22:44:47,sell_purple_cry,紫色哭脸,live,no_hit,否,123122,template_miss,none,
WDC,4h,2026-03-08 22:44:47,sell_purple_exit,紫色卖出,shadow,no_hit,否,123122,template_miss,shadow,
ZSL,1h,2026-03-08 22:45:21,buy_core,笑笑砖策略,live,no_hit,否,492493,pattern_not_met,none,
ZSL,1h,2026-03-08 22:45:21,buy_plus_red_diamond,买+红砖石,shadow,no_hit,否,,template_miss,shadow,
ZSL,1h,2026-03-08 22:45:21,buy_purple_bottom,紫抄,shadow,no_hit,否,492493,template_miss,shadow,
ZSL,1h,2026-03-08 22:45:21,sell_purple_cry,紫色哭脸,live,no_hit,否,492493,template_miss,none,
ZSL,1h,2026-03-08 22:45:21,sell_purple_exit,紫色卖出,shadow,no_hit,否,492493,template_miss,shadow,
ZSL,2h,2026-03-08 22:46:17,buy_core,笑笑砖策略,live,no_hit,否,246246,pattern_not_met,none,
ZSL,2h,2026-03-08 22:46:17,buy_plus_red_diamond,买+红砖石,shadow,no_hit,否,,red_ratio_low,shadow,
ZSL,2h,2026-03-08 22:46:17,buy_purple_bottom,紫抄,shadow,no_hit,否,246246,template_miss,shadow,
ZSL,2h,2026-03-08 22:46:17,sell_purple_cry,紫色哭脸,live,no_hit,否,246246,purple_ratio_low,none,
ZSL,2h,2026-03-08 22:46:17,sell_purple_exit,紫色卖出,shadow,no_hit,否,246246,template_miss,shadow,
ZSL,3h,2026-03-08 22:47:49,buy_core,笑笑砖策略,live,no_hit,否,164163,pattern_not_met,none,
ZSL,3h,2026-03-08 22:47:49,buy_plus_red_diamond,买+红砖石,shadow,no_hit,否,,red_ratio_low,shadow,
ZSL,3h,2026-03-08 22:47:49,buy_purple_bottom,紫抄,shadow,no_hit,否,164163,template_miss,shadow,
ZSL,3h,2026-03-08 22:47:49,sell_purple_cry,紫色哭脸,live,no_hit,否,164163,template_miss,none,
ZSL,3h,2026-03-08 22:47:49,sell_purple_exit,紫色卖出,shadow,no_hit,否,164163,template_miss,shadow,
ZSL,4h,2026-03-08 22:49:21,buy_core,笑笑砖策略,live,no_hit,否,123122,pattern_not_met,none,
ZSL,4h,2026-03-08 22:49:21,buy_plus_red_diamond,买+红砖石,shadow,no_hit,否,,red_ratio_low,shadow,
ZSL,4h,2026-03-08 22:49:21,buy_purple_bottom,紫抄,shadow,no_hit,否,123122,template_miss,shadow,
ZSL,4h,2026-03-08 22:49:21,sell_purple_cry,紫色哭脸,live,no_hit,否,123122,template_miss,none,
ZSL,4h,2026-03-08 22:49:21,sell_purple_exit,紫色卖出,shadow,no_hit,否,123122,template_miss,shadow,
BILI,1h,2026-03-08 23:00:33,buy_core,笑笑砖策略,live,no_hit,否,492493,pattern_not_met,none,
BILI,1h,2026-03-08 23:00:33,buy_plus_red_diamond,买+红砖石,shadow,no_hit,否,,red_ratio_low,shadow,
BILI,1h,2026-03-08 23:00:33,buy_purple_bottom,紫抄,shadow,no_hit,否,492493,template_miss,shadow,
BILI,1h,2026-03-08 23:00:33,sell_purple_cry,紫色哭脸,live,no_hit,否,492493,template_miss,none,
BILI,1h,2026-03-08 23:00:33,sell_purple_exit,紫色卖出,shadow,no_hit,否,492493,template_miss,shadow,
BILI,2h,2026-03-08 23:01:49,buy_core,笑笑砖策略,live,no_hit,否,246246,pattern_not_met,none,
BILI,2h,2026-03-08 23:01:49,buy_plus_red_diamond,买+红砖石,shadow,no_hit,否,,template_miss,shadow,
BILI,2h,2026-03-08 23:01:49,buy_purple_bottom,紫抄,shadow,no_hit,否,246246,template_miss,shadow,
BILI,2h,2026-03-08 23:01:49,sell_purple_cry,紫色哭脸,live,no_hit,否,246246,template_miss,none,
BILI,2h,2026-03-08 23:01:49,sell_purple_exit,紫色卖出,shadow,no_hit,否,246246,template_miss,shadow,
BILI,3h,2026-03-08 23:03:04,buy_core,笑笑砖策略,live,no_hit,否,164164,pattern_not_met,none,
BILI,3h,2026-03-08 23:03:04,buy_plus_red_diamond,买+红砖石,shadow,no_hit,否,,template_miss,shadow,
BILI,3h,2026-03-08 23:03:04,buy_purple_bottom,紫抄,shadow,no_hit,否,164164,template_miss,shadow,
BILI,3h,2026-03-08 23:03:04,sell_purple_cry,紫色哭脸,live,no_hit,否,164164,template_miss,none,
BILI,3h,2026-03-08 23:03:04,sell_purple_exit,紫色卖出,shadow,no_hit,否,164164,template_miss,shadow,
BILI,4h,2026-03-08 23:04:37,buy_core,笑笑砖策略,live,no_hit,否,123122,pattern_not_met,none,
BILI,4h,2026-03-08 23:04:37,buy_plus_red_diamond,买+红砖石,shadow,no_hit,否,,red_ratio_low,shadow,
BILI,4h,2026-03-08 23:04:37,buy_purple_bottom,紫抄,shadow,no_hit,否,123122,template_miss,shadow,
BILI,4h,2026-03-08 23:04:37,sell_purple_cry,紫色哭脸,live,no_hit,否,123122,template_miss,none,
BILI,4h,2026-03-08 23:04:37,sell_purple_exit,紫色卖出,shadow,no_hit,否,123122,template_miss,shadow,
CONI,1h,2026-03-08 23:05:38,buy_core,笑笑砖策略,live,no_hit,否,492494,pattern_not_met,none,
CONI,1h,2026-03-08 23:05:38,buy_plus_red_diamond,买+红砖石,shadow,no_hit,否,,red_ratio_low,shadow,
CONI,1h,2026-03-08 23:05:38,buy_purple_bottom,紫抄,shadow,no_hit,否,492494,template_miss,shadow,
CONI,1h,2026-03-08 23:05:38,sell_purple_cry,紫色哭脸,live,no_hit,否,492494,template_miss,none,
CONI,1h,2026-03-08 23:05:38,sell_purple_exit,紫色卖出,shadow,no_hit,否,492494,template_miss,shadow,
CONI,2h,2026-03-08 23:06:30,buy_core,笑笑砖策略,live,no_hit,否,246246,pattern_not_met,none,
CONI,2h,2026-03-08 23:06:30,buy_plus_red_diamond,买+红砖石,shadow,no_hit,否,,red_ratio_low,shadow,
CONI,2h,2026-03-08 23:06:30,buy_purple_bottom,紫抄,shadow,no_hit,否,246246,template_miss,shadow,
CONI,2h,2026-03-08 23:06:30,sell_purple_cry,紫色哭脸,live,no_hit,否,246246,already_active,none,
CONI,2h,2026-03-08 23:06:30,sell_purple_exit,紫色卖出,shadow,no_hit,否,246246,template_miss,shadow,
CONI,3h,2026-03-08 23:07:15,buy_core,笑笑砖策略,live,no_hit,否,164164,pattern_not_met,none,
CONI,3h,2026-03-08 23:07:15,buy_plus_red_diamond,买+红砖石,shadow,no_hit,否,,red_ratio_low,shadow,
CONI,3h,2026-03-08 23:07:15,buy_purple_bottom,紫抄,shadow,no_hit,否,164164,template_miss,shadow,
CONI,3h,2026-03-08 23:07:15,sell_purple_cry,紫色哭脸,live,no_hit,否,164164,already_active,none,
CONI,3h,2026-03-08 23:07:15,sell_purple_exit,紫色卖出,shadow,no_hit,否,164164,template_miss,shadow,
CONI,4h,2026-03-08 23:08:40,buy_core,笑笑砖策略,live,no_hit,否,123122,pattern_not_met,none,
CONI,4h,2026-03-08 23:08:40,buy_plus_red_diamond,买+红砖石,shadow,no_hit,否,,red_ratio_low,shadow,
CONI,4h,2026-03-08 23:08:40,buy_purple_bottom,紫抄,shadow,no_hit,否,123122,template_miss,shadow,
CONI,4h,2026-03-08 23:08:40,sell_purple_cry,紫色哭脸,live,no_hit,否,123122,template_miss,none,
CONI,4h,2026-03-08 23:08:40,sell_purple_exit,紫色卖出,shadow,no_hit,否,123122,template_miss,shadow,
CORD,1h,2026-03-08 23:09:19,buy_core,笑笑砖策略,live,no_hit,否,492494,pattern_not_met,none,
CORD,1h,2026-03-08 23:09:19,buy_plus_red_diamond,买+红砖石,shadow,no_hit,否,,red_ratio_low,shadow,
CORD,1h,2026-03-08 23:09:19,buy_purple_bottom,紫抄,shadow,no_hit,否,492494,template_miss,shadow,
CORD,1h,2026-03-08 23:09:19,sell_purple_cry,紫色哭脸,live,no_hit,否,492494,template_miss,none,
CORD,1h,2026-03-08 23:09:19,sell_purple_exit,紫色卖出,shadow,no_hit,否,492494,template_miss,shadow,
CORD,2h,2026-03-08 23:10:07,buy_core,笑笑砖策略,live,no_hit,否,246246,pattern_not_met,none,
CORD,2h,2026-03-08 23:10:07,buy_plus_red_diamond,买+红砖石,shadow,no_hit,否,,red_ratio_low,shadow,
CORD,2h,2026-03-08 23:10:07,buy_purple_bottom,紫抄,shadow,no_hit,否,246246,template_miss,shadow,
CORD,2h,2026-03-08 23:10:07,sell_purple_cry,紫色哭脸,live,no_hit,否,246246,purple_ratio_low,none,
CORD,2h,2026-03-08 23:10:07,sell_purple_exit,紫色卖出,shadow,no_hit,否,246246,template_miss,shadow,
CORD,3h,2026-03-08 23:10:50,buy_core,笑笑砖策略,live,no_hit,否,164164,pattern_not_met,none,
CORD,3h,2026-03-08 23:10:50,buy_plus_red_diamond,买+红砖石,shadow,no_hit,否,,red_ratio_low,shadow,
CORD,3h,2026-03-08 23:10:50,buy_purple_bottom,紫抄,shadow,no_hit,否,164164,template_miss,shadow,
CORD,3h,2026-03-08 23:10:50,sell_purple_cry,紫色哭脸,live,no_hit,否,164164,already_active,none,
CORD,3h,2026-03-08 23:10:50,sell_purple_exit,紫色卖出,shadow,no_hit,否,164164,template_miss,shadow,
CORD,4h,2026-03-08 23:11:41,buy_core,笑笑砖策略,live,no_hit,否,123122,pattern_not_met,none,
CORD,4h,2026-03-08 23:11:41,buy_plus_red_diamond,买+红砖石,shadow,no_hit,否,,red_ratio_low,shadow,
CORD,4h,2026-03-08 23:11:41,buy_purple_bottom,紫抄,shadow,no_hit,否,123122,template_miss,shadow,
CORD,4h,2026-03-08 23:11:41,sell_purple_cry,紫色哭脸,live,no_hit,否,123122,already_active,none,
CORD,4h,2026-03-08 23:11:41,sell_purple_exit,紫色卖出,shadow,no_hit,否,123122,template_miss,shadow,
CRCD,1h,2026-03-08 23:12:28,buy_core,笑笑砖策略,live,no_hit,否,492494,pattern_not_met,none,
CRCD,1h,2026-03-08 23:12:28,buy_plus_red_diamond,买+红砖石,shadow,no_hit,否,,template_miss,shadow,
CRCD,1h,2026-03-08 23:12:28,buy_purple_bottom,紫抄,shadow,no_hit,否,492494,template_miss,shadow,
CRCD,1h,2026-03-08 23:12:28,sell_purple_cry,紫色哭脸,live,no_hit,否,492494,template_miss,none,
CRCD,1h,2026-03-08 23:12:28,sell_purple_exit,紫色卖出,shadow,no_hit,否,492494,template_miss,shadow,
CRCD,2h,2026-03-08 23:13:28,buy_core,笑笑砖策略,live,no_hit,否,246246,pattern_not_met,none,
CRCD,2h,2026-03-08 23:13:28,buy_plus_red_diamond,买+红砖石,shadow,no_hit,否,,red_ratio_low,shadow,
CRCD,2h,2026-03-08 23:13:28,buy_purple_bottom,紫抄,shadow,no_hit,否,246246,template_miss,shadow,
CRCD,2h,2026-03-08 23:13:28,sell_purple_cry,紫色哭脸,live,no_hit,否,246246,already_active,none,
CRCD,2h,2026-03-08 23:13:28,sell_purple_exit,紫色卖出,shadow,no_hit,否,246246,template_miss,shadow,
CRCD,3h,2026-03-08 23:14:28,buy_core,笑笑砖策略,live,no_hit,否,164164,pattern_not_met,none,
CRCD,3h,2026-03-08 23:14:28,buy_plus_red_diamond,买+红砖石,shadow,no_hit,否,,red_ratio_low,shadow,
CRCD,3h,2026-03-08 23:14:28,buy_purple_bottom,紫抄,shadow,no_hit,否,164164,template_miss,shadow,
CRCD,3h,2026-03-08 23:14:28,sell_purple_cry,紫色哭脸,live,no_hit,否,164164,already_active,none,
CRCD,3h,2026-03-08 23:14:28,sell_purple_exit,紫色卖出,shadow,no_hit,否,164164,template_miss,shadow,
CRCD,4h,2026-03-08 23:15:40,buy_core,笑笑砖策略,live,no_hit,否,123122,pattern_not_met,none,
CRCD,4h,2026-03-08 23:15:40,buy_plus_red_diamond,买+红砖石,shadow,no_hit,否,,red_ratio_low,shadow,
CRCD,4h,2026-03-08 23:15:40,buy_purple_bottom,紫抄,shadow,no_hit,否,123122,template_miss,shadow,
CRCD,4h,2026-03-08 23:15:40,sell_purple_cry,紫色哭脸,live,no_hit,否,123122,template_miss,none,
CRCD,4h,2026-03-08 23:15:40,sell_purple_exit,紫色卖出,shadow,no_hit,否,123122,template_miss,shadow,
CRCL,1h,2026-03-08 23:17:12,buy_core,笑笑砖策略,live,no_hit,否,492494,pattern_not_met,none,
CRCL,1h,2026-03-08 23:17:12,buy_plus_red_diamond,买+红砖石,shadow,no_hit,否,,red_ratio_low,shadow,
CRCL,1h,2026-03-08 23:17:12,buy_purple_bottom,紫抄,shadow,no_hit,否,492494,template_miss,shadow,
CRCL,1h,2026-03-08 23:17:12,sell_purple_cry,紫色哭脸,live,no_hit,否,492494,template_miss,none,
CRCL,1h,2026-03-08 23:17:12,sell_purple_exit,紫色卖出,shadow,no_hit,否,492494,template_miss,shadow,
CRCL,2h,2026-03-08 23:18:25,buy_core,笑笑砖策略,live,no_hit,否,246246,pattern_not_met,none,
CRCL,2h,2026-03-08 23:18:25,buy_plus_red_diamond,买+红砖石,shadow,no_hit,否,,red_ratio_low,shadow,
CRCL,2h,2026-03-08 23:18:25,buy_purple_bottom,紫抄,shadow,no_hit,否,246246,template_miss,shadow,
CRCL,2h,2026-03-08 23:18:25,sell_purple_cry,紫色哭脸,live,no_hit,否,246246,template_miss,none,
CRCL,2h,2026-03-08 23:18:25,sell_purple_exit,紫色卖出,shadow,no_hit,否,246246,template_miss,shadow,
CRCL,3h,2026-03-08 23:19:37,buy_core,笑笑砖策略,live,no_hit,否,164164,pattern_not_met,none,
CRCL,3h,2026-03-08 23:19:37,buy_plus_red_diamond,买+红砖石,shadow,no_hit,否,,red_ratio_low,shadow,
CRCL,3h,2026-03-08 23:19:37,buy_purple_bottom,紫抄,shadow,no_hit,否,164164,template_miss,shadow,
CRCL,3h,2026-03-08 23:19:37,sell_purple_cry,紫色哭脸,live,no_hit,否,164164,template_miss,none,
CRCL,3h,2026-03-08 23:19:37,sell_purple_exit,紫色卖出,shadow,no_hit,否,164164,template_miss,shadow,
CRCL,4h,2026-03-08 23:20:19,buy_core,笑笑砖策略,live,no_hit,否,123122,pattern_not_met,none,
CRCL,4h,2026-03-08 23:20:19,buy_plus_red_diamond,买+红砖石,shadow,no_hit,否,,red_ratio_low,shadow,
CRCL,4h,2026-03-08 23:20:19,buy_purple_bottom,紫抄,shadow,no_hit,否,123122,template_miss,shadow,
CRCL,4h,2026-03-08 23:20:19,sell_purple_cry,紫色哭脸,live,no_hit,否,123122,already_active,none,
CRCL,4h,2026-03-08 23:20:19,sell_purple_exit,紫色卖出,shadow,no_hit,否,123122,template_miss,shadow,
CRDO,1h,2026-03-08 23:20:49,buy_core,笑笑砖策略,live,no_hit,否,492494,pattern_not_met,none,
CRDO,1h,2026-03-08 23:20:49,buy_plus_red_diamond,买+红砖石,shadow,no_hit,否,,red_ratio_low,shadow,
CRDO,1h,2026-03-08 23:20:49,buy_purple_bottom,紫抄,shadow,no_hit,否,492494,template_miss,shadow,
CRDO,1h,2026-03-08 23:20:49,sell_purple_cry,紫色哭脸,live,no_hit,否,492494,template_miss,none,
CRDO,1h,2026-03-08 23:20:49,sell_purple_exit,紫色卖出,shadow,no_hit,否,492494,template_miss,shadow,
CRDO,2h,2026-03-08 23:21:21,buy_core,笑笑砖策略,live,no_hit,否,246246,pattern_not_met,none,
CRDO,2h,2026-03-08 23:21:21,buy_plus_red_diamond,买+红砖石,shadow,no_hit,否,,red_ratio_low,shadow,
CRDO,2h,2026-03-08 23:21:21,buy_purple_bottom,紫抄,shadow,no_hit,否,246246,template_miss,shadow,
CRDO,2h,2026-03-08 23:21:21,sell_purple_cry,紫色哭脸,live,no_hit,否,246246,template_miss,none,
CRDO,2h,2026-03-08 23:21:21,sell_purple_exit,紫色卖出,shadow,no_hit,否,246246,template_miss,shadow,
CRDO,3h,2026-03-08 23:22:37,buy_core,笑笑砖策略,live,no_hit,否,164164,pattern_not_met,none,
CRDO,3h,2026-03-08 23:22:37,buy_plus_red_diamond,买+红砖石,shadow,no_hit,否,,red_ratio_low,shadow,
CRDO,3h,2026-03-08 23:22:37,buy_purple_bottom,紫抄,shadow,no_hit,否,164164,template_miss,shadow,
CRDO,3h,2026-03-08 23:22:37,sell_purple_cry,紫色哭脸,live,no_hit,否,164164,template_miss,none,
CRDO,3h,2026-03-08 23:22:37,sell_purple_exit,紫色卖出,shadow,no_hit,否,164164,template_miss,shadow,
CRDO,4h,2026-03-08 23:23:05,buy_core,笑笑砖策略,live,no_hit,否,123122,pattern_not_met,none,
CRDO,4h,2026-03-08 23:23:05,buy_plus_red_diamond,买+红砖石,shadow,no_hit,否,,red_ratio_low,shadow,
CRDO,4h,2026-03-08 23:23:05,buy_purple_bottom,紫抄,shadow,no_hit,否,123122,template_miss,shadow,
CRDO,4h,2026-03-08 23:23:05,sell_purple_cry,紫色哭脸,live,no_hit,否,123122,template_miss,none,
CRDO,4h,2026-03-08 23:23:05,sell_purple_exit,紫色卖出,shadow,no_hit,否,123122,template_miss,shadow,
CRML,1h,2026-03-08 23:23:23,buy_core,笑笑砖策略,live,no_hit,否,492494,pattern_not_met,none,
CRML,1h,2026-03-08 23:23:23,buy_plus_red_diamond,买+红砖石,shadow,no_hit,否,,red_ratio_low,shadow,
CRML,1h,2026-03-08 23:23:23,buy_purple_bottom,紫抄,shadow,no_hit,否,492494,template_miss,shadow,
CRML,1h,2026-03-08 23:23:23,sell_purple_cry,紫色哭脸,live,no_hit,否,492494,template_miss,none,
CRML,1h,2026-03-08 23:23:23,sell_purple_exit,紫色卖出,shadow,no_hit,否,492494,template_miss,shadow,
CRML,2h,2026-03-08 23:23:44,buy_core,笑笑砖策略,live,no_hit,否,246246,pattern_not_met,none,
CRML,2h,2026-03-08 23:23:44,buy_plus_red_diamond,买+红砖石,shadow,no_hit,否,,red_ratio_low,shadow,
CRML,2h,2026-03-08 23:23:44,buy_purple_bottom,紫抄,shadow,no_hit,否,246246,template_miss,shadow,
CRML,2h,2026-03-08 23:23:44,sell_purple_cry,紫色哭脸,live,no_hit,否,246246,template_miss,none,
CRML,2h,2026-03-08 23:23:44,sell_purple_exit,紫色卖出,shadow,no_hit,否,246246,template_miss,shadow,
CRML,3h,2026-03-08 23:24:06,buy_core,笑笑砖策略,live,no_hit,否,164164,pattern_not_met,none,
CRML,3h,2026-03-08 23:24:06,buy_plus_red_diamond,买+红砖石,shadow,no_hit,否,,red_ratio_low,shadow,
CRML,3h,2026-03-08 23:24:06,buy_purple_bottom,紫抄,shadow,no_hit,否,164164,template_miss,shadow,
CRML,3h,2026-03-08 23:24:06,sell_purple_cry,紫色哭脸,live,no_hit,否,164164,template_miss,none,
CRML,3h,2026-03-08 23:24:06,sell_purple_exit,紫色卖出,shadow,no_hit,否,164164,template_miss,shadow,
CRML,4h,2026-03-08 23:25:03,buy_core,笑笑砖策略,live,no_hit,否,123122,pattern_not_met,none,
CRML,4h,2026-03-08 23:25:03,buy_plus_red_diamond,买+红砖石,shadow,no_hit,否,,red_ratio_low,shadow,
CRML,4h,2026-03-08 23:25:03,buy_purple_bottom,紫抄,shadow,no_hit,否,123122,template_miss,shadow,
CRML,4h,2026-03-08 23:25:03,sell_purple_cry,紫色哭脸,live,no_hit,否,123122,template_miss,none,
CRML,4h,2026-03-08 23:25:03,sell_purple_exit,紫色卖出,shadow,no_hit,否,123122,template_miss,shadow,
DJT,1h,2026-03-08 23:25:26,buy_core,笑笑砖策略,live,no_hit,否,492494,pattern_not_met,none,
DJT,1h,2026-03-08 23:25:26,buy_plus_red_diamond,买+红砖石,shadow,no_hit,否,,red_ratio_low,shadow,
DJT,1h,2026-03-08 23:25:26,buy_purple_bottom,紫抄,shadow,no_hit,否,492494,template_miss,shadow,
DJT,1h,2026-03-08 23:25:26,sell_purple_cry,紫色哭脸,live,no_hit,否,492494,template_miss,none,
DJT,1h,2026-03-08 23:25:26,sell_purple_exit,紫色卖出,shadow,no_hit,否,492494,template_miss,shadow,
DJT,2h,2026-03-08 23:26:58,buy_core,笑笑砖策略,live,no_hit,否,246246,pattern_not_met,none,
DJT,2h,2026-03-08 23:26:58,buy_plus_red_diamond,买+红砖石,shadow,no_hit,否,,red_ratio_low,shadow,
DJT,2h,2026-03-08 23:26:58,buy_purple_bottom,紫抄,shadow,no_hit,否,246246,template_miss,shadow,
DJT,2h,2026-03-08 23:26:58,sell_purple_cry,紫色哭脸,live,no_hit,否,246246,template_miss,none,
DJT,2h,2026-03-08 23:26:58,sell_purple_exit,紫色卖出,shadow,no_hit,否,246246,template_miss,shadow,
DJT,3h,2026-03-08 23:27:38,buy_core,笑笑砖策略,live,no_hit,否,164164,pattern_not_met,none,
DJT,3h,2026-03-08 23:27:38,buy_plus_red_diamond,买+红砖石,shadow,no_hit,否,,red_ratio_low,shadow,
DJT,3h,2026-03-08 23:27:38,buy_purple_bottom,紫抄,shadow,no_hit,否,164164,template_miss,shadow,
DJT,3h,2026-03-08 23:27:38,sell_purple_cry,紫色哭脸,live,no_hit,否,164164,template_miss,none,
DJT,3h,2026-03-08 23:27:38,sell_purple_exit,紫色卖出,shadow,no_hit,否,164164,template_miss,shadow,
DJT,4h,2026-03-08 23:29:11,buy_core,笑笑砖策略,live,no_hit,否,123122,pattern_not_met,none,
DJT,4h,2026-03-08 23:29:11,buy_plus_red_diamond,买+红砖石,shadow,no_hit,否,,red_ratio_low,shadow,
DJT,4h,2026-03-08 23:29:11,buy_purple_bottom,紫抄,shadow,no_hit,否,123122,template_miss,shadow,
DJT,4h,2026-03-08 23:29:11,sell_purple_cry,紫色哭脸,live,no_hit,否,123122,template_miss,none,
DJT,4h,2026-03-08 23:29:11,sell_purple_exit,紫色卖出,shadow,no_hit,否,123122,template_miss,shadow,
DPST,1h,2026-03-08 23:30:21,buy_core,笑笑砖策略,live,no_hit,否,492494,pattern_not_met,none,
DPST,1h,2026-03-08 23:30:21,buy_plus_red_diamond,买+红砖石,shadow,no_hit,否,,template_miss,shadow,
DPST,1h,2026-03-08 23:30:21,buy_purple_bottom,紫抄,shadow,no_hit,否,492494,template_miss,shadow,
DPST,1h,2026-03-08 23:30:21,sell_purple_cry,紫色哭脸,live,no_hit,否,492494,template_miss,none,
DPST,1h,2026-03-08 23:30:21,sell_purple_exit,紫色卖出,shadow,no_hit,否,492494,template_miss,shadow,
DPST,2h,2026-03-08 23:30:58,buy_core,笑笑砖策略,live,no_hit,否,246246,pattern_not_met,none,
DPST,2h,2026-03-08 23:30:58,buy_plus_red_diamond,买+红砖石,shadow,no_hit,否,,red_ratio_low,shadow,
DPST,2h,2026-03-08 23:30:58,buy_purple_bottom,紫抄,shadow,no_hit,否,246246,template_miss,shadow,
DPST,2h,2026-03-08 23:30:58,sell_purple_cry,紫色哭脸,live,no_hit,否,246246,template_miss,none,
DPST,2h,2026-03-08 23:30:58,sell_purple_exit,紫色卖出,shadow,no_hit,否,246246,template_miss,shadow,
DPST,3h,2026-03-08 23:31:22,buy_core,笑笑砖策略,live,no_hit,否,164164,pattern_not_met,none,
DPST,3h,2026-03-08 23:31:22,buy_plus_red_diamond,买+红砖石,shadow,no_hit,否,,red_ratio_low,shadow,
DPST,3h,2026-03-08 23:31:22,buy_purple_bottom,紫抄,shadow,no_hit,否,164164,template_miss,shadow,
DPST,3h,2026-03-08 23:31:22,sell_purple_cry,紫色哭脸,live,no_hit,否,164164,template_miss,none,
DPST,3h,2026-03-08 23:31:22,sell_purple_exit,紫色卖出,shadow,no_hit,否,164164,template_miss,shadow,
DPST,4h,2026-03-08 23:31:43,buy_core,笑笑砖策略,live,no_hit,否,123122,pattern_not_met,none,
DPST,4h,2026-03-08 23:31:43,buy_plus_red_diamond,买+红砖石,shadow,no_hit,否,,red_ratio_low,shadow,
DPST,4h,2026-03-08 23:31:43,buy_purple_bottom,紫抄,shadow,no_hit,否,123122,template_miss,shadow,
DPST,4h,2026-03-08 23:31:43,sell_purple_cry,紫色哭脸,live,no_hit,否,123122,purple_ratio_low,none,
DPST,4h,2026-03-08 23:31:43,sell_purple_exit,紫色卖出,shadow,no_hit,否,123122,template_miss,shadow,
INTC,1h,2026-03-08 23:32:21,buy_core,笑笑砖策略,live,no_hit,否,492494,pattern_not_met,none,
INTC,1h,2026-03-08 23:32:21,buy_plus_red_diamond,买+红砖石,shadow,no_hit,否,,red_ratio_low,shadow,
INTC,1h,2026-03-08 23:32:21,buy_purple_bottom,紫抄,shadow,no_hit,否,492494,template_miss,shadow,
INTC,1h,2026-03-08 23:32:21,sell_purple_cry,紫色哭脸,live,no_hit,否,492494,template_miss,none,
INTC,1h,2026-03-08 23:32:21,sell_purple_exit,紫色卖出,shadow,no_hit,否,492494,template_miss,shadow,
INTC,2h,2026-03-08 23:33:00,buy_core,笑笑砖策略,live,no_hit,否,246246,pattern_not_met,none,
INTC,2h,2026-03-08 23:33:00,buy_plus_red_diamond,买+红砖石,shadow,no_hit,否,,red_ratio_low,shadow,
INTC,2h,2026-03-08 23:33:00,buy_purple_bottom,紫抄,shadow,no_hit,否,246246,template_miss,shadow,
INTC,2h,2026-03-08 23:33:00,sell_purple_cry,紫色哭脸,live,no_hit,否,246246,template_miss,none,
INTC,2h,2026-03-08 23:33:00,sell_purple_exit,紫色卖出,shadow,no_hit,否,246246,template_miss,shadow,
INTC,3h,2026-03-08 23:34:25,buy_core,笑笑砖策略,live,no_hit,否,164164,pattern_not_met,none,
INTC,3h,2026-03-08 23:34:25,buy_plus_red_diamond,买+红砖石,shadow,no_hit,否,,red_ratio_low,shadow,
INTC,3h,2026-03-08 23:34:25,buy_purple_bottom,紫抄,shadow,no_hit,否,164164,template_miss,shadow,
INTC,3h,2026-03-08 23:34:25,sell_purple_cry,紫色哭脸,live,no_hit,否,164164,template_miss,none,
INTC,3h,2026-03-08 23:34:25,sell_purple_exit,紫色卖出,shadow,no_hit,否,164164,template_miss,shadow,
INTC,4h,2026-03-08 23:34:43,buy_core,笑笑砖策略,live,no_hit,否,123122,pattern_not_met,none,
INTC,4h,2026-03-08 23:34:43,buy_plus_red_diamond,买+红砖石,shadow,no_hit,否,,red_ratio_low,shadow,
INTC,4h,2026-03-08 23:34:43,buy_purple_bottom,紫抄,shadow,no_hit,否,123122,template_miss,shadow,
INTC,4h,2026-03-08 23:34:43,sell_purple_cry,紫色哭脸,live,no_hit,否,123122,already_active,none,
INTC,4h,2026-03-08 23:34:43,sell_purple_exit,紫色卖出,shadow,no_hit,否,123122,template_miss,shadow,
KOLD,1h,2026-03-08 23:35:32,buy_core,笑笑砖策略,live,no_hit,否,492494,pattern_not_met,none,
KOLD,1h,2026-03-08 23:35:32,buy_plus_red_diamond,买+红砖石,shadow,no_hit,否,,red_ratio_low,shadow,
KOLD,1h,2026-03-08 23:35:32,buy_purple_bottom,紫抄,shadow,no_hit,否,492494,template_miss,shadow,
KOLD,1h,2026-03-08 23:35:32,sell_purple_cry,紫色哭脸,live,no_hit,否,492494,template_miss,none,
KOLD,1h,2026-03-08 23:35:32,sell_purple_exit,紫色卖出,shadow,no_hit,否,492494,template_miss,shadow,
KOLD,2h,2026-03-08 23:35:57,buy_core,笑笑砖策略,live,no_hit,否,246246,pattern_not_met,none,
KOLD,2h,2026-03-08 23:35:57,buy_plus_red_diamond,买+红砖石,shadow,no_hit,否,,red_ratio_low,shadow,
KOLD,2h,2026-03-08 23:35:57,buy_purple_bottom,紫抄,shadow,no_hit,否,246246,template_miss,shadow,
KOLD,2h,2026-03-08 23:35:57,sell_purple_cry,紫色哭脸,live,no_hit,否,246246,template_miss,none,
KOLD,2h,2026-03-08 23:35:57,sell_purple_exit,紫色卖出,shadow,no_hit,否,246246,template_miss,shadow,
KOLD,3h,2026-03-08 23:37:11,buy_core,笑笑砖策略,live,no_hit,否,164164,pattern_not_met,none,
KOLD,3h,2026-03-08 23:37:11,buy_plus_red_diamond,买+红砖石,shadow,no_hit,否,,red_ratio_low,shadow,
KOLD,3h,2026-03-08 23:37:11,buy_purple_bottom,紫抄,shadow,no_hit,否,164164,template_miss,shadow,
KOLD,3h,2026-03-08 23:37:11,sell_purple_cry,紫色哭脸,live,no_hit,否,164164,template_miss,none,
KOLD,3h,2026-03-08 23:37:11,sell_purple_exit,紫色卖出,shadow,no_hit,否,164164,template_miss,shadow,
KOLD,4h,2026-03-08 23:37:33,buy_core,笑笑砖策略,live,no_hit,否,123122,pattern_not_met,none,
KOLD,4h,2026-03-08 23:37:33,buy_plus_red_diamond,买+红砖石,shadow,no_hit,否,,red_ratio_low,shadow,
KOLD,4h,2026-03-08 23:37:33,buy_purple_bottom,紫抄,shadow,no_hit,否,123122,template_miss,shadow,
KOLD,4h,2026-03-08 23:37:33,sell_purple_cry,紫色哭脸,live,no_hit,否,123122,template_miss,none,
KOLD,4h,2026-03-08 23:37:33,sell_purple_exit,紫色卖出,shadow,no_hit,否,123122,template_miss,shadow,
LMND,1h,2026-03-08 23:38:25,buy_core,笑笑砖策略,live,no_hit,否,492494,pattern_not_met,none,
LMND,1h,2026-03-08 23:38:25,buy_plus_red_diamond,买+红砖石,shadow,no_hit,否,,red_ratio_low,shadow,
LMND,1h,2026-03-08 23:38:25,buy_purple_bottom,紫抄,shadow,no_hit,否,492494,template_miss,shadow,
LMND,1h,2026-03-08 23:38:25,sell_purple_cry,紫色哭脸,live,no_hit,否,492494,template_miss,none,
LMND,1h,2026-03-08 23:38:25,sell_purple_exit,紫色卖出,shadow,no_hit,否,492494,template_miss,shadow,
LMND,2h,2026-03-08 23:39:04,buy_core,笑笑砖策略,live,no_hit,否,246246,pattern_not_met,none,
LMND,2h,2026-03-08 23:39:04,buy_plus_red_diamond,买+红砖石,shadow,no_hit,否,,red_ratio_low,shadow,
LMND,2h,2026-03-08 23:39:04,buy_purple_bottom,紫抄,shadow,no_hit,否,246246,template_miss,shadow,
LMND,2h,2026-03-08 23:39:04,sell_purple_cry,紫色哭脸,live,no_hit,否,246246,already_active,none,
LMND,2h,2026-03-08 23:39:04,sell_purple_exit,紫色卖出,shadow,no_hit,否,246246,template_miss,shadow,
LMND,3h,2026-03-08 23:40:33,buy_core,笑笑砖策略,live,no_hit,否,164164,pattern_not_met,none,
LMND,3h,2026-03-08 23:40:33,buy_plus_red_diamond,买+红砖石,shadow,no_hit,否,,template_miss,shadow,
LMND,3h,2026-03-08 23:40:33,buy_purple_bottom,紫抄,shadow,no_hit,否,164164,template_miss,shadow,
LMND,3h,2026-03-08 23:40:33,sell_purple_cry,紫色哭脸,live,no_hit,否,164164,template_miss,none,
LMND,3h,2026-03-08 23:40:33,sell_purple_exit,紫色卖出,shadow,no_hit,否,164164,template_miss,shadow,
LMND,4h,2026-03-08 23:41:05,buy_core,笑笑砖策略,live,no_hit,否,123122,pattern_not_met,none,
LMND,4h,2026-03-08 23:41:05,buy_plus_red_diamond,买+红砖石,shadow,no_hit,否,,red_ratio_low,shadow,
LMND,4h,2026-03-08 23:41:05,buy_purple_bottom,紫抄,shadow,no_hit,否,123122,template_miss,shadow,
LMND,4h,2026-03-08 23:41:05,sell_purple_cry,紫色哭脸,live,no_hit,否,123122,already_active,none,
LMND,4h,2026-03-08 23:41:05,sell_purple_exit,紫色卖出,shadow,no_hit,否,123122,template_miss,shadow,
MP,1h,2026-03-08 23:42:00,buy_core,笑笑砖策略,live,no_hit,否,492494,pattern_not_met,none,
MP,1h,2026-03-08 23:42:00,buy_plus_red_diamond,买+红砖石,shadow,no_hit,否,,template_miss,shadow,
MP,1h,2026-03-08 23:42:00,buy_purple_bottom,紫抄,shadow,no_hit,否,492494,template_miss,shadow,
MP,1h,2026-03-08 23:42:00,sell_purple_cry,紫色哭脸,live,no_hit,否,492494,template_miss,none,
MP,1h,2026-03-08 23:42:00,sell_purple_exit,紫色卖出,shadow,no_hit,否,492494,template_miss,shadow,
MP,2h,2026-03-08 23:42:55,buy_core,笑笑砖策略,live,no_hit,否,246246,pattern_not_met,none,
MP,2h,2026-03-08 23:42:55,buy_plus_red_diamond,买+红砖石,shadow,no_hit,否,,template_miss,shadow,
MP,2h,2026-03-08 23:42:55,buy_purple_bottom,紫抄,shadow,no_hit,否,246246,template_miss,shadow,
MP,2h,2026-03-08 23:42:55,sell_purple_cry,紫色哭脸,live,no_hit,否,246246,template_miss,none,
MP,2h,2026-03-08 23:42:55,sell_purple_exit,紫色卖出,shadow,no_hit,否,246246,template_miss,shadow,
MP,3h,2026-03-08 23:43:58,buy_core,笑笑砖策略,live,no_hit,否,164164,pattern_not_met,none,
MP,3h,2026-03-08 23:43:58,buy_plus_red_diamond,买+红砖石,shadow,no_hit,否,,template_miss,shadow,
MP,3h,2026-03-08 23:43:58,buy_purple_bottom,紫抄,shadow,no_hit,否,164164,template_miss,shadow,
MP,3h,2026-03-08 23:43:58,sell_purple_cry,紫色哭脸,live,no_hit,否,164164,template_miss,none,
MP,3h,2026-03-08 23:43:58,sell_purple_exit,紫色卖出,shadow,no_hit,否,164164,template_miss,shadow,
MP,4h,2026-03-08 23:44:19,buy_core,笑笑砖策略,live,hit,是,123122,repeat_suppressed,repeat_suppressed,C:\Users\Administrator\Desktop\futu_combo_watch\output\hit_MP_4h_buy_core_20260308_234358.png
MP,4h,2026-03-08 23:44:19,buy_plus_red_diamond,买+红砖石,shadow,no_hit,否,,buy_red_no_pair,shadow,C:\Users\Administrator\Desktop\futu_combo_watch\output\hit_MP_4h_buy_core_20260308_234358.png
MP,4h,2026-03-08 23:44:19,buy_purple_bottom,紫抄,shadow,no_hit,否,123122,template_miss,shadow,C:\Users\Administrator\Desktop\futu_combo_watch\output\hit_MP_4h_buy_core_20260308_234358.png
MP,4h,2026-03-08 23:44:19,sell_purple_cry,紫色哭脸,live,no_hit,否,123122,purple_ratio_low,none,C:\Users\Administrator\Desktop\futu_combo_watch\output\hit_MP_4h_buy_core_20260308_234358.png
MP,4h,2026-03-08 23:44:19,sell_purple_exit,紫色卖出,shadow,no_hit,否,123122,template_miss,shadow,C:\Users\Administrator\Desktop\futu_combo_watch\output\hit_MP_4h_buy_core_20260308_234358.png
MU,1h,2026-03-08 23:44:53,buy_core,笑笑砖策略,live,no_hit,否,492494,pattern_not_met,none,
MU,1h,2026-03-08 23:44:53,buy_plus_red_diamond,买+红砖石,shadow,no_hit,否,,red_ratio_low,shadow,
MU,1h,2026-03-08 23:44:53,buy_purple_bottom,紫抄,shadow,no_hit,否,492494,template_miss,shadow,
MU,1h,2026-03-08 23:44:53,sell_purple_cry,紫色哭脸,live,no_hit,否,492494,template_miss,none,
MU,1h,2026-03-08 23:44:53,sell_purple_exit,紫色卖出,shadow,no_hit,否,492494,template_miss,shadow,
MU,2h,2026-03-08 23:45:30,buy_core,笑笑砖策略,live,no_hit,否,246246,pattern_not_met,none,
MU,2h,2026-03-08 23:45:30,buy_plus_red_diamond,买+红砖石,shadow,no_hit,否,,red_ratio_low,shadow,
MU,2h,2026-03-08 23:45:30,buy_purple_bottom,紫抄,shadow,no_hit,否,246246,template_miss,shadow,
MU,2h,2026-03-08 23:45:30,sell_purple_cry,紫色哭脸,live,no_hit,否,246246,template_miss,none,
MU,2h,2026-03-08 23:45:30,sell_purple_exit,紫色卖出,shadow,no_hit,否,246246,template_miss,shadow,
MU,3h,2026-03-08 23:46:07,buy_core,笑笑砖策略,live,no_hit,否,164164,pattern_not_met,none,
MU,3h,2026-03-08 23:46:07,buy_plus_red_diamond,买+红砖石,shadow,no_hit,否,,red_ratio_low,shadow,
MU,3h,2026-03-08 23:46:07,buy_purple_bottom,紫抄,shadow,no_hit,否,164164,template_miss,shadow,
MU,3h,2026-03-08 23:46:07,sell_purple_cry,紫色哭脸,live,no_hit,否,164164,template_miss,none,
MU,3h,2026-03-08 23:46:07,sell_purple_exit,紫色卖出,shadow,no_hit,否,164164,template_miss,shadow,
MU,4h,2026-03-08 23:46:44,buy_core,笑笑砖策略,live,no_hit,否,123122,pattern_not_met,none,
MU,4h,2026-03-08 23:46:44,buy_plus_red_diamond,买+红砖石,shadow,no_hit,否,,red_ratio_low,shadow,
MU,4h,2026-03-08 23:46:44,buy_purple_bottom,紫抄,shadow,no_hit,否,123122,template_miss,shadow,
MU,4h,2026-03-08 23:46:44,sell_purple_cry,紫色哭脸,live,no_hit,否,123122,template_miss,none,
MU,4h,2026-03-08 23:46:44,sell_purple_exit,紫色卖出,shadow,no_hit,否,123122,template_miss,shadow,
NBIS,1h,2026-03-08 23:47:22,buy_core,笑笑砖策略,live,no_hit,否,492494,pattern_not_met,none,
NBIS,1h,2026-03-08 23:47:22,buy_plus_red_diamond,买+红砖石,shadow,no_hit,否,,red_ratio_low,shadow,
NBIS,1h,2026-03-08 23:47:22,buy_purple_bottom,紫抄,shadow,no_hit,否,492494,template_miss,shadow,
NBIS,1h,2026-03-08 23:47:22,sell_purple_cry,紫色哭脸,live,no_hit,否,492494,template_miss,none,
NBIS,1h,2026-03-08 23:47:22,sell_purple_exit,紫色卖出,shadow,no_hit,否,492494,template_miss,shadow,
NBIS,2h,2026-03-08 23:48:36,buy_core,笑笑砖策略,live,no_hit,否,246246,pattern_not_met,none,
NBIS,2h,2026-03-08 23:48:36,buy_plus_red_diamond,买+红砖石,shadow,no_hit,否,,red_ratio_low,shadow,
NBIS,2h,2026-03-08 23:48:36,buy_purple_bottom,紫抄,shadow,no_hit,否,246246,template_miss,shadow,
NBIS,2h,2026-03-08 23:48:36,sell_purple_cry,紫色哭脸,live,no_hit,否,246246,template_miss,none,
NBIS,2h,2026-03-08 23:48:36,sell_purple_exit,紫色卖出,shadow,no_hit,否,246246,template_miss,shadow,
NBIS,3h,2026-03-08 23:48:59,buy_core,笑笑砖策略,live,no_hit,否,164164,pattern_not_met,none,
NBIS,3h,2026-03-08 23:48:59,buy_plus_red_diamond,买+红砖石,shadow,no_hit,否,,red_ratio_low,shadow,
NBIS,3h,2026-03-08 23:48:59,buy_purple_bottom,紫抄,shadow,no_hit,否,164164,template_miss,shadow,
NBIS,3h,2026-03-08 23:48:59,sell_purple_cry,紫色哭脸,live,no_hit,否,164164,purple_ratio_low,none,
NBIS,3h,2026-03-08 23:48:59,sell_purple_exit,紫色卖出,shadow,no_hit,否,164164,template_miss,shadow,
NBIS,4h,2026-03-08 23:50:24,buy_core,笑笑砖策略,live,no_hit,否,123122,pattern_not_met,none,
NBIS,4h,2026-03-08 23:50:24,buy_plus_red_diamond,买+红砖石,shadow,no_hit,否,,red_ratio_low,shadow,
NBIS,4h,2026-03-08 23:50:24,buy_purple_bottom,紫抄,shadow,no_hit,否,123122,template_miss,shadow,
NBIS,4h,2026-03-08 23:50:24,sell_purple_cry,紫色哭脸,live,no_hit,否,123122,template_miss,none,
NBIS,4h,2026-03-08 23:50:24,sell_purple_exit,紫色卖出,shadow,no_hit,否,123122,template_miss,shadow,
NBIZ,1h,2026-03-08 23:51:26,buy_core,笑笑砖策略,live,no_hit,否,492494,pattern_not_met,none,
NBIZ,1h,2026-03-08 23:51:26,buy_plus_red_diamond,买+红砖石,shadow,no_hit,否,,red_ratio_low,shadow,
NBIZ,1h,2026-03-08 23:51:26,buy_purple_bottom,紫抄,shadow,no_hit,否,492494,template_miss,shadow,
NBIZ,1h,2026-03-08 23:51:26,sell_purple_cry,紫色哭脸,live,no_hit,否,492494,template_miss,none,
NBIZ,1h,2026-03-08 23:51:26,sell_purple_exit,紫色卖出,shadow,no_hit,否,492494,template_miss,shadow,
NBIZ,2h,2026-03-08 23:52:12,buy_core,笑笑砖策略,live,no_hit,否,246246,pattern_not_met,none,
NBIZ,2h,2026-03-08 23:52:12,buy_plus_red_diamond,买+红砖石,shadow,no_hit,否,,template_miss,shadow,
NBIZ,2h,2026-03-08 23:52:12,buy_purple_bottom,紫抄,shadow,no_hit,否,246246,template_miss,shadow,
NBIZ,2h,2026-03-08 23:52:12,sell_purple_cry,紫色哭脸,live,no_hit,否,246246,template_miss,none,
NBIZ,2h,2026-03-08 23:52:12,sell_purple_exit,紫色卖出,shadow,no_hit,否,246246,template_miss,shadow,
NBIZ,3h,2026-03-08 23:53:48,buy_core,笑笑砖策略,live,no_hit,否,164164,pattern_not_met,none,
NBIZ,3h,2026-03-08 23:53:48,buy_plus_red_diamond,买+红砖石,shadow,no_hit,否,,template_miss,shadow,
NBIZ,3h,2026-03-08 23:53:48,buy_purple_bottom,紫抄,shadow,no_hit,否,164164,template_miss,shadow,
NBIZ,3h,2026-03-08 23:53:48,sell_purple_cry,紫色哭脸,live,no_hit,否,164164,template_miss,none,
NBIZ,3h,2026-03-08 23:53:48,sell_purple_exit,紫色卖出,shadow,no_hit,否,164164,template_miss,shadow,
NBIZ,4h,2026-03-08 23:54:58,buy_core,笑笑砖策略,live,no_hit,否,123122,pattern_not_met,none,
NBIZ,4h,2026-03-08 23:54:58,buy_plus_red_diamond,买+红砖石,shadow,no_hit,否,,template_miss,shadow,
NBIZ,4h,2026-03-08 23:54:58,buy_purple_bottom,紫抄,shadow,no_hit,否,123122,template_miss,shadow,
NBIZ,4h,2026-03-08 23:54:58,sell_purple_cry,紫色哭脸,live,no_hit,否,123122,template_miss,none,
NBIZ,4h,2026-03-08 23:54:58,sell_purple_exit,紫色卖出,shadow,no_hit,否,123122,template_miss,shadow,
NVDA,1h,2026-03-08 23:55:36,buy_core,笑笑砖策略,live,no_hit,否,492494,pattern_not_met,none,
NVDA,1h,2026-03-08 23:55:36,buy_plus_red_diamond,买+红砖石,shadow,no_hit,否,,red_ratio_low,shadow,
NVDA,1h,2026-03-08 23:55:36,buy_purple_bottom,紫抄,shadow,no_hit,否,492494,template_miss,shadow,
NVDA,1h,2026-03-08 23:55:36,sell_purple_cry,紫色哭脸,live,no_hit,否,492494,template_miss,none,
NVDA,1h,2026-03-08 23:55:36,sell_purple_exit,紫色卖出,shadow,no_hit,否,492494,template_miss,shadow,
NVDA,2h,2026-03-08 23:56:16,buy_core,笑笑砖策略,live,no_hit,否,246246,pattern_not_met,none,
NVDA,2h,2026-03-08 23:56:16,buy_plus_red_diamond,买+红砖石,shadow,no_hit,否,,template_miss,shadow,
NVDA,2h,2026-03-08 23:56:16,buy_purple_bottom,紫抄,shadow,no_hit,否,246246,template_miss,shadow,
NVDA,2h,2026-03-08 23:56:16,sell_purple_cry,紫色哭脸,live,no_hit,否,246246,template_miss,none,
NVDA,2h,2026-03-08 23:56:16,sell_purple_exit,紫色卖出,shadow,no_hit,否,246246,template_miss,shadow,
NVDA,3h,2026-03-08 23:56:46,buy_core,笑笑砖策略,live,no_hit,否,164164,pattern_not_met,none,
NVDA,3h,2026-03-08 23:56:46,buy_plus_red_diamond,买+红砖石,shadow,no_hit,否,,template_miss,shadow,
NVDA,3h,2026-03-08 23:56:46,buy_purple_bottom,紫抄,shadow,no_hit,否,164164,template_miss,shadow,
NVDA,3h,2026-03-08 23:56:46,sell_purple_cry,紫色哭脸,live,no_hit,否,164164,template_miss,none,
NVDA,3h,2026-03-08 23:56:46,sell_purple_exit,紫色卖出,shadow,no_hit,否,164164,template_miss,shadow,
NVDA,4h,2026-03-08 23:58:12,buy_core,笑笑砖策略,live,no_hit,否,123122,pattern_not_met,none,
NVDA,4h,2026-03-08 23:58:12,buy_plus_red_diamond,买+红砖石,shadow,no_hit,否,,template_miss,shadow,
NVDA,4h,2026-03-08 23:58:12,buy_purple_bottom,紫抄,shadow,no_hit,否,123122,template_miss,shadow,
NVDA,4h,2026-03-08 23:58:12,sell_purple_cry,紫色哭脸,live,no_hit,否,123122,template_miss,none,
NVDA,4h,2026-03-08 23:58:12,sell_purple_exit,紫色卖出,shadow,no_hit,否,123122,template_miss,shadow,
OKLO,1h,2026-03-08 23:58:53,buy_core,笑笑砖策略,live,no_hit,否,492494,pattern_not_met,none,
OKLO,1h,2026-03-08 23:58:53,buy_plus_red_diamond,买+红砖石,shadow,no_hit,否,,red_ratio_low,shadow,
OKLO,1h,2026-03-08 23:58:53,buy_purple_bottom,紫抄,shadow,no_hit,否,492494,template_miss,shadow,
OKLO,1h,2026-03-08 23:58:53,sell_purple_cry,紫色哭脸,live,no_hit,否,492494,template_miss,none,
OKLO,1h,2026-03-08 23:58:53,sell_purple_exit,紫色卖出,shadow,no_hit,否,492494,template_miss,shadow,
OKLO,2h,2026-03-08 23:59:30,buy_core,笑笑砖策略,live,no_hit,否,246246,pattern_not_met,none,
OKLO,2h,2026-03-08 23:59:30,buy_plus_red_diamond,买+红砖石,shadow,no_hit,否,,red_ratio_low,shadow,
OKLO,2h,2026-03-08 23:59:30,buy_purple_bottom,紫抄,shadow,no_hit,否,246246,template_miss,shadow,
OKLO,2h,2026-03-08 23:59:30,sell_purple_cry,紫色哭脸,live,no_hit,否,246246,template_miss,none,
OKLO,2h,2026-03-08 23:59:30,sell_purple_exit,紫色卖出,shadow,no_hit,否,246246,template_miss,shadow,
OKLO,3h,2026-03-09 00:00:02,buy_core,笑笑砖策略,live,no_hit,否,164164,pattern_not_met,none,
OKLO,3h,2026-03-09 00:00:02,buy_plus_red_diamond,买+红砖石,shadow,no_hit,否,,red_ratio_low,shadow,
OKLO,3h,2026-03-09 00:00:02,buy_purple_bottom,紫抄,shadow,no_hit,否,164164,template_miss,shadow,
OKLO,3h,2026-03-09 00:00:02,sell_purple_cry,紫色哭脸,live,no_hit,否,164164,template_miss,none,
OKLO,3h,2026-03-09 00:00:02,sell_purple_exit,紫色卖出,shadow,no_hit,否,164164,template_miss,shadow,
OKLO,4h,2026-03-09 00:01:27,buy_core,笑笑砖策略,live,no_hit,否,123123,pattern_not_met,none,
OKLO,4h,2026-03-09 00:01:27,buy_plus_red_diamond,买+红砖石,shadow,no_hit,否,,red_ratio_low,shadow,
OKLO,4h,2026-03-09 00:01:27,buy_purple_bottom,紫抄,shadow,no_hit,否,123123,template_miss,shadow,
OKLO,4h,2026-03-09 00:01:27,sell_purple_cry,紫色哭脸,live,no_hit,否,123123,template_miss,none,
OKLO,4h,2026-03-09 00:01:27,sell_purple_exit,紫色卖出,shadow,no_hit,否,123123,template_miss,shadow,
OKLS,1h,2026-03-09 00:02:17,buy_core,笑笑砖策略,live,no_hit,否,492495,pattern_not_met,none,
OKLS,1h,2026-03-09 00:02:17,buy_plus_red_diamond,买+红砖石,shadow,no_hit,否,,red_ratio_low,shadow,
OKLS,1h,2026-03-09 00:02:17,buy_purple_bottom,紫抄,shadow,no_hit,否,492495,template_miss,shadow,
OKLS,1h,2026-03-09 00:02:17,sell_purple_cry,紫色哭脸,live,no_hit,否,492495,template_miss,none,
OKLS,1h,2026-03-09 00:02:17,sell_purple_exit,紫色卖出,shadow,no_hit,否,492495,template_miss,shadow,
OKLS,2h,2026-03-09 00:03:15,buy_core,笑笑砖策略,live,no_hit,否,246247,pattern_not_met,none,
OKLS,2h,2026-03-09 00:03:15,buy_plus_red_diamond,买+红砖石,shadow,no_hit,否,,red_ratio_low,shadow,
OKLS,2h,2026-03-09 00:03:15,buy_purple_bottom,紫抄,shadow,no_hit,否,246247,template_miss,shadow,
OKLS,2h,2026-03-09 00:03:15,sell_purple_cry,紫色哭脸,live,no_hit,否,246247,template_miss,none,
OKLS,2h,2026-03-09 00:03:15,sell_purple_exit,紫色卖出,shadow,no_hit,否,246247,template_miss,shadow,
OKLS,3h,2026-03-09 00:03:53,buy_core,笑笑砖策略,live,no_hit,否,164164,pattern_not_met,none,
OKLS,3h,2026-03-09 00:03:53,buy_plus_red_diamond,买+红砖石,shadow,no_hit,否,,red_ratio_low,shadow,
OKLS,3h,2026-03-09 00:03:53,buy_purple_bottom,紫抄,shadow,no_hit,否,164164,template_miss,shadow,
OKLS,3h,2026-03-09 00:03:53,sell_purple_cry,紫色哭脸,live,no_hit,否,164164,template_miss,none,
OKLS,3h,2026-03-09 00:03:53,sell_purple_exit,紫色卖出,shadow,no_hit,否,164164,template_miss,shadow,
OKLS,4h,2026-03-09 00:04:51,buy_core,笑笑砖策略,live,no_hit,否,123123,pattern_not_met,none,
OKLS,4h,2026-03-09 00:04:51,buy_plus_red_diamond,买+红砖石,shadow,no_hit,否,,red_ratio_low,shadow,
OKLS,4h,2026-03-09 00:04:51,buy_purple_bottom,紫抄,shadow,no_hit,否,123123,template_miss,shadow,
OKLS,4h,2026-03-09 00:04:51,sell_purple_cry,紫色哭脸,live,no_hit,否,123123,template_miss,none,
OKLS,4h,2026-03-09 00:04:51,sell_purple_exit,紫色卖出,shadow,no_hit,否,123123,template_miss,shadow,
PLTR,1h,2026-03-09 00:06:13,buy_core,笑笑砖策略,live,no_hit,否,492495,pattern_not_met,none,
PLTR,1h,2026-03-09 00:06:13,buy_plus_red_diamond,买+红砖石,shadow,no_hit,否,,red_ratio_low,shadow,
PLTR,1h,2026-03-09 00:06:13,buy_purple_bottom,紫抄,shadow,no_hit,否,492495,template_miss,shadow,
PLTR,1h,2026-03-09 00:06:13,sell_purple_cry,紫色哭脸,live,no_hit,否,492495,template_miss,none,
PLTR,1h,2026-03-09 00:06:13,sell_purple_exit,紫色卖出,shadow,no_hit,否,492495,template_miss,shadow,
PLTR,2h,2026-03-09 00:07:29,buy_core,笑笑砖策略,live,no_hit,否,246247,pattern_not_met,none,
PLTR,2h,2026-03-09 00:07:29,buy_plus_red_diamond,买+红砖石,shadow,no_hit,否,,template_miss,shadow,
PLTR,2h,2026-03-09 00:07:29,buy_purple_bottom,紫抄,shadow,no_hit,否,246247,template_miss,shadow,
PLTR,2h,2026-03-09 00:07:29,sell_purple_cry,紫色哭脸,live,no_hit,否,246247,template_miss,none,
PLTR,2h,2026-03-09 00:07:29,sell_purple_exit,紫色卖出,shadow,no_hit,否,246247,template_miss,shadow,
PLTR,3h,2026-03-09 00:08:40,buy_core,笑笑砖策略,live,no_hit,否,164164,pattern_not_met,none,
PLTR,3h,2026-03-09 00:08:40,buy_plus_red_diamond,买+红砖石,shadow,no_hit,否,,template_miss,shadow,
PLTR,3h,2026-03-09 00:08:40,buy_purple_bottom,紫抄,shadow,no_hit,否,164164,template_miss,shadow,
PLTR,3h,2026-03-09 00:08:40,sell_purple_cry,紫色哭脸,live,no_hit,否,164164,template_miss,none,
PLTR,3h,2026-03-09 00:08:40,sell_purple_exit,紫色卖出,shadow,no_hit,否,164164,template_miss,shadow,
PLTR,4h,2026-03-09 00:10:07,buy_core,笑笑砖策略,live,no_hit,否,123123,pattern_not_met,none,
PLTR,4h,2026-03-09 00:10:07,buy_plus_red_diamond,买+红砖石,shadow,no_hit,否,,template_miss,shadow,
PLTR,4h,2026-03-09 00:10:07,buy_purple_bottom,紫抄,shadow,no_hit,否,123123,template_miss,shadow,
PLTR,4h,2026-03-09 00:10:07,sell_purple_cry,紫色哭脸,live,no_hit,否,123123,template_miss,none,
PLTR,4h,2026-03-09 00:10:07,sell_purple_exit,紫色卖出,shadow,no_hit,否,123123,template_miss,shadow,
PLTZ,1h,2026-03-09 00:11:35,buy_core,笑笑砖策略,live,no_hit,否,492495,pattern_not_met,none,
PLTZ,1h,2026-03-09 00:11:35,buy_plus_red_diamond,买+红砖石,shadow,no_hit,否,,red_ratio_low,shadow,
PLTZ,1h,2026-03-09 00:11:35,buy_purple_bottom,紫抄,shadow,no_hit,否,492495,template_miss,shadow,
PLTZ,1h,2026-03-09 00:11:35,sell_purple_cry,紫色哭脸,live,no_hit,否,492495,template_miss,none,
PLTZ,1h,2026-03-09 00:11:35,sell_purple_exit,紫色卖出,shadow,no_hit,否,492495,template_miss,shadow,
PLTZ,2h,2026-03-09 00:12:51,buy_core,笑笑砖策略,live,no_hit,否,246247,pattern_not_met,none,
PLTZ,2h,2026-03-09 00:12:51,buy_plus_red_diamond,买+红砖石,shadow,no_hit,否,,template_miss,shadow,
PLTZ,2h,2026-03-09 00:12:51,buy_purple_bottom,紫抄,shadow,no_hit,否,246247,template_miss,shadow,
PLTZ,2h,2026-03-09 00:12:51,sell_purple_cry,紫色哭脸,live,no_hit,否,246247,template_miss,none,
PLTZ,2h,2026-03-09 00:12:51,sell_purple_exit,紫色卖出,shadow,no_hit,否,246247,template_miss,shadow,
PLTZ,3h,2026-03-09 00:14:05,buy_core,笑笑砖策略,live,no_hit,否,164164,pattern_not_met,none,
PLTZ,3h,2026-03-09 00:14:05,buy_plus_red_diamond,买+红砖石,shadow,no_hit,否,,red_ratio_low,shadow,
PLTZ,3h,2026-03-09 00:14:05,buy_purple_bottom,紫抄,shadow,no_hit,否,164164,template_miss,shadow,
PLTZ,3h,2026-03-09 00:14:05,sell_purple_cry,紫色哭脸,live,no_hit,否,164164,template_miss,none,
PLTZ,3h,2026-03-09 00:14:05,sell_purple_exit,紫色卖出,shadow,no_hit,否,164164,template_miss,shadow,
PLTZ,4h,2026-03-09 00:14:27,buy_core,笑笑砖策略,live,no_hit,否,123123,pattern_not_met,none,
PLTZ,4h,2026-03-09 00:14:27,buy_plus_red_diamond,买+红砖石,shadow,no_hit,否,,red_ratio_low,shadow,
PLTZ,4h,2026-03-09 00:14:27,buy_purple_bottom,紫抄,shadow,no_hit,否,123123,template_miss,shadow,
PLTZ,4h,2026-03-09 00:14:27,sell_purple_cry,紫色哭脸,live,no_hit,否,123123,template_miss,none,
PLTZ,4h,2026-03-09 00:14:27,sell_purple_exit,紫色卖出,shadow,no_hit,否,123123,template_miss,shadow,
RDW,1h,2026-03-09 00:15:08,buy_core,笑笑砖策略,live,no_hit,否,492495,pattern_not_met,none,
RDW,1h,2026-03-09 00:15:08,buy_plus_red_diamond,买+红砖石,shadow,no_hit,否,,red_ratio_low,shadow,
RDW,1h,2026-03-09 00:15:08,buy_purple_bottom,紫抄,shadow,no_hit,否,492495,template_miss,shadow,
RDW,1h,2026-03-09 00:15:08,sell_purple_cry,紫色哭脸,live,no_hit,否,492495,template_miss,none,
RDW,1h,2026-03-09 00:15:08,sell_purple_exit,紫色卖出,shadow,no_hit,否,492495,template_miss,shadow,
RDW,2h,2026-03-09 00:15:40,buy_core,笑笑砖策略,live,no_hit,否,246247,pattern_not_met,none,
RDW,2h,2026-03-09 00:15:40,buy_plus_red_diamond,买+红砖石,shadow,no_hit,否,,red_ratio_low,shadow,
RDW,2h,2026-03-09 00:15:40,buy_purple_bottom,紫抄,shadow,no_hit,否,246247,template_miss,shadow,
RDW,2h,2026-03-09 00:15:40,sell_purple_cry,紫色哭脸,live,no_hit,否,246247,template_miss,none,
RDW,2h,2026-03-09 00:15:40,sell_purple_exit,紫色卖出,shadow,no_hit,否,246247,template_miss,shadow,
RDW,3h,2026-03-09 00:16:11,buy_core,笑笑砖策略,live,no_hit,否,164164,pattern_not_met,none,
RDW,3h,2026-03-09 00:16:11,buy_plus_red_diamond,买+红砖石,shadow,no_hit,否,,red_ratio_low,shadow,
RDW,3h,2026-03-09 00:16:11,buy_purple_bottom,紫抄,shadow,no_hit,否,164164,template_miss,shadow,
RDW,3h,2026-03-09 00:16:11,sell_purple_cry,紫色哭脸,live,no_hit,否,164164,template_miss,none,
RDW,3h,2026-03-09 00:16:11,sell_purple_exit,紫色卖出,shadow,no_hit,否,164164,template_miss,shadow,
RDW,4h,2026-03-09 00:16:47,buy_core,笑笑砖策略,live,no_hit,否,123123,pattern_not_met,none,
RDW,4h,2026-03-09 00:16:47,buy_plus_red_diamond,买+红砖石,shadow,no_hit,否,,red_ratio_low,shadow,
RDW,4h,2026-03-09 00:16:47,buy_purple_bottom,紫抄,shadow,no_hit,否,123123,template_miss,shadow,
RDW,4h,2026-03-09 00:16:47,sell_purple_cry,紫色哭脸,live,no_hit,否,123123,template_miss,none,
RDW,4h,2026-03-09 00:16:47,sell_purple_exit,紫色卖出,shadow,no_hit,否,123123,template_miss,shadow,
RGTZ,1h,2026-03-09 00:17:20,buy_core,笑笑砖策略,live,no_hit,否,492495,pattern_not_met,none,
RGTZ,1h,2026-03-09 00:17:20,buy_plus_red_diamond,买+红砖石,shadow,no_hit,否,,red_ratio_low,shadow,
RGTZ,1h,2026-03-09 00:17:20,buy_purple_bottom,紫抄,shadow,no_hit,否,492495,template_miss,shadow,
RGTZ,1h,2026-03-09 00:17:20,sell_purple_cry,紫色哭脸,live,no_hit,否,492495,already_active,none,
RGTZ,1h,2026-03-09 00:17:20,sell_purple_exit,紫色卖出,shadow,no_hit,否,492495,template_miss,shadow,
RGTZ,2h,2026-03-09 00:18:07,buy_core,笑笑砖策略,live,no_hit,否,246247,pattern_not_met,none,
RGTZ,2h,2026-03-09 00:18:07,buy_plus_red_diamond,买+红砖石,shadow,no_hit,否,,red_ratio_low,shadow,
RGTZ,2h,2026-03-09 00:18:07,buy_purple_bottom,紫抄,shadow,no_hit,否,246247,template_miss,shadow,
RGTZ,2h,2026-03-09 00:18:07,sell_purple_cry,紫色哭脸,live,no_hit,否,246247,template_miss,none,
RGTZ,2h,2026-03-09 00:18:07,sell_purple_exit,紫色卖出,shadow,no_hit,否,246247,template_miss,shadow,
RGTZ,3h,2026-03-09 00:19:06,buy_core,笑笑砖策略,live,no_hit,否,164164,pattern_not_met,none,
RGTZ,3h,2026-03-09 00:19:06,buy_plus_red_diamond,买+红砖石,shadow,no_hit,否,,red_ratio_low,shadow,
RGTZ,3h,2026-03-09 00:19:06,buy_purple_bottom,紫抄,shadow,no_hit,否,164164,template_miss,shadow,
RGTZ,3h,2026-03-09 00:19:06,sell_purple_cry,紫色哭脸,live,no_hit,否,164164,purple_ratio_low,none,
RGTZ,3h,2026-03-09 00:19:06,sell_purple_exit,紫色卖出,shadow,no_hit,否,164164,template_miss,shadow,
RGTZ,4h,2026-03-09 00:19:32,buy_core,笑笑砖策略,live,no_hit,否,123123,pattern_not_met,none,
RGTZ,4h,2026-03-09 00:19:32,buy_plus_red_diamond,买+红砖石,shadow,no_hit,否,,red_ratio_low,shadow,
RGTZ,4h,2026-03-09 00:19:32,buy_purple_bottom,紫抄,shadow,no_hit,否,123123,template_miss,shadow,
RGTZ,4h,2026-03-09 00:19:32,sell_purple_cry,紫色哭脸,live,no_hit,否,123123,purple_ratio_low,none,
RGTZ,4h,2026-03-09 00:19:32,sell_purple_exit,紫色卖出,shadow,no_hit,否,123123,template_miss,shadow,
RKLB,1h,2026-03-09 00:20:49,buy_core,笑笑砖策略,live,no_hit,否,492495,pattern_not_met,none,
RKLB,1h,2026-03-09 00:20:49,buy_plus_red_diamond,买+红砖石,shadow,no_hit,否,,red_ratio_low,shadow,
RKLB,1h,2026-03-09 00:20:49,buy_purple_bottom,紫抄,shadow,no_hit,否,492495,template_miss,shadow,
RKLB,1h,2026-03-09 00:20:49,sell_purple_cry,紫色哭脸,live,no_hit,否,492495,template_miss,none,
RKLB,1h,2026-03-09 00:20:49,sell_purple_exit,紫色卖出,shadow,no_hit,否,492495,template_miss,shadow,
RKLB,2h,2026-03-09 00:21:32,buy_core,笑笑砖策略,live,no_hit,否,246247,pattern_not_met,none,
RKLB,2h,2026-03-09 00:21:32,buy_plus_red_diamond,买+红砖石,shadow,no_hit,否,,red_ratio_low,shadow,
RKLB,2h,2026-03-09 00:21:32,buy_purple_bottom,紫抄,shadow,no_hit,否,246247,template_miss,shadow,
RKLB,2h,2026-03-09 00:21:32,sell_purple_cry,紫色哭脸,live,no_hit,否,246247,already_active,none,
RKLB,2h,2026-03-09 00:21:32,sell_purple_exit,紫色卖出,shadow,no_hit,否,246247,template_miss,shadow,
RKLB,3h,2026-03-09 00:22:30,buy_core,笑笑砖策略,live,no_hit,否,164164,pattern_not_met,none,
RKLB,3h,2026-03-09 00:22:30,buy_plus_red_diamond,买+红砖石,shadow,no_hit,否,,red_ratio_low,shadow,
RKLB,3h,2026-03-09 00:22:30,buy_purple_bottom,紫抄,shadow,no_hit,否,164164,template_miss,shadow,
RKLB,3h,2026-03-09 00:22:30,sell_purple_cry,紫色哭脸,live,no_hit,否,164164,template_miss,none,
RKLB,3h,2026-03-09 00:22:30,sell_purple_exit,紫色卖出,shadow,no_hit,否,164164,template_miss,shadow,
RKLB,4h,2026-03-09 00:23:01,buy_core,笑笑砖策略,live,no_hit,否,123123,pattern_not_met,none,
RKLB,4h,2026-03-09 00:23:01,buy_plus_red_diamond,买+红砖石,shadow,no_hit,否,,red_ratio_low,shadow,
RKLB,4h,2026-03-09 00:23:01,buy_purple_bottom,紫抄,shadow,no_hit,否,123123,template_miss,shadow,
RKLB,4h,2026-03-09 00:23:01,sell_purple_cry,紫色哭脸,live,no_hit,否,123123,purple_ratio_low,none,
RKLB,4h,2026-03-09 00:23:01,sell_purple_exit,紫色卖出,shadow,no_hit,否,123123,template_miss,shadow,
RKLZ,1h,2026-03-09 00:23:35,buy_core,笑笑砖策略,live,no_hit,否,492495,pattern_not_met,none,
RKLZ,1h,2026-03-09 00:23:35,buy_plus_red_diamond,买+红砖石,shadow,no_hit,否,,red_ratio_low,shadow,
RKLZ,1h,2026-03-09 00:23:35,buy_purple_bottom,紫抄,shadow,no_hit,否,492495,template_miss,shadow,
RKLZ,1h,2026-03-09 00:23:35,sell_purple_cry,紫色哭脸,live,no_hit,否,492495,already_active,none,
RKLZ,1h,2026-03-09 00:23:35,sell_purple_exit,紫色卖出,shadow,no_hit,否,492495,template_miss,shadow,
RKLZ,2h,2026-03-09 00:24:12,buy_core,笑笑砖策略,live,no_hit,否,246247,pattern_not_met,none,
RKLZ,2h,2026-03-09 00:24:12,buy_plus_red_diamond,买+红砖石,shadow,no_hit,否,,red_ratio_low,shadow,
RKLZ,2h,2026-03-09 00:24:12,buy_purple_bottom,紫抄,shadow,no_hit,否,246247,template_miss,shadow,
RKLZ,2h,2026-03-09 00:24:12,sell_purple_cry,紫色哭脸,live,no_hit,否,246247,template_miss,none,
RKLZ,2h,2026-03-09 00:24:12,sell_purple_exit,紫色卖出,shadow,no_hit,否,246247,template_miss,shadow,
RKLZ,3h,2026-03-09 00:24:30,buy_core,笑笑砖策略,live,no_hit,否,164164,pattern_not_met,none,
RKLZ,3h,2026-03-09 00:24:30,buy_plus_red_diamond,买+红砖石,shadow,no_hit,否,,red_ratio_low,shadow,
RKLZ,3h,2026-03-09 00:24:30,buy_purple_bottom,紫抄,shadow,no_hit,否,164164,template_miss,shadow,
RKLZ,3h,2026-03-09 00:24:30,sell_purple_cry,紫色哭脸,live,no_hit,否,164164,already_active,none,
RKLZ,3h,2026-03-09 00:24:30,sell_purple_exit,紫色卖出,shadow,no_hit,否,164164,template_miss,shadow,
RKLZ,4h,2026-03-09 00:24:58,buy_core,笑笑砖策略,live,no_hit,否,123123,pattern_not_met,none,
RKLZ,4h,2026-03-09 00:24:58,buy_plus_red_diamond,买+红砖石,shadow,no_hit,否,,red_ratio_low,shadow,
RKLZ,4h,2026-03-09 00:24:58,buy_purple_bottom,紫抄,shadow,no_hit,否,123123,template_miss,shadow,
RKLZ,4h,2026-03-09 00:24:58,sell_purple_cry,紫色哭脸,live,no_hit,否,123123,already_active,none,
RKLZ,4h,2026-03-09 00:24:58,sell_purple_exit,紫色卖出,shadow,no_hit,否,123123,template_miss,shadow,
RZLV,1h,2026-03-09 00:26:08,buy_core,笑笑砖策略,live,no_hit,否,492495,pattern_not_met,none,
RZLV,1h,2026-03-09 00:26:08,buy_plus_red_diamond,买+红砖石,shadow,no_hit,否,,red_ratio_low,shadow,
RZLV,1h,2026-03-09 00:26:08,buy_purple_bottom,紫抄,shadow,no_hit,否,492495,template_miss,shadow,
RZLV,1h,2026-03-09 00:26:08,sell_purple_cry,紫色哭脸,live,no_hit,否,492495,template_miss,none,
RZLV,1h,2026-03-09 00:26:08,sell_purple_exit,紫色卖出,shadow,no_hit,否,492495,template_miss,shadow,
RZLV,2h,2026-03-09 00:26:59,buy_core,笑笑砖策略,live,no_hit,否,246247,pattern_not_met,none,
RZLV,2h,2026-03-09 00:26:59,buy_plus_red_diamond,买+红砖石,shadow,no_hit,否,,red_ratio_low,shadow,
RZLV,2h,2026-03-09 00:26:59,buy_purple_bottom,紫抄,shadow,no_hit,否,246247,template_miss,shadow,
RZLV,2h,2026-03-09 00:26:59,sell_purple_cry,紫色哭脸,live,no_hit,否,246247,template_miss,none,
RZLV,2h,2026-03-09 00:26:59,sell_purple_exit,紫色卖出,shadow,no_hit,否,246247,template_miss,shadow,
RZLV,3h,2026-03-09 00:27:17,buy_core,笑笑砖策略,live,no_hit,否,164164,pattern_not_met,none,
RZLV,3h,2026-03-09 00:27:17,buy_plus_red_diamond,买+红砖石,shadow,no_hit,否,,red_ratio_low,shadow,
RZLV,3h,2026-03-09 00:27:17,buy_purple_bottom,紫抄,shadow,no_hit,否,164164,template_miss,shadow,
RZLV,3h,2026-03-09 00:27:17,sell_purple_cry,紫色哭脸,live,no_hit,否,164164,already_active,none,
RZLV,3h,2026-03-09 00:27:17,sell_purple_exit,紫色卖出,shadow,no_hit,否,164164,template_miss,shadow,
RZLV,4h,2026-03-09 00:27:55,buy_core,笑笑砖策略,live,no_hit,否,123123,pattern_not_met,none,
RZLV,4h,2026-03-09 00:27:55,buy_plus_red_diamond,买+红砖石,shadow,no_hit,否,,red_ratio_low,shadow,
RZLV,4h,2026-03-09 00:27:55,buy_purple_bottom,紫抄,shadow,no_hit,否,123123,template_miss,shadow,
RZLV,4h,2026-03-09 00:27:55,sell_purple_cry,紫色哭脸,live,no_hit,否,123123,template_miss,none,
RZLV,4h,2026-03-09 00:27:55,sell_purple_exit,紫色卖出,shadow,no_hit,否,123123,template_miss,shadow,
SOXS,1h,2026-03-09 00:28:49,buy_core,笑笑砖策略,live,no_hit,否,492495,pattern_not_met,none,
SOXS,1h,2026-03-09 00:28:49,buy_plus_red_diamond,买+红砖石,shadow,no_hit,否,,red_ratio_low,shadow,
SOXS,1h,2026-03-09 00:28:49,buy_purple_bottom,紫抄,shadow,no_hit,否,492495,template_miss,shadow,
SOXS,1h,2026-03-09 00:28:49,sell_purple_cry,紫色哭脸,live,no_hit,否,492495,template_miss,none,
SOXS,1h,2026-03-09 00:28:49,sell_purple_exit,紫色卖出,shadow,no_hit,否,492495,template_miss,shadow,
SOXS,2h,2026-03-09 00:29:29,buy_core,笑笑砖策略,live,no_hit,否,246247,pattern_not_met,none,
SOXS,2h,2026-03-09 00:29:29,buy_plus_red_diamond,买+红砖石,shadow,no_hit,否,,red_ratio_low,shadow,
SOXS,2h,2026-03-09 00:29:29,buy_purple_bottom,紫抄,shadow,no_hit,否,246247,template_miss,shadow,
SOXS,2h,2026-03-09 00:29:29,sell_purple_cry,紫色哭脸,live,no_hit,否,246247,template_miss,none,
SOXS,2h,2026-03-09 00:29:29,sell_purple_exit,紫色卖出,shadow,no_hit,否,246247,template_miss,shadow,
SOXS,3h,2026-03-09 00:30:01,buy_core,笑笑砖策略,live,no_hit,否,164164,pattern_not_met,none,
SOXS,3h,2026-03-09 00:30:01,buy_plus_red_diamond,买+红砖石,shadow,no_hit,否,,red_ratio_low,shadow,
SOXS,3h,2026-03-09 00:30:01,buy_purple_bottom,紫抄,shadow,no_hit,否,164164,template_miss,shadow,
SOXS,3h,2026-03-09 00:30:01,sell_purple_cry,紫色哭脸,live,no_hit,否,164164,template_miss,none,
SOXS,3h,2026-03-09 00:30:01,sell_purple_exit,紫色卖出,shadow,no_hit,否,164164,template_miss,shadow,
SOXS,4h,2026-03-09 00:30:29,buy_core,笑笑砖策略,live,no_hit,否,123123,pattern_not_met,none,
SOXS,4h,2026-03-09 00:30:29,buy_plus_red_diamond,买+红砖石,shadow,no_hit,否,,red_ratio_low,shadow,
SOXS,4h,2026-03-09 00:30:29,buy_purple_bottom,紫抄,shadow,no_hit,否,123123,template_miss,shadow,
SOXS,4h,2026-03-09 00:30:29,sell_purple_cry,紫色哭脸,live,no_hit,否,123123,purple_ratio_low,none,
SOXS,4h,2026-03-09 00:30:29,sell_purple_exit,紫色卖出,shadow,no_hit,否,123123,template_miss,shadow,
STM,1h,2026-03-09 00:31:16,buy_core,笑笑砖策略,live,no_hit,否,492495,pattern_not_met,none,
STM,1h,2026-03-09 00:31:16,buy_plus_red_diamond,买+红砖石,shadow,no_hit,否,,red_ratio_low,shadow,
STM,1h,2026-03-09 00:31:16,buy_purple_bottom,紫抄,shadow,no_hit,否,492495,template_miss,shadow,
STM,1h,2026-03-09 00:31:16,sell_purple_cry,紫色哭脸,live,no_hit,否,492495,template_miss,none,
STM,1h,2026-03-09 00:31:16,sell_purple_exit,紫色卖出,shadow,no_hit,否,492495,template_miss,shadow,
STM,2h,2026-03-09 00:31:48,buy_core,笑笑砖策略,live,no_hit,否,246247,pattern_not_met,none,
STM,2h,2026-03-09 00:31:48,buy_plus_red_diamond,买+红砖石,shadow,no_hit,否,,red_ratio_low,shadow,
STM,2h,2026-03-09 00:31:48,buy_purple_bottom,紫抄,shadow,no_hit,否,246247,template_miss,shadow,
STM,2h,2026-03-09 00:31:48,sell_purple_cry,紫色哭脸,live,no_hit,否,246247,template_miss,none,
STM,2h,2026-03-09 00:31:48,sell_purple_exit,紫色卖出,shadow,no_hit,否,246247,template_miss,shadow,
STM,3h,2026-03-09 00:32:54,buy_core,笑笑砖策略,live,no_hit,否,164164,pattern_not_met,none,
STM,3h,2026-03-09 00:32:54,buy_plus_red_diamond,买+红砖石,shadow,no_hit,否,,red_ratio_low,shadow,
STM,3h,2026-03-09 00:32:54,buy_purple_bottom,紫抄,shadow,no_hit,否,164164,template_miss,shadow,
STM,3h,2026-03-09 00:32:54,sell_purple_cry,紫色哭脸,live,no_hit,否,164164,template_miss,none,
STM,3h,2026-03-09 00:32:54,sell_purple_exit,紫色卖出,shadow,no_hit,否,164164,template_miss,shadow,
STM,4h,2026-03-09 00:34:18,buy_core,笑笑砖策略,live,no_hit,否,123123,pattern_not_met,none,
STM,4h,2026-03-09 00:34:18,buy_plus_red_diamond,买+红砖石,shadow,no_hit,否,,red_ratio_low,shadow,
STM,4h,2026-03-09 00:34:18,buy_purple_bottom,紫抄,shadow,no_hit,否,123123,template_miss,shadow,
STM,4h,2026-03-09 00:34:18,sell_purple_cry,紫色哭脸,live,no_hit,否,123123,template_miss,none,
STM,4h,2026-03-09 00:34:18,sell_purple_exit,紫色卖出,shadow,no_hit,否,123123,template_miss,shadow,
TSLA,1h,2026-03-09 00:34:55,buy_core,笑笑砖策略,live,no_hit,否,492495,pattern_not_met,none,
TSLA,1h,2026-03-09 00:34:55,buy_plus_red_diamond,买+红砖石,shadow,no_hit,否,,template_miss,shadow,
TSLA,1h,2026-03-09 00:34:55,buy_purple_bottom,紫抄,shadow,no_hit,否,492495,template_miss,shadow,
TSLA,1h,2026-03-09 00:34:55,sell_purple_cry,紫色哭脸,live,no_hit,否,492495,template_miss,none,
TSLA,1h,2026-03-09 00:34:55,sell_purple_exit,紫色卖出,shadow,no_hit,否,492495,template_miss,shadow,
TSLA,2h,2026-03-09 00:35:34,buy_core,笑笑砖策略,live,no_hit,否,246247,pattern_not_met,none,
TSLA,2h,2026-03-09 00:35:34,buy_plus_red_diamond,买+红砖石,shadow,no_hit,否,,red_ratio_low,shadow,
TSLA,2h,2026-03-09 00:35:34,buy_purple_bottom,紫抄,shadow,no_hit,否,246247,template_miss,shadow,
TSLA,2h,2026-03-09 00:35:34,sell_purple_cry,紫色哭脸,live,no_hit,否,246247,template_miss,none,
TSLA,2h,2026-03-09 00:35:34,sell_purple_exit,紫色卖出,shadow,no_hit,否,246247,template_miss,shadow,
TSLA,3h,2026-03-09 00:36:07,buy_core,笑笑砖策略,live,no_hit,否,164164,pattern_not_met,none,
TSLA,3h,2026-03-09 00:36:07,buy_plus_red_diamond,买+红砖石,shadow,no_hit,否,,template_miss,shadow,
TSLA,3h,2026-03-09 00:36:07,buy_purple_bottom,紫抄,shadow,no_hit,否,164164,template_miss,shadow,
TSLA,3h,2026-03-09 00:36:07,sell_purple_cry,紫色哭脸,live,no_hit,否,164164,template_miss,none,
TSLA,3h,2026-03-09 00:36:07,sell_purple_exit,紫色卖出,shadow,no_hit,否,164164,template_miss,shadow,
TSLA,4h,2026-03-09 00:36:46,buy_core,笑笑砖策略,live,no_hit,否,123123,pattern_not_met,none,
TSLA,4h,2026-03-09 00:36:46,buy_plus_red_diamond,买+红砖石,shadow,no_hit,否,,red_ratio_low,shadow,
TSLA,4h,2026-03-09 00:36:46,buy_purple_bottom,紫抄,shadow,no_hit,否,123123,template_miss,shadow,
TSLA,4h,2026-03-09 00:36:46,sell_purple_cry,紫色哭脸,live,no_hit,否,123123,template_miss,none,
TSLA,4h,2026-03-09 00:36:46,sell_purple_exit,紫色卖出,shadow,no_hit,否,123123,template_miss,shadow,
TSLQ,1h,2026-03-09 00:37:40,buy_core,笑笑砖策略,live,no_hit,否,492495,pattern_not_met,none,
TSLQ,1h,2026-03-09 00:37:40,buy_plus_red_diamond,买+红砖石,shadow,no_hit,否,,template_miss,shadow,
TSLQ,1h,2026-03-09 00:37:40,buy_purple_bottom,紫抄,shadow,no_hit,否,492495,template_miss,shadow,
TSLQ,1h,2026-03-09 00:37:40,sell_purple_cry,紫色哭脸,live,no_hit,否,492495,template_miss,none,
TSLQ,1h,2026-03-09 00:37:40,sell_purple_exit,紫色卖出,shadow,no_hit,否,492495,template_miss,shadow,
TSLQ,2h,2026-03-09 00:38:29,buy_core,笑笑砖策略,live,no_hit,否,246247,pattern_not_met,none,
TSLQ,2h,2026-03-09 00:38:29,buy_plus_red_diamond,买+红砖石,shadow,no_hit,否,,red_ratio_low,shadow,
TSLQ,2h,2026-03-09 00:38:29,buy_purple_bottom,紫抄,shadow,no_hit,否,246247,template_miss,shadow,
TSLQ,2h,2026-03-09 00:38:29,sell_purple_cry,紫色哭脸,live,no_hit,否,246247,template_miss,none,
TSLQ,2h,2026-03-09 00:38:29,sell_purple_exit,紫色卖出,shadow,no_hit,否,246247,template_miss,shadow,
TSLQ,3h,2026-03-09 00:39:19,buy_core,笑笑砖策略,live,no_hit,否,164164,pattern_not_met,none,
TSLQ,3h,2026-03-09 00:39:19,buy_plus_red_diamond,买+红砖石,shadow,no_hit,否,,red_ratio_low,shadow,
TSLQ,3h,2026-03-09 00:39:19,buy_purple_bottom,紫抄,shadow,no_hit,否,164164,template_miss,shadow,
TSLQ,3h,2026-03-09 00:39:19,sell_purple_cry,紫色哭脸,live,no_hit,否,164164,template_miss,none,
TSLQ,3h,2026-03-09 00:39:19,sell_purple_exit,紫色卖出,shadow,no_hit,否,164164,template_miss,shadow,
TSLQ,4h,2026-03-09 00:40:04,buy_core,笑笑砖策略,live,no_hit,否,123123,pattern_not_met,none,
TSLQ,4h,2026-03-09 00:40:04,buy_plus_red_diamond,买+红砖石,shadow,no_hit,否,,red_ratio_low,shadow,
TSLQ,4h,2026-03-09 00:40:04,buy_purple_bottom,紫抄,shadow,no_hit,否,123123,template_miss,shadow,
TSLQ,4h,2026-03-09 00:40:04,sell_purple_cry,紫色哭脸,live,no_hit,否,123123,template_miss,none,
TSLQ,4h,2026-03-09 00:40:04,sell_purple_exit,紫色卖出,shadow,no_hit,否,123123,template_miss,shadow,
UVIX,1h,2026-03-09 00:40:37,buy_core,笑笑砖策略,live,no_hit,否,492495,pattern_not_met,none,
UVIX,1h,2026-03-09 00:40:37,buy_plus_red_diamond,买+红砖石,shadow,no_hit,否,,red_ratio_low,shadow,
UVIX,1h,2026-03-09 00:40:37,buy_purple_bottom,紫抄,shadow,no_hit,否,492495,template_miss,shadow,
UVIX,1h,2026-03-09 00:40:37,sell_purple_cry,紫色哭脸,live,no_hit,否,492495,template_miss,none,
UVIX,1h,2026-03-09 00:40:37,sell_purple_exit,紫色卖出,shadow,no_hit,否,492495,template_miss,shadow,
UVIX,2h,2026-03-09 00:41:10,buy_core,笑笑砖策略,live,no_hit,否,246247,pattern_not_met,none,
UVIX,2h,2026-03-09 00:41:10,buy_plus_red_diamond,买+红砖石,shadow,no_hit,否,,red_ratio_low,shadow,
UVIX,2h,2026-03-09 00:41:10,buy_purple_bottom,紫抄,shadow,no_hit,否,246247,template_miss,shadow,
UVIX,2h,2026-03-09 00:41:10,sell_purple_cry,紫色哭脸,live,no_hit,否,246247,template_miss,none,
UVIX,2h,2026-03-09 00:41:10,sell_purple_exit,紫色卖出,shadow,no_hit,否,246247,template_miss,shadow,
UVIX,3h,2026-03-09 00:41:48,buy_core,笑笑砖策略,live,no_hit,否,164164,pattern_not_met,none,
UVIX,3h,2026-03-09 00:41:48,buy_plus_red_diamond,买+红砖石,shadow,no_hit,否,,red_ratio_low,shadow,
UVIX,3h,2026-03-09 00:41:48,buy_purple_bottom,紫抄,shadow,no_hit,否,164164,template_miss,shadow,
UVIX,3h,2026-03-09 00:41:48,sell_purple_cry,紫色哭脸,live,no_hit,否,164164,template_miss,none,
UVIX,3h,2026-03-09 00:41:48,sell_purple_exit,紫色卖出,shadow,no_hit,否,164164,template_miss,shadow,
UVIX,4h,2026-03-09 00:42:15,buy_core,笑笑砖策略,live,no_hit,否,123123,pattern_not_met,none,
UVIX,4h,2026-03-09 00:42:15,buy_plus_red_diamond,买+红砖石,shadow,no_hit,否,,red_ratio_low,shadow,
UVIX,4h,2026-03-09 00:42:15,buy_purple_bottom,紫抄,shadow,no_hit,否,123123,template_miss,shadow,
UVIX,4h,2026-03-09 00:42:15,sell_purple_cry,紫色哭脸,live,no_hit,否,123123,purple_ratio_low,none,
UVIX,4h,2026-03-09 00:42:15,sell_purple_exit,紫色卖出,shadow,no_hit,否,123123,template_miss,shadow,
WDC,1h,2026-03-09 00:42:45,buy_core,笑笑砖策略,live,no_hit,否,492495,pattern_not_met,none,
WDC,1h,2026-03-09 00:42:45,buy_plus_red_diamond,买+红砖石,shadow,no_hit,否,,red_ratio_low,shadow,
WDC,1h,2026-03-09 00:42:45,buy_purple_bottom,紫抄,shadow,no_hit,否,492495,template_miss,shadow,
WDC,1h,2026-03-09 00:42:45,sell_purple_cry,紫色哭脸,live,no_hit,否,492495,template_miss,none,
WDC,1h,2026-03-09 00:42:45,sell_purple_exit,紫色卖出,shadow,no_hit,否,492495,template_miss,shadow,
WDC,2h,2026-03-09 00:43:17,buy_core,笑笑砖策略,live,no_hit,否,246247,pattern_not_met,none,
WDC,2h,2026-03-09 00:43:17,buy_plus_red_diamond,买+红砖石,shadow,no_hit,否,,red_ratio_low,shadow,
WDC,2h,2026-03-09 00:43:17,buy_purple_bottom,紫抄,shadow,no_hit,否,246247,template_miss,shadow,
WDC,2h,2026-03-09 00:43:17,sell_purple_cry,紫色哭脸,live,no_hit,否,246247,template_miss,none,
WDC,2h,2026-03-09 00:43:17,sell_purple_exit,紫色卖出,shadow,no_hit,否,246247,template_miss,shadow,
WDC,3h,2026-03-09 00:43:49,buy_core,笑笑砖策略,live,no_hit,否,164164,pattern_not_met,none,
WDC,3h,2026-03-09 00:43:49,buy_plus_red_diamond,买+红砖石,shadow,no_hit,否,,red_ratio_low,shadow,
WDC,3h,2026-03-09 00:43:49,buy_purple_bottom,紫抄,shadow,no_hit,否,164164,template_miss,shadow,
WDC,3h,2026-03-09 00:43:49,sell_purple_cry,紫色哭脸,live,no_hit,否,164164,template_miss,none,
WDC,3h,2026-03-09 00:43:49,sell_purple_exit,紫色卖出,shadow,no_hit,否,164164,template_miss,shadow,
WDC,4h,2026-03-09 00:45:09,buy_core,笑笑砖策略,live,no_hit,否,123123,pattern_not_met,none,
WDC,4h,2026-03-09 00:45:09,buy_plus_red_diamond,买+红砖石,shadow,no_hit,否,,template_miss,shadow,
WDC,4h,2026-03-09 00:45:09,buy_purple_bottom,紫抄,shadow,no_hit,否,123123,template_miss,shadow,
WDC,4h,2026-03-09 00:45:09,sell_purple_cry,紫色哭脸,live,no_hit,否,123123,template_miss,none,
WDC,4h,2026-03-09 00:45:09,sell_purple_exit,紫色卖出,shadow,no_hit,否,123123,template_miss,shadow,
ZSL,1h,2026-03-09 00:45:43,buy_core,笑笑砖策略,live,no_hit,否,492495,pattern_not_met,none,
ZSL,1h,2026-03-09 00:45:43,buy_plus_red_diamond,买+红砖石,shadow,no_hit,否,,template_miss,shadow,
ZSL,1h,2026-03-09 00:45:43,buy_purple_bottom,紫抄,shadow,no_hit,否,492495,template_miss,shadow,
ZSL,1h,2026-03-09 00:45:43,sell_purple_cry,紫色哭脸,live,no_hit,否,492495,template_miss,none,
ZSL,1h,2026-03-09 00:45:43,sell_purple_exit,紫色卖出,shadow,no_hit,否,492495,template_miss,shadow,
ZSL,2h,2026-03-09 00:46:39,buy_core,笑笑砖策略,live,no_hit,否,246247,pattern_not_met,none,
ZSL,2h,2026-03-09 00:46:39,buy_plus_red_diamond,买+红砖石,shadow,no_hit,否,,red_ratio_low,shadow,
ZSL,2h,2026-03-09 00:46:39,buy_purple_bottom,紫抄,shadow,no_hit,否,246247,template_miss,shadow,
ZSL,2h,2026-03-09 00:46:39,sell_purple_cry,紫色哭脸,live,no_hit,否,246247,purple_ratio_low,none,
ZSL,2h,2026-03-09 00:46:39,sell_purple_exit,紫色卖出,shadow,no_hit,否,246247,template_miss,shadow,
ZSL,3h,2026-03-09 00:48:10,buy_core,笑笑砖策略,live,no_hit,否,164164,pattern_not_met,none,
ZSL,3h,2026-03-09 00:48:10,buy_plus_red_diamond,买+红砖石,shadow,no_hit,否,,red_ratio_low,shadow,
ZSL,3h,2026-03-09 00:48:10,buy_purple_bottom,紫抄,shadow,no_hit,否,164164,template_miss,shadow,
ZSL,3h,2026-03-09 00:48:10,sell_purple_cry,紫色哭脸,live,no_hit,否,164164,template_miss,none,
ZSL,3h,2026-03-09 00:48:10,sell_purple_exit,紫色卖出,shadow,no_hit,否,164164,template_miss,shadow,
ZSL,4h,2026-03-09 00:49:43,buy_core,笑笑砖策略,live,no_hit,否,123123,pattern_not_met,none,
ZSL,4h,2026-03-09 00:49:43,buy_plus_red_diamond,买+红砖石,shadow,no_hit,否,,red_ratio_low,shadow,
ZSL,4h,2026-03-09 00:49:43,buy_purple_bottom,紫抄,shadow,no_hit,否,123123,template_miss,shadow,
ZSL,4h,2026-03-09 00:49:43,sell_purple_cry,紫色哭脸,live,no_hit,否,123123,template_miss,none,
ZSL,4h,2026-03-09 00:49:43,sell_purple_exit,紫色卖出,shadow,no_hit,否,123123,template_miss,shadow,
BILI,1h,2026-03-09 01:00:32,buy_core,笑笑砖策略,live,no_hit,否,492495,pattern_not_met,none,
BILI,1h,2026-03-09 01:00:32,buy_plus_red_diamond,买+红砖石,shadow,no_hit,否,,red_ratio_low,shadow,
BILI,1h,2026-03-09 01:00:32,buy_purple_bottom,紫抄,shadow,no_hit,否,492495,template_miss,shadow,
BILI,1h,2026-03-09 01:00:32,sell_purple_cry,紫色哭脸,live,no_hit,否,492495,template_miss,none,
BILI,1h,2026-03-09 01:00:32,sell_purple_exit,紫色卖出,shadow,no_hit,否,492495,template_miss,shadow,
BILI,2h,2026-03-09 01:01:41,buy_core,笑笑砖策略,live,no_hit,否,246247,pattern_not_met,none,
BILI,2h,2026-03-09 01:01:41,buy_plus_red_diamond,买+红砖石,shadow,no_hit,否,,template_miss,shadow,
BILI,2h,2026-03-09 01:01:41,buy_purple_bottom,紫抄,shadow,no_hit,否,246247,template_miss,shadow,
BILI,2h,2026-03-09 01:01:41,sell_purple_cry,紫色哭脸,live,no_hit,否,246247,template_miss,none,
BILI,2h,2026-03-09 01:01:41,sell_purple_exit,紫色卖出,shadow,no_hit,否,246247,template_miss,shadow,
BILI,3h,2026-03-09 01:02:53,buy_core,笑笑砖策略,live,no_hit,否,164164,pattern_not_met,none,
BILI,3h,2026-03-09 01:02:53,buy_plus_red_diamond,买+红砖石,shadow,no_hit,否,,template_miss,shadow,
BILI,3h,2026-03-09 01:02:53,buy_purple_bottom,紫抄,shadow,no_hit,否,164164,template_miss,shadow,
BILI,3h,2026-03-09 01:02:53,sell_purple_cry,紫色哭脸,live,no_hit,否,164164,template_miss,none,
BILI,3h,2026-03-09 01:02:53,sell_purple_exit,紫色卖出,shadow,no_hit,否,164164,template_miss,shadow,
BILI,4h,2026-03-09 01:04:25,buy_core,笑笑砖策略,live,no_hit,否,123123,pattern_not_met,none,
BILI,4h,2026-03-09 01:04:25,buy_plus_red_diamond,买+红砖石,shadow,no_hit,否,,red_ratio_low,shadow,
BILI,4h,2026-03-09 01:04:25,buy_purple_bottom,紫抄,shadow,no_hit,否,123123,template_miss,shadow,
BILI,4h,2026-03-09 01:04:25,sell_purple_cry,紫色哭脸,live,no_hit,否,123123,template_miss,none,
BILI,4h,2026-03-09 01:04:25,sell_purple_exit,紫色卖出,shadow,no_hit,否,123123,template_miss,shadow,
CONI,1h,2026-03-09 01:05:24,buy_core,笑笑砖策略,live,no_hit,否,492496,pattern_not_met,none,
CONI,1h,2026-03-09 01:05:24,buy_plus_red_diamond,买+红砖石,shadow,no_hit,否,,red_ratio_low,shadow,
CONI,1h,2026-03-09 01:05:24,buy_purple_bottom,紫抄,shadow,no_hit,否,492496,template_miss,shadow,
CONI,1h,2026-03-09 01:05:24,sell_purple_cry,紫色哭脸,live,no_hit,否,492496,template_miss,none,
CONI,1h,2026-03-09 01:05:24,sell_purple_exit,紫色卖出,shadow,no_hit,否,492496,template_miss,shadow,
CONI,2h,2026-03-09 01:06:15,buy_core,笑笑砖策略,live,no_hit,否,246247,pattern_not_met,none,
CONI,2h,2026-03-09 01:06:15,buy_plus_red_diamond,买+红砖石,shadow,no_hit,否,,red_ratio_low,shadow,
CONI,2h,2026-03-09 01:06:15,buy_purple_bottom,紫抄,shadow,no_hit,否,246247,template_miss,shadow,
CONI,2h,2026-03-09 01:06:15,sell_purple_cry,紫色哭脸,live,no_hit,否,246247,already_active,none,
CONI,2h,2026-03-09 01:06:15,sell_purple_exit,紫色卖出,shadow,no_hit,否,246247,template_miss,shadow,
CONI,3h,2026-03-09 01:06:59,buy_core,笑笑砖策略,live,no_hit,否,164164,pattern_not_met,none,
CONI,3h,2026-03-09 01:06:59,buy_plus_red_diamond,买+红砖石,shadow,no_hit,否,,red_ratio_low,shadow,
CONI,3h,2026-03-09 01:06:59,buy_purple_bottom,紫抄,shadow,no_hit,否,164164,template_miss,shadow,
CONI,3h,2026-03-09 01:06:59,sell_purple_cry,紫色哭脸,live,no_hit,否,164164,already_active,none,
CONI,3h,2026-03-09 01:06:59,sell_purple_exit,紫色卖出,shadow,no_hit,否,164164,template_miss,shadow,
CONI,4h,2026-03-09 01:08:23,buy_core,笑笑砖策略,live,no_hit,否,123123,pattern_not_met,none,
CONI,4h,2026-03-09 01:08:23,buy_plus_red_diamond,买+红砖石,shadow,no_hit,否,,red_ratio_low,shadow,
CONI,4h,2026-03-09 01:08:23,buy_purple_bottom,紫抄,shadow,no_hit,否,123123,template_miss,shadow,
CONI,4h,2026-03-09 01:08:23,sell_purple_cry,紫色哭脸,live,no_hit,否,123123,template_miss,none,
CONI,4h,2026-03-09 01:08:23,sell_purple_exit,紫色卖出,shadow,no_hit,否,123123,template_miss,shadow,
CORD,1h,2026-03-09 01:09:01,buy_core,笑笑砖策略,live,no_hit,否,492496,pattern_not_met,none,
CORD,1h,2026-03-09 01:09:01,buy_plus_red_diamond,买+红砖石,shadow,no_hit,否,,red_ratio_low,shadow,
CORD,1h,2026-03-09 01:09:01,buy_purple_bottom,紫抄,shadow,no_hit,否,492496,template_miss,shadow,
CORD,1h,2026-03-09 01:09:01,sell_purple_cry,紫色哭脸,live,no_hit,否,492496,template_miss,none,
CORD,1h,2026-03-09 01:09:01,sell_purple_exit,紫色卖出,shadow,no_hit,否,492496,template_miss,shadow,
CORD,2h,2026-03-09 01:09:49,buy_core,笑笑砖策略,live,no_hit,否,246247,pattern_not_met,none,
CORD,2h,2026-03-09 01:09:49,buy_plus_red_diamond,买+红砖石,shadow,no_hit,否,,red_ratio_low,shadow,
CORD,2h,2026-03-09 01:09:49,buy_purple_bottom,紫抄,shadow,no_hit,否,246247,template_miss,shadow,
CORD,2h,2026-03-09 01:09:49,sell_purple_cry,紫色哭脸,live,no_hit,否,246247,purple_ratio_low,none,
CORD,2h,2026-03-09 01:09:49,sell_purple_exit,紫色卖出,shadow,no_hit,否,246247,template_miss,shadow,
CORD,3h,2026-03-09 01:10:32,buy_core,笑笑砖策略,live,no_hit,否,164164,pattern_not_met,none,
CORD,3h,2026-03-09 01:10:32,buy_plus_red_diamond,买+红砖石,shadow,no_hit,否,,red_ratio_low,shadow,
CORD,3h,2026-03-09 01:10:32,buy_purple_bottom,紫抄,shadow,no_hit,否,164164,template_miss,shadow,
CORD,3h,2026-03-09 01:10:32,sell_purple_cry,紫色哭脸,live,no_hit,否,164164,already_active,none,
CORD,3h,2026-03-09 01:10:32,sell_purple_exit,紫色卖出,shadow,no_hit,否,164164,template_miss,shadow,
CORD,4h,2026-03-09 01:11:22,buy_core,笑笑砖策略,live,no_hit,否,123123,pattern_not_met,none,
CORD,4h,2026-03-09 01:11:22,buy_plus_red_diamond,买+红砖石,shadow,no_hit,否,,red_ratio_low,shadow,
CORD,4h,2026-03-09 01:11:22,buy_purple_bottom,紫抄,shadow,no_hit,否,123123,template_miss,shadow,
CORD,4h,2026-03-09 01:11:22,sell_purple_cry,紫色哭脸,live,no_hit,否,123123,already_active,none,
CORD,4h,2026-03-09 01:11:22,sell_purple_exit,紫色卖出,shadow,no_hit,否,123123,template_miss,shadow,
CRCD,1h,2026-03-09 01:12:08,buy_core,笑笑砖策略,live,no_hit,否,492496,pattern_not_met,none,
CRCD,1h,2026-03-09 01:12:08,buy_plus_red_diamond,买+红砖石,shadow,no_hit,否,,template_miss,shadow,
CRCD,1h,2026-03-09 01:12:08,buy_purple_bottom,紫抄,shadow,no_hit,否,492496,template_miss,shadow,
CRCD,1h,2026-03-09 01:12:08,sell_purple_cry,紫色哭脸,live,no_hit,否,492496,template_miss,none,
CRCD,1h,2026-03-09 01:12:08,sell_purple_exit,紫色卖出,shadow,no_hit,否,492496,template_miss,shadow,
CRCD,2h,2026-03-09 01:13:08,buy_core,笑笑砖策略,live,no_hit,否,246247,pattern_not_met,none,
CRCD,2h,2026-03-09 01:13:08,buy_plus_red_diamond,买+红砖石,shadow,no_hit,否,,red_ratio_low,shadow,
CRCD,2h,2026-03-09 01:13:08,buy_purple_bottom,紫抄,shadow,no_hit,否,246247,template_miss,shadow,
CRCD,2h,2026-03-09 01:13:08,sell_purple_cry,紫色哭脸,live,no_hit,否,246247,already_active,none,
CRCD,2h,2026-03-09 01:13:08,sell_purple_exit,紫色卖出,shadow,no_hit,否,246247,template_miss,shadow,
CRCD,3h,2026-03-09 01:14:08,buy_core,笑笑砖策略,live,no_hit,否,164164,pattern_not_met,none,
CRCD,3h,2026-03-09 01:14:08,buy_plus_red_diamond,买+红砖石,shadow,no_hit,否,,red_ratio_low,shadow,
CRCD,3h,2026-03-09 01:14:08,buy_purple_bottom,紫抄,shadow,no_hit,否,164164,template_miss,shadow,
CRCD,3h,2026-03-09 01:14:08,sell_purple_cry,紫色哭脸,live,no_hit,否,164164,already_active,none,
CRCD,3h,2026-03-09 01:14:08,sell_purple_exit,紫色卖出,shadow,no_hit,否,164164,template_miss,shadow,
CRCD,4h,2026-03-09 01:15:20,buy_core,笑笑砖策略,live,no_hit,否,123123,pattern_not_met,none,
CRCD,4h,2026-03-09 01:15:20,buy_plus_red_diamond,买+红砖石,shadow,no_hit,否,,red_ratio_low,shadow,
CRCD,4h,2026-03-09 01:15:20,buy_purple_bottom,紫抄,shadow,no_hit,否,123123,template_miss,shadow,
CRCD,4h,2026-03-09 01:15:20,sell_purple_cry,紫色哭脸,live,no_hit,否,123123,template_miss,none,
CRCD,4h,2026-03-09 01:15:20,sell_purple_exit,紫色卖出,shadow,no_hit,否,123123,template_miss,shadow,
CRCL,1h,2026-03-09 01:16:50,buy_core,笑笑砖策略,live,no_hit,否,492496,pattern_not_met,none,
CRCL,1h,2026-03-09 01:16:50,buy_plus_red_diamond,买+红砖石,shadow,no_hit,否,,red_ratio_low,shadow,
CRCL,1h,2026-03-09 01:16:50,buy_purple_bottom,紫抄,shadow,no_hit,否,492496,template_miss,shadow,
CRCL,1h,2026-03-09 01:16:50,sell_purple_cry,紫色哭脸,live,no_hit,否,492496,template_miss,none,
CRCL,1h,2026-03-09 01:16:50,sell_purple_exit,紫色卖出,shadow,no_hit,否,492496,template_miss,shadow,
CRCL,2h,2026-03-09 01:18:03,buy_core,笑笑砖策略,live,no_hit,否,246247,pattern_not_met,none,
CRCL,2h,2026-03-09 01:18:03,buy_plus_red_diamond,买+红砖石,shadow,no_hit,否,,red_ratio_low,shadow,
CRCL,2h,2026-03-09 01:18:03,buy_purple_bottom,紫抄,shadow,no_hit,否,246247,template_miss,shadow,
CRCL,2h,2026-03-09 01:18:03,sell_purple_cry,紫色哭脸,live,no_hit,否,246247,template_miss,none,
CRCL,2h,2026-03-09 01:18:03,sell_purple_exit,紫色卖出,shadow,no_hit,否,246247,template_miss,shadow,
CRCL,3h,2026-03-09 01:19:14,buy_core,笑笑砖策略,live,no_hit,否,164164,pattern_not_met,none,
CRCL,3h,2026-03-09 01:19:14,buy_plus_red_diamond,买+红砖石,shadow,no_hit,否,,red_ratio_low,shadow,
CRCL,3h,2026-03-09 01:19:14,buy_purple_bottom,紫抄,shadow,no_hit,否,164164,template_miss,shadow,
CRCL,3h,2026-03-09 01:19:14,sell_purple_cry,紫色哭脸,live,no_hit,否,164164,template_miss,none,
CRCL,3h,2026-03-09 01:19:14,sell_purple_exit,紫色卖出,shadow,no_hit,否,164164,template_miss,shadow,
CRCL,4h,2026-03-09 01:19:56,buy_core,笑笑砖策略,live,no_hit,否,123123,pattern_not_met,none,
CRCL,4h,2026-03-09 01:19:56,buy_plus_red_diamond,买+红砖石,shadow,no_hit,否,,red_ratio_low,shadow,
CRCL,4h,2026-03-09 01:19:56,buy_purple_bottom,紫抄,shadow,no_hit,否,123123,template_miss,shadow,
CRCL,4h,2026-03-09 01:19:56,sell_purple_cry,紫色哭脸,live,no_hit,否,123123,already_active,none,
CRCL,4h,2026-03-09 01:19:56,sell_purple_exit,紫色卖出,shadow,no_hit,否,123123,template_miss,shadow,
CRDO,1h,2026-03-09 01:20:26,buy_core,笑笑砖策略,live,no_hit,否,492496,pattern_not_met,none,
CRDO,1h,2026-03-09 01:20:26,buy_plus_red_diamond,买+红砖石,shadow,no_hit,否,,red_ratio_low,shadow,
CRDO,1h,2026-03-09 01:20:26,buy_purple_bottom,紫抄,shadow,no_hit,否,492496,template_miss,shadow,
CRDO,1h,2026-03-09 01:20:26,sell_purple_cry,紫色哭脸,live,no_hit,否,492496,template_miss,none,
CRDO,1h,2026-03-09 01:20:26,sell_purple_exit,紫色卖出,shadow,no_hit,否,492496,template_miss,shadow,
CRDO,2h,2026-03-09 01:20:58,buy_core,笑笑砖策略,live,no_hit,否,246247,pattern_not_met,none,
CRDO,2h,2026-03-09 01:20:58,buy_plus_red_diamond,买+红砖石,shadow,no_hit,否,,red_ratio_low,shadow,
CRDO,2h,2026-03-09 01:20:58,buy_purple_bottom,紫抄,shadow,no_hit,否,246247,template_miss,shadow,
CRDO,2h,2026-03-09 01:20:58,sell_purple_cry,紫色哭脸,live,no_hit,否,246247,template_miss,none,
CRDO,2h,2026-03-09 01:20:58,sell_purple_exit,紫色卖出,shadow,no_hit,否,246247,template_miss,shadow,
CRDO,3h,2026-03-09 01:22:14,buy_core,笑笑砖策略,live,no_hit,否,164164,pattern_not_met,none,
CRDO,3h,2026-03-09 01:22:14,buy_plus_red_diamond,买+红砖石,shadow,no_hit,否,,red_ratio_low,shadow,
CRDO,3h,2026-03-09 01:22:14,buy_purple_bottom,紫抄,shadow,no_hit,否,164164,template_miss,shadow,
CRDO,3h,2026-03-09 01:22:14,sell_purple_cry,紫色哭脸,live,no_hit,否,164164,template_miss,none,
CRDO,3h,2026-03-09 01:22:14,sell_purple_exit,紫色卖出,shadow,no_hit,否,164164,template_miss,shadow,
CRDO,4h,2026-03-09 01:22:41,buy_core,笑笑砖策略,live,no_hit,否,123123,pattern_not_met,none,
CRDO,4h,2026-03-09 01:22:41,buy_plus_red_diamond,买+红砖石,shadow,no_hit,否,,red_ratio_low,shadow,
CRDO,4h,2026-03-09 01:22:41,buy_purple_bottom,紫抄,shadow,no_hit,否,123123,template_miss,shadow,
CRDO,4h,2026-03-09 01:22:41,sell_purple_cry,紫色哭脸,live,no_hit,否,123123,template_miss,none,
CRDO,4h,2026-03-09 01:22:41,sell_purple_exit,紫色卖出,shadow,no_hit,否,123123,template_miss,shadow,
CRML,1h,2026-03-09 01:23:00,buy_core,笑笑砖策略,live,no_hit,否,492496,pattern_not_met,none,
CRML,1h,2026-03-09 01:23:00,buy_plus_red_diamond,买+红砖石,shadow,no_hit,否,,red_ratio_low,shadow,
CRML,1h,2026-03-09 01:23:00,buy_purple_bottom,紫抄,shadow,no_hit,否,492496,template_miss,shadow,
CRML,1h,2026-03-09 01:23:00,sell_purple_cry,紫色哭脸,live,no_hit,否,492496,template_miss,none,
CRML,1h,2026-03-09 01:23:00,sell_purple_exit,紫色卖出,shadow,no_hit,否,492496,template_miss,shadow,
CRML,2h,2026-03-09 01:23:21,buy_core,笑笑砖策略,live,no_hit,否,246247,pattern_not_met,none,
CRML,2h,2026-03-09 01:23:21,buy_plus_red_diamond,买+红砖石,shadow,no_hit,否,,red_ratio_low,shadow,
CRML,2h,2026-03-09 01:23:21,buy_purple_bottom,紫抄,shadow,no_hit,否,246247,template_miss,shadow,
CRML,2h,2026-03-09 01:23:21,sell_purple_cry,紫色哭脸,live,no_hit,否,246247,template_miss,none,
CRML,2h,2026-03-09 01:23:21,sell_purple_exit,紫色卖出,shadow,no_hit,否,246247,template_miss,shadow,
CRML,3h,2026-03-09 01:23:42,buy_core,笑笑砖策略,live,no_hit,否,164164,pattern_not_met,none,
CRML,3h,2026-03-09 01:23:42,buy_plus_red_diamond,买+红砖石,shadow,no_hit,否,,red_ratio_low,shadow,
CRML,3h,2026-03-09 01:23:42,buy_purple_bottom,紫抄,shadow,no_hit,否,164164,template_miss,shadow,
CRML,3h,2026-03-09 01:23:42,sell_purple_cry,紫色哭脸,live,no_hit,否,164164,template_miss,none,
CRML,3h,2026-03-09 01:23:42,sell_purple_exit,紫色卖出,shadow,no_hit,否,164164,template_miss,shadow,
CRML,4h,2026-03-09 01:24:39,buy_core,笑笑砖策略,live,no_hit,否,123123,pattern_not_met,none,
CRML,4h,2026-03-09 01:24:39,buy_plus_red_diamond,买+红砖石,shadow,no_hit,否,,red_ratio_low,shadow,
CRML,4h,2026-03-09 01:24:39,buy_purple_bottom,紫抄,shadow,no_hit,否,123123,template_miss,shadow,
CRML,4h,2026-03-09 01:24:39,sell_purple_cry,紫色哭脸,live,no_hit,否,123123,template_miss,none,
CRML,4h,2026-03-09 01:24:39,sell_purple_exit,紫色卖出,shadow,no_hit,否,123123,template_miss,shadow,
DJT,1h,2026-03-09 01:25:02,buy_core,笑笑砖策略,live,no_hit,否,492496,pattern_not_met,none,
DJT,1h,2026-03-09 01:25:02,buy_plus_red_diamond,买+红砖石,shadow,no_hit,否,,red_ratio_low,shadow,
DJT,1h,2026-03-09 01:25:02,buy_purple_bottom,紫抄,shadow,no_hit,否,492496,template_miss,shadow,
DJT,1h,2026-03-09 01:25:02,sell_purple_cry,紫色哭脸,live,no_hit,否,492496,template_miss,none,
DJT,1h,2026-03-09 01:25:02,sell_purple_exit,紫色卖出,shadow,no_hit,否,492496,template_miss,shadow,
DJT,2h,2026-03-09 01:26:34,buy_core,笑笑砖策略,live,no_hit,否,246247,pattern_not_met,none,
DJT,2h,2026-03-09 01:26:34,buy_plus_red_diamond,买+红砖石,shadow,no_hit,否,,red_ratio_low,shadow,
DJT,2h,2026-03-09 01:26:34,buy_purple_bottom,紫抄,shadow,no_hit,否,246247,template_miss,shadow,
DJT,2h,2026-03-09 01:26:34,sell_purple_cry,紫色哭脸,live,no_hit,否,246247,template_miss,none,
DJT,2h,2026-03-09 01:26:34,sell_purple_exit,紫色卖出,shadow,no_hit,否,246247,template_miss,shadow,
DJT,3h,2026-03-09 01:27:14,buy_core,笑笑砖策略,live,no_hit,否,164164,pattern_not_met,none,
DJT,3h,2026-03-09 01:27:14,buy_plus_red_diamond,买+红砖石,shadow,no_hit,否,,red_ratio_low,shadow,
DJT,3h,2026-03-09 01:27:14,buy_purple_bottom,紫抄,shadow,no_hit,否,164164,template_miss,shadow,
DJT,3h,2026-03-09 01:27:14,sell_purple_cry,紫色哭脸,live,no_hit,否,164164,template_miss,none,
DJT,3h,2026-03-09 01:27:14,sell_purple_exit,紫色卖出,shadow,no_hit,否,164164,template_miss,shadow,
DJT,4h,2026-03-09 01:28:46,buy_core,笑笑砖策略,live,no_hit,否,123123,pattern_not_met,none,
DJT,4h,2026-03-09 01:28:46,buy_plus_red_diamond,买+红砖石,shadow,no_hit,否,,red_ratio_low,shadow,
DJT,4h,2026-03-09 01:28:46,buy_purple_bottom,紫抄,shadow,no_hit,否,123123,template_miss,shadow,
DJT,4h,2026-03-09 01:28:46,sell_purple_cry,紫色哭脸,live,no_hit,否,123123,template_miss,none,
DJT,4h,2026-03-09 01:28:46,sell_purple_exit,紫色卖出,shadow,no_hit,否,123123,template_miss,shadow,
DPST,1h,2026-03-09 01:29:56,buy_core,笑笑砖策略,live,no_hit,否,492496,pattern_not_met,none,
DPST,1h,2026-03-09 01:29:56,buy_plus_red_diamond,买+红砖石,shadow,no_hit,否,,template_miss,shadow,
DPST,1h,2026-03-09 01:29:56,buy_purple_bottom,紫抄,shadow,no_hit,否,492496,template_miss,shadow,
DPST,1h,2026-03-09 01:29:56,sell_purple_cry,紫色哭脸,live,no_hit,否,492496,template_miss,none,
DPST,1h,2026-03-09 01:29:56,sell_purple_exit,紫色卖出,shadow,no_hit,否,492496,template_miss,shadow,
DPST,2h,2026-03-09 01:30:33,buy_core,笑笑砖策略,live,no_hit,否,246247,pattern_not_met,none,
DPST,2h,2026-03-09 01:30:33,buy_plus_red_diamond,买+红砖石,shadow,no_hit,否,,red_ratio_low,shadow,
DPST,2h,2026-03-09 01:30:33,buy_purple_bottom,紫抄,shadow,no_hit,否,246247,template_miss,shadow,
DPST,2h,2026-03-09 01:30:33,sell_purple_cry,紫色哭脸,live,no_hit,否,246247,template_miss,none,
DPST,2h,2026-03-09 01:30:33,sell_purple_exit,紫色卖出,shadow,no_hit,否,246247,template_miss,shadow,
DPST,3h,2026-03-09 01:30:57,buy_core,笑笑砖策略,live,no_hit,否,164164,pattern_not_met,none,
DPST,3h,2026-03-09 01:30:57,buy_plus_red_diamond,买+红砖石,shadow,no_hit,否,,red_ratio_low,shadow,
DPST,3h,2026-03-09 01:30:57,buy_purple_bottom,紫抄,shadow,no_hit,否,164164,template_miss,shadow,
DPST,3h,2026-03-09 01:30:57,sell_purple_cry,紫色哭脸,live,no_hit,否,164164,template_miss,none,
DPST,3h,2026-03-09 01:30:57,sell_purple_exit,紫色卖出,shadow,no_hit,否,164164,template_miss,shadow,
DPST,4h,2026-03-09 01:31:17,buy_core,笑笑砖策略,live,no_hit,否,123123,pattern_not_met,none,
DPST,4h,2026-03-09 01:31:17,buy_plus_red_diamond,买+红砖石,shadow,no_hit,否,,red_ratio_low,shadow,
DPST,4h,2026-03-09 01:31:17,buy_purple_bottom,紫抄,shadow,no_hit,否,123123,template_miss,shadow,
DPST,4h,2026-03-09 01:31:17,sell_purple_cry,紫色哭脸,live,no_hit,否,123123,purple_ratio_low,none,
DPST,4h,2026-03-09 01:31:17,sell_purple_exit,紫色卖出,shadow,no_hit,否,123123,template_miss,shadow,
INTC,1h,2026-03-09 01:31:55,buy_core,笑笑砖策略,live,no_hit,否,492496,pattern_not_met,none,
INTC,1h,2026-03-09 01:31:55,buy_plus_red_diamond,买+红砖石,shadow,no_hit,否,,red_ratio_low,shadow,
INTC,1h,2026-03-09 01:31:55,buy_purple_bottom,紫抄,shadow,no_hit,否,492496,template_miss,shadow,
INTC,1h,2026-03-09 01:31:55,sell_purple_cry,紫色哭脸,live,no_hit,否,492496,template_miss,none,
INTC,1h,2026-03-09 01:31:55,sell_purple_exit,紫色卖出,shadow,no_hit,否,492496,template_miss,shadow,
INTC,2h,2026-03-09 01:32:35,buy_core,笑笑砖策略,live,no_hit,否,246247,pattern_not_met,none,
INTC,2h,2026-03-09 01:32:35,buy_plus_red_diamond,买+红砖石,shadow,no_hit,否,,red_ratio_low,shadow,
INTC,2h,2026-03-09 01:32:35,buy_purple_bottom,紫抄,shadow,no_hit,否,246247,template_miss,shadow,
INTC,2h,2026-03-09 01:32:35,sell_purple_cry,紫色哭脸,live,no_hit,否,246247,template_miss,none,
INTC,2h,2026-03-09 01:32:35,sell_purple_exit,紫色卖出,shadow,no_hit,否,246247,template_miss,shadow,
INTC,3h,2026-03-09 01:34:00,buy_core,笑笑砖策略,live,no_hit,否,164164,pattern_not_met,none,
INTC,3h,2026-03-09 01:34:00,buy_plus_red_diamond,买+红砖石,shadow,no_hit,否,,red_ratio_low,shadow,
INTC,3h,2026-03-09 01:34:00,buy_purple_bottom,紫抄,shadow,no_hit,否,164164,template_miss,shadow,
INTC,3h,2026-03-09 01:34:00,sell_purple_cry,紫色哭脸,live,no_hit,否,164164,template_miss,none,
INTC,3h,2026-03-09 01:34:00,sell_purple_exit,紫色卖出,shadow,no_hit,否,164164,template_miss,shadow,
INTC,4h,2026-03-09 01:34:18,buy_core,笑笑砖策略,live,no_hit,否,123123,pattern_not_met,none,
INTC,4h,2026-03-09 01:34:18,buy_plus_red_diamond,买+红砖石,shadow,no_hit,否,,red_ratio_low,shadow,
INTC,4h,2026-03-09 01:34:18,buy_purple_bottom,紫抄,shadow,no_hit,否,123123,template_miss,shadow,
INTC,4h,2026-03-09 01:34:18,sell_purple_cry,紫色哭脸,live,no_hit,否,123123,already_active,none,
INTC,4h,2026-03-09 01:34:18,sell_purple_exit,紫色卖出,shadow,no_hit,否,123123,template_miss,shadow,
KOLD,1h,2026-03-09 01:35:07,buy_core,笑笑砖策略,live,no_hit,否,492496,pattern_not_met,none,
KOLD,1h,2026-03-09 01:35:07,buy_plus_red_diamond,买+红砖石,shadow,no_hit,否,,red_ratio_low,shadow,
KOLD,1h,2026-03-09 01:35:07,buy_purple_bottom,紫抄,shadow,no_hit,否,492496,template_miss,shadow,
KOLD,1h,2026-03-09 01:35:07,sell_purple_cry,紫色哭脸,live,no_hit,否,492496,template_miss,none,
KOLD,1h,2026-03-09 01:35:07,sell_purple_exit,紫色卖出,shadow,no_hit,否,492496,template_miss,shadow,
KOLD,2h,2026-03-09 01:35:33,buy_core,笑笑砖策略,live,no_hit,否,246247,pattern_not_met,none,
KOLD,2h,2026-03-09 01:35:33,buy_plus_red_diamond,买+红砖石,shadow,no_hit,否,,red_ratio_low,shadow,
KOLD,2h,2026-03-09 01:35:33,buy_purple_bottom,紫抄,shadow,no_hit,否,246247,template_miss,shadow,
KOLD,2h,2026-03-09 01:35:33,sell_purple_cry,紫色哭脸,live,no_hit,否,246247,template_miss,none,
KOLD,2h,2026-03-09 01:35:33,sell_purple_exit,紫色卖出,shadow,no_hit,否,246247,template_miss,shadow,
KOLD,3h,2026-03-09 01:36:46,buy_core,笑笑砖策略,live,no_hit,否,164164,pattern_not_met,none,
KOLD,3h,2026-03-09 01:36:46,buy_plus_red_diamond,买+红砖石,shadow,no_hit,否,,red_ratio_low,shadow,
KOLD,3h,2026-03-09 01:36:46,buy_purple_bottom,紫抄,shadow,no_hit,否,164164,template_miss,shadow,
KOLD,3h,2026-03-09 01:36:46,sell_purple_cry,紫色哭脸,live,no_hit,否,164164,template_miss,none,
KOLD,3h,2026-03-09 01:36:46,sell_purple_exit,紫色卖出,shadow,no_hit,否,164164,template_miss,shadow,
KOLD,4h,2026-03-09 01:37:08,buy_core,笑笑砖策略,live,no_hit,否,123123,pattern_not_met,none,
KOLD,4h,2026-03-09 01:37:08,buy_plus_red_diamond,买+红砖石,shadow,no_hit,否,,red_ratio_low,shadow,
KOLD,4h,2026-03-09 01:37:08,buy_purple_bottom,紫抄,shadow,no_hit,否,123123,template_miss,shadow,
KOLD,4h,2026-03-09 01:37:08,sell_purple_cry,紫色哭脸,live,no_hit,否,123123,template_miss,none,
KOLD,4h,2026-03-09 01:37:08,sell_purple_exit,紫色卖出,shadow,no_hit,否,123123,template_miss,shadow,
LMND,1h,2026-03-09 01:38:00,buy_core,笑笑砖策略,live,no_hit,否,492496,pattern_not_met,none,
LMND,1h,2026-03-09 01:38:00,buy_plus_red_diamond,买+红砖石,shadow,no_hit,否,,red_ratio_low,shadow,
LMND,1h,2026-03-09 01:38:00,buy_purple_bottom,紫抄,shadow,no_hit,否,492496,template_miss,shadow,
LMND,1h,2026-03-09 01:38:00,sell_purple_cry,紫色哭脸,live,no_hit,否,492496,template_miss,none,
LMND,1h,2026-03-09 01:38:00,sell_purple_exit,紫色卖出,shadow,no_hit,否,492496,template_miss,shadow,
LMND,2h,2026-03-09 01:38:40,buy_core,笑笑砖策略,live,no_hit,否,246247,pattern_not_met,none,
LMND,2h,2026-03-09 01:38:40,buy_plus_red_diamond,买+红砖石,shadow,no_hit,否,,red_ratio_low,shadow,
LMND,2h,2026-03-09 01:38:40,buy_purple_bottom,紫抄,shadow,no_hit,否,246247,template_miss,shadow,
LMND,2h,2026-03-09 01:38:40,sell_purple_cry,紫色哭脸,live,no_hit,否,246247,already_active,none,
LMND,2h,2026-03-09 01:38:40,sell_purple_exit,紫色卖出,shadow,no_hit,否,246247,template_miss,shadow,
LMND,3h,2026-03-09 01:40:08,buy_core,笑笑砖策略,live,no_hit,否,164164,pattern_not_met,none,
LMND,3h,2026-03-09 01:40:08,buy_plus_red_diamond,买+红砖石,shadow,no_hit,否,,template_miss,shadow,
LMND,3h,2026-03-09 01:40:08,buy_purple_bottom,紫抄,shadow,no_hit,否,164164,template_miss,shadow,
LMND,3h,2026-03-09 01:40:08,sell_purple_cry,紫色哭脸,live,no_hit,否,164164,template_miss,none,
LMND,3h,2026-03-09 01:40:08,sell_purple_exit,紫色卖出,shadow,no_hit,否,164164,template_miss,shadow,
LMND,4h,2026-03-09 01:40:39,buy_core,笑笑砖策略,live,no_hit,否,123123,pattern_not_met,none,
LMND,4h,2026-03-09 01:40:39,buy_plus_red_diamond,买+红砖石,shadow,no_hit,否,,red_ratio_low,shadow,
LMND,4h,2026-03-09 01:40:39,buy_purple_bottom,紫抄,shadow,no_hit,否,123123,template_miss,shadow,
LMND,4h,2026-03-09 01:40:39,sell_purple_cry,紫色哭脸,live,no_hit,否,123123,already_active,none,
LMND,4h,2026-03-09 01:40:39,sell_purple_exit,紫色卖出,shadow,no_hit,否,123123,template_miss,shadow,
MP,1h,2026-03-09 01:41:34,buy_core,笑笑砖策略,live,no_hit,否,492496,pattern_not_met,none,
MP,1h,2026-03-09 01:41:34,buy_plus_red_diamond,买+红砖石,shadow,no_hit,否,,template_miss,shadow,
MP,1h,2026-03-09 01:41:34,buy_purple_bottom,紫抄,shadow,no_hit,否,492496,template_miss,shadow,
MP,1h,2026-03-09 01:41:34,sell_purple_cry,紫色哭脸,live,no_hit,否,492496,template_miss,none,
MP,1h,2026-03-09 01:41:34,sell_purple_exit,紫色卖出,shadow,no_hit,否,492496,template_miss,shadow,
MP,2h,2026-03-09 01:42:29,buy_core,笑笑砖策略,live,no_hit,否,246247,pattern_not_met,none,
MP,2h,2026-03-09 01:42:29,buy_plus_red_diamond,买+红砖石,shadow,no_hit,否,,template_miss,shadow,
MP,2h,2026-03-09 01:42:29,buy_purple_bottom,紫抄,shadow,no_hit,否,246247,template_miss,shadow,
MP,2h,2026-03-09 01:42:29,sell_purple_cry,紫色哭脸,live,no_hit,否,246247,template_miss,none,
MP,2h,2026-03-09 01:42:29,sell_purple_exit,紫色卖出,shadow,no_hit,否,246247,template_miss,shadow,
MP,3h,2026-03-09 01:43:32,buy_core,笑笑砖策略,live,no_hit,否,164164,pattern_not_met,none,
MP,3h,2026-03-09 01:43:32,buy_plus_red_diamond,买+红砖石,shadow,no_hit,否,,template_miss,shadow,
MP,3h,2026-03-09 01:43:32,buy_purple_bottom,紫抄,shadow,no_hit,否,164164,template_miss,shadow,
MP,3h,2026-03-09 01:43:32,sell_purple_cry,紫色哭脸,live,no_hit,否,164164,template_miss,none,
MP,3h,2026-03-09 01:43:32,sell_purple_exit,紫色卖出,shadow,no_hit,否,164164,template_miss,shadow,
MP,4h,2026-03-09 01:43:54,buy_core,笑笑砖策略,live,hit,是,123123,repeat_suppressed,repeat_suppressed,C:\Users\Administrator\Desktop\futu_combo_watch\output\hit_MP_4h_buy_core_20260309_014332.png
MP,4h,2026-03-09 01:43:54,buy_plus_red_diamond,买+红砖石,shadow,no_hit,否,,buy_red_no_pair,shadow,C:\Users\Administrator\Desktop\futu_combo_watch\output\hit_MP_4h_buy_core_20260309_014332.png
MP,4h,2026-03-09 01:43:54,buy_purple_bottom,紫抄,shadow,no_hit,否,123123,template_miss,shadow,C:\Users\Administrator\Desktop\futu_combo_watch\output\hit_MP_4h_buy_core_20260309_014332.png
MP,4h,2026-03-09 01:43:54,sell_purple_cry,紫色哭脸,live,no_hit,否,123123,purple_ratio_low,none,C:\Users\Administrator\Desktop\futu_combo_watch\output\hit_MP_4h_buy_core_20260309_014332.png
MP,4h,2026-03-09 01:43:54,sell_purple_exit,紫色卖出,shadow,no_hit,否,123123,template_miss,shadow,C:\Users\Administrator\Desktop\futu_combo_watch\output\hit_MP_4h_buy_core_20260309_014332.png
MU,1h,2026-03-09 01:44:25,buy_core,笑笑砖策略,live,no_hit,否,492496,pattern_not_met,none,
MU,1h,2026-03-09 01:44:25,buy_plus_red_diamond,买+红砖石,shadow,no_hit,否,,red_ratio_low,shadow,
MU,1h,2026-03-09 01:44:25,buy_purple_bottom,紫抄,shadow,no_hit,否,492496,template_miss,shadow,
MU,1h,2026-03-09 01:44:25,sell_purple_cry,紫色哭脸,live,no_hit,否,492496,template_miss,none,
MU,1h,2026-03-09 01:44:25,sell_purple_exit,紫色卖出,shadow,no_hit,否,492496,template_miss,shadow,
MU,2h,2026-03-09 01:45:01,buy_core,笑笑砖策略,live,no_hit,否,246247,pattern_not_met,none,
MU,2h,2026-03-09 01:45:01,buy_plus_red_diamond,买+红砖石,shadow,no_hit,否,,red_ratio_low,shadow,
MU,2h,2026-03-09 01:45:01,buy_purple_bottom,紫抄,shadow,no_hit,否,246247,template_miss,shadow,
MU,2h,2026-03-09 01:45:01,sell_purple_cry,紫色哭脸,live,no_hit,否,246247,template_miss,none,
MU,2h,2026-03-09 01:45:01,sell_purple_exit,紫色卖出,shadow,no_hit,否,246247,template_miss,shadow,
MU,3h,2026-03-09 01:45:38,buy_core,笑笑砖策略,live,no_hit,否,164164,pattern_not_met,none,
MU,3h,2026-03-09 01:45:38,buy_plus_red_diamond,买+红砖石,shadow,no_hit,否,,red_ratio_low,shadow,
MU,3h,2026-03-09 01:45:38,buy_purple_bottom,紫抄,shadow,no_hit,否,164164,template_miss,shadow,
MU,3h,2026-03-09 01:45:38,sell_purple_cry,紫色哭脸,live,no_hit,否,164164,template_miss,none,
MU,3h,2026-03-09 01:45:38,sell_purple_exit,紫色卖出,shadow,no_hit,否,164164,template_miss,shadow,
MU,4h,2026-03-09 01:46:16,buy_core,笑笑砖策略,live,no_hit,否,123123,pattern_not_met,none,
MU,4h,2026-03-09 01:46:16,buy_plus_red_diamond,买+红砖石,shadow,no_hit,否,,red_ratio_low,shadow,
MU,4h,2026-03-09 01:46:16,buy_purple_bottom,紫抄,shadow,no_hit,否,123123,template_miss,shadow,
MU,4h,2026-03-09 01:46:16,sell_purple_cry,紫色哭脸,live,no_hit,否,123123,template_miss,none,
MU,4h,2026-03-09 01:46:16,sell_purple_exit,紫色卖出,shadow,no_hit,否,123123,template_miss,shadow,
NBIS,1h,2026-03-09 01:46:54,buy_core,笑笑砖策略,live,no_hit,否,492496,pattern_not_met,none,
NBIS,1h,2026-03-09 01:46:54,buy_plus_red_diamond,买+红砖石,shadow,no_hit,否,,red_ratio_low,shadow,
NBIS,1h,2026-03-09 01:46:54,buy_purple_bottom,紫抄,shadow,no_hit,否,492496,template_miss,shadow,
NBIS,1h,2026-03-09 01:46:54,sell_purple_cry,紫色哭脸,live,no_hit,否,492496,template_miss,none,
NBIS,1h,2026-03-09 01:46:54,sell_purple_exit,紫色卖出,shadow,no_hit,否,492496,template_miss,shadow,
NBIS,2h,2026-03-09 01:48:07,buy_core,笑笑砖策略,live,no_hit,否,246247,pattern_not_met,none,
NBIS,2h,2026-03-09 01:48:07,buy_plus_red_diamond,买+红砖石,shadow,no_hit,否,,red_ratio_low,shadow,
NBIS,2h,2026-03-09 01:48:07,buy_purple_bottom,紫抄,shadow,no_hit,否,246247,template_miss,shadow,
NBIS,2h,2026-03-09 01:48:07,sell_purple_cry,紫色哭脸,live,no_hit,否,246247,template_miss,none,
NBIS,2h,2026-03-09 01:48:07,sell_purple_exit,紫色卖出,shadow,no_hit,否,246247,template_miss,shadow,
NBIS,3h,2026-03-09 01:48:30,buy_core,笑笑砖策略,live,no_hit,否,164164,pattern_not_met,none,
NBIS,3h,2026-03-09 01:48:30,buy_plus_red_diamond,买+红砖石,shadow,no_hit,否,,red_ratio_low,shadow,
NBIS,3h,2026-03-09 01:48:30,buy_purple_bottom,紫抄,shadow,no_hit,否,164164,template_miss,shadow,
NBIS,3h,2026-03-09 01:48:30,sell_purple_cry,紫色哭脸,live,no_hit,否,164164,purple_ratio_low,none,
NBIS,3h,2026-03-09 01:48:30,sell_purple_exit,紫色卖出,shadow,no_hit,否,164164,template_miss,shadow,
NBIS,4h,2026-03-09 01:49:55,buy_core,笑笑砖策略,live,no_hit,否,123123,pattern_not_met,none,
NBIS,4h,2026-03-09 01:49:55,buy_plus_red_diamond,买+红砖石,shadow,no_hit,否,,red_ratio_low,shadow,
NBIS,4h,2026-03-09 01:49:55,buy_purple_bottom,紫抄,shadow,no_hit,否,123123,template_miss,shadow,
NBIS,4h,2026-03-09 01:49:55,sell_purple_cry,紫色哭脸,live,no_hit,否,123123,template_miss,none,
NBIS,4h,2026-03-09 01:49:55,sell_purple_exit,紫色卖出,shadow,no_hit,否,123123,template_miss,shadow,
NBIZ,1h,2026-03-09 01:50:57,buy_core,笑笑砖策略,live,no_hit,否,492496,pattern_not_met,none,
NBIZ,1h,2026-03-09 01:50:57,buy_plus_red_diamond,买+红砖石,shadow,no_hit,否,,red_ratio_low,shadow,
NBIZ,1h,2026-03-09 01:50:57,buy_purple_bottom,紫抄,shadow,no_hit,否,492496,template_miss,shadow,
NBIZ,1h,2026-03-09 01:50:57,sell_purple_cry,紫色哭脸,live,no_hit,否,492496,template_miss,none,
NBIZ,1h,2026-03-09 01:50:57,sell_purple_exit,紫色卖出,shadow,no_hit,否,492496,template_miss,shadow,
NBIZ,2h,2026-03-09 01:51:43,buy_core,笑笑砖策略,live,no_hit,否,246247,pattern_not_met,none,
NBIZ,2h,2026-03-09 01:51:43,buy_plus_red_diamond,买+红砖石,shadow,no_hit,否,,template_miss,shadow,
NBIZ,2h,2026-03-09 01:51:43,buy_purple_bottom,紫抄,shadow,no_hit,否,246247,template_miss,shadow,
NBIZ,2h,2026-03-09 01:51:43,sell_purple_cry,紫色哭脸,live,no_hit,否,246247,template_miss,none,
NBIZ,2h,2026-03-09 01:51:43,sell_purple_exit,紫色卖出,shadow,no_hit,否,246247,template_miss,shadow,
NBIZ,3h,2026-03-09 01:53:19,buy_core,笑笑砖策略,live,no_hit,否,164164,pattern_not_met,none,
NBIZ,3h,2026-03-09 01:53:19,buy_plus_red_diamond,买+红砖石,shadow,no_hit,否,,template_miss,shadow,
NBIZ,3h,2026-03-09 01:53:19,buy_purple_bottom,紫抄,shadow,no_hit,否,164164,template_miss,shadow,
NBIZ,3h,2026-03-09 01:53:19,sell_purple_cry,紫色哭脸,live,no_hit,否,164164,template_miss,none,
NBIZ,3h,2026-03-09 01:53:19,sell_purple_exit,紫色卖出,shadow,no_hit,否,164164,template_miss,shadow,
NBIZ,4h,2026-03-09 01:54:29,buy_core,笑笑砖策略,live,no_hit,否,123123,pattern_not_met,none,
NBIZ,4h,2026-03-09 01:54:29,buy_plus_red_diamond,买+红砖石,shadow,no_hit,否,,template_miss,shadow,
NBIZ,4h,2026-03-09 01:54:29,buy_purple_bottom,紫抄,shadow,no_hit,否,123123,template_miss,shadow,
NBIZ,4h,2026-03-09 01:54:29,sell_purple_cry,紫色哭脸,live,no_hit,否,123123,template_miss,none,
NBIZ,4h,2026-03-09 01:54:29,sell_purple_exit,紫色卖出,shadow,no_hit,否,123123,template_miss,shadow,
NVDA,1h,2026-03-09 01:55:08,buy_core,笑笑砖策略,live,no_hit,否,492496,pattern_not_met,none,
NVDA,1h,2026-03-09 01:55:08,buy_plus_red_diamond,买+红砖石,shadow,no_hit,否,,red_ratio_low,shadow,
NVDA,1h,2026-03-09 01:55:08,buy_purple_bottom,紫抄,shadow,no_hit,否,492496,template_miss,shadow,
NVDA,1h,2026-03-09 01:55:08,sell_purple_cry,紫色哭脸,live,no_hit,否,492496,template_miss,none,
NVDA,1h,2026-03-09 01:55:08,sell_purple_exit,紫色卖出,shadow,no_hit,否,492496,template_miss,shadow,
NVDA,2h,2026-03-09 01:55:49,buy_core,笑笑砖策略,live,no_hit,否,246247,pattern_not_met,none,
NVDA,2h,2026-03-09 01:55:49,buy_plus_red_diamond,买+红砖石,shadow,no_hit,否,,template_miss,shadow,
NVDA,2h,2026-03-09 01:55:49,buy_purple_bottom,紫抄,shadow,no_hit,否,246247,template_miss,shadow,
NVDA,2h,2026-03-09 01:55:49,sell_purple_cry,紫色哭脸,live,no_hit,否,246247,template_miss,none,
NVDA,2h,2026-03-09 01:55:49,sell_purple_exit,紫色卖出,shadow,no_hit,否,246247,template_miss,shadow,
NVDA,3h,2026-03-09 01:56:18,buy_core,笑笑砖策略,live,no_hit,否,164164,pattern_not_met,none,
NVDA,3h,2026-03-09 01:56:18,buy_plus_red_diamond,买+红砖石,shadow,no_hit,否,,template_miss,shadow,
NVDA,3h,2026-03-09 01:56:18,buy_purple_bottom,紫抄,shadow,no_hit,否,164164,template_miss,shadow,
NVDA,3h,2026-03-09 01:56:18,sell_purple_cry,紫色哭脸,live,no_hit,否,164164,template_miss,none,
NVDA,3h,2026-03-09 01:56:18,sell_purple_exit,紫色卖出,shadow,no_hit,否,164164,template_miss,shadow,
NVDA,4h,2026-03-09 01:57:45,buy_core,笑笑砖策略,live,no_hit,否,123123,pattern_not_met,none,
NVDA,4h,2026-03-09 01:57:45,buy_plus_red_diamond,买+红砖石,shadow,no_hit,否,,template_miss,shadow,
NVDA,4h,2026-03-09 01:57:45,buy_purple_bottom,紫抄,shadow,no_hit,否,123123,template_miss,shadow,
NVDA,4h,2026-03-09 01:57:45,sell_purple_cry,紫色哭脸,live,no_hit,否,123123,template_miss,none,
NVDA,4h,2026-03-09 01:57:45,sell_purple_exit,紫色卖出,shadow,no_hit,否,123123,template_miss,shadow,
OKLO,1h,2026-03-09 01:58:26,buy_core,笑笑砖策略,live,no_hit,否,492496,pattern_not_met,none,
OKLO,1h,2026-03-09 01:58:26,buy_plus_red_diamond,买+红砖石,shadow,no_hit,否,,red_ratio_low,shadow,
OKLO,1h,2026-03-09 01:58:26,buy_purple_bottom,紫抄,shadow,no_hit,否,492496,template_miss,shadow,
OKLO,1h,2026-03-09 01:58:26,sell_purple_cry,紫色哭脸,live,no_hit,否,492496,template_miss,none,
OKLO,1h,2026-03-09 01:58:26,sell_purple_exit,紫色卖出,shadow,no_hit,否,492496,template_miss,shadow,
OKLO,2h,2026-03-09 01:59:03,buy_core,笑笑砖策略,live,no_hit,否,246247,pattern_not_met,none,
OKLO,2h,2026-03-09 01:59:03,buy_plus_red_diamond,买+红砖石,shadow,no_hit,否,,red_ratio_low,shadow,
OKLO,2h,2026-03-09 01:59:03,buy_purple_bottom,紫抄,shadow,no_hit,否,246247,template_miss,shadow,
OKLO,2h,2026-03-09 01:59:03,sell_purple_cry,紫色哭脸,live,no_hit,否,246247,template_miss,none,
OKLO,2h,2026-03-09 01:59:03,sell_purple_exit,紫色卖出,shadow,no_hit,否,246247,template_miss,shadow,
OKLO,3h,2026-03-09 01:59:35,buy_core,笑笑砖策略,live,no_hit,否,164164,pattern_not_met,none,
OKLO,3h,2026-03-09 01:59:35,buy_plus_red_diamond,买+红砖石,shadow,no_hit,否,,red_ratio_low,shadow,
OKLO,3h,2026-03-09 01:59:35,buy_purple_bottom,紫抄,shadow,no_hit,否,164164,template_miss,shadow,
OKLO,3h,2026-03-09 01:59:35,sell_purple_cry,紫色哭脸,live,no_hit,否,164164,template_miss,none,
OKLO,3h,2026-03-09 01:59:35,sell_purple_exit,紫色卖出,shadow,no_hit,否,164164,template_miss,shadow,
OKLO,4h,2026-03-09 02:00:59,buy_core,笑笑砖策略,live,no_hit,否,123123,pattern_not_met,none,
OKLO,4h,2026-03-09 02:00:59,buy_plus_red_diamond,买+红砖石,shadow,no_hit,否,,red_ratio_low,shadow,
OKLO,4h,2026-03-09 02:00:59,buy_purple_bottom,紫抄,shadow,no_hit,否,123123,template_miss,shadow,
OKLO,4h,2026-03-09 02:00:59,sell_purple_cry,紫色哭脸,live,no_hit,否,123123,template_miss,none,
OKLO,4h,2026-03-09 02:00:59,sell_purple_exit,紫色卖出,shadow,no_hit,否,123123,template_miss,shadow,
OKLS,1h,2026-03-09 02:01:50,buy_core,笑笑砖策略,live,no_hit,否,492497,pattern_not_met,none,
OKLS,1h,2026-03-09 02:01:50,buy_plus_red_diamond,买+红砖石,shadow,no_hit,否,,red_ratio_low,shadow,
OKLS,1h,2026-03-09 02:01:50,buy_purple_bottom,紫抄,shadow,no_hit,否,492497,template_miss,shadow,
OKLS,1h,2026-03-09 02:01:50,sell_purple_cry,紫色哭脸,live,no_hit,否,492497,template_miss,none,
OKLS,1h,2026-03-09 02:01:50,sell_purple_exit,紫色卖出,shadow,no_hit,否,492497,template_miss,shadow,
OKLS,2h,2026-03-09 02:02:48,buy_core,笑笑砖策略,live,no_hit,否,246248,pattern_not_met,none,
OKLS,2h,2026-03-09 02:02:48,buy_plus_red_diamond,买+红砖石,shadow,no_hit,否,,red_ratio_low,shadow,
OKLS,2h,2026-03-09 02:02:48,buy_purple_bottom,紫抄,shadow,no_hit,否,246248,template_miss,shadow,
OKLS,2h,2026-03-09 02:02:48,sell_purple_cry,紫色哭脸,live,no_hit,否,246248,template_miss,none,
OKLS,2h,2026-03-09 02:02:48,sell_purple_exit,紫色卖出,shadow,no_hit,否,246248,template_miss,shadow,
OKLS,3h,2026-03-09 02:03:26,buy_core,笑笑砖策略,live,no_hit,否,164165,pattern_not_met,none,
OKLS,3h,2026-03-09 02:03:26,buy_plus_red_diamond,买+红砖石,shadow,no_hit,否,,red_ratio_low,shadow,
OKLS,3h,2026-03-09 02:03:26,buy_purple_bottom,紫抄,shadow,no_hit,否,164165,template_miss,shadow,
OKLS,3h,2026-03-09 02:03:26,sell_purple_cry,紫色哭脸,live,no_hit,否,164165,template_miss,none,
OKLS,3h,2026-03-09 02:03:26,sell_purple_exit,紫色卖出,shadow,no_hit,否,164165,template_miss,shadow,
OKLS,4h,2026-03-09 02:04:24,buy_core,笑笑砖策略,live,no_hit,否,123123,pattern_not_met,none,
OKLS,4h,2026-03-09 02:04:24,buy_plus_red_diamond,买+红砖石,shadow,no_hit,否,,red_ratio_low,shadow,
OKLS,4h,2026-03-09 02:04:24,buy_purple_bottom,紫抄,shadow,no_hit,否,123123,template_miss,shadow,
OKLS,4h,2026-03-09 02:04:24,sell_purple_cry,紫色哭脸,live,no_hit,否,123123,template_miss,none,
OKLS,4h,2026-03-09 02:04:24,sell_purple_exit,紫色卖出,shadow,no_hit,否,123123,template_miss,shadow,
PLTR,1h,2026-03-09 02:05:45,buy_core,笑笑砖策略,live,no_hit,否,492497,pattern_not_met,none,
PLTR,1h,2026-03-09 02:05:45,buy_plus_red_diamond,买+红砖石,shadow,no_hit,否,,red_ratio_low,shadow,
PLTR,1h,2026-03-09 02:05:45,buy_purple_bottom,紫抄,shadow,no_hit,否,492497,template_miss,shadow,
PLTR,1h,2026-03-09 02:05:45,sell_purple_cry,紫色哭脸,live,no_hit,否,492497,template_miss,none,
PLTR,1h,2026-03-09 02:05:45,sell_purple_exit,紫色卖出,shadow,no_hit,否,492497,template_miss,shadow,
PLTR,2h,2026-03-09 02:07:01,buy_core,笑笑砖策略,live,no_hit,否,246248,pattern_not_met,none,
PLTR,2h,2026-03-09 02:07:01,buy_plus_red_diamond,买+红砖石,shadow,no_hit,否,,template_miss,shadow,
PLTR,2h,2026-03-09 02:07:01,buy_purple_bottom,紫抄,shadow,no_hit,否,246248,template_miss,shadow,
PLTR,2h,2026-03-09 02:07:01,sell_purple_cry,紫色哭脸,live,no_hit,否,246248,template_miss,none,
PLTR,2h,2026-03-09 02:07:01,sell_purple_exit,紫色卖出,shadow,no_hit,否,246248,template_miss,shadow,
PLTR,3h,2026-03-09 02:08:13,buy_core,笑笑砖策略,live,no_hit,否,164165,pattern_not_met,none,
PLTR,3h,2026-03-09 02:08:13,buy_plus_red_diamond,买+红砖石,shadow,no_hit,否,,template_miss,shadow,
PLTR,3h,2026-03-09 02:08:13,buy_purple_bottom,紫抄,shadow,no_hit,否,164165,template_miss,shadow,
PLTR,3h,2026-03-09 02:08:13,sell_purple_cry,紫色哭脸,live,no_hit,否,164165,template_miss,none,
PLTR,3h,2026-03-09 02:08:13,sell_purple_exit,紫色卖出,shadow,no_hit,否,164165,template_miss,shadow,
PLTR,4h,2026-03-09 02:09:40,buy_core,笑笑砖策略,live,no_hit,否,123123,pattern_not_met,none,
PLTR,4h,2026-03-09 02:09:40,buy_plus_red_diamond,买+红砖石,shadow,no_hit,否,,template_miss,shadow,
PLTR,4h,2026-03-09 02:09:40,buy_purple_bottom,紫抄,shadow,no_hit,否,123123,template_miss,shadow,
PLTR,4h,2026-03-09 02:09:40,sell_purple_cry,紫色哭脸,live,no_hit,否,123123,template_miss,none,
PLTR,4h,2026-03-09 02:09:40,sell_purple_exit,紫色卖出,shadow,no_hit,否,123123,template_miss,shadow,
PLTZ,1h,2026-03-09 02:11:08,buy_core,笑笑砖策略,live,no_hit,否,492497,pattern_not_met,none,
PLTZ,1h,2026-03-09 02:11:08,buy_plus_red_diamond,买+红砖石,shadow,no_hit,否,,red_ratio_low,shadow,
PLTZ,1h,2026-03-09 02:11:08,buy_purple_bottom,紫抄,shadow,no_hit,否,492497,template_miss,shadow,
PLTZ,1h,2026-03-09 02:11:08,sell_purple_cry,紫色哭脸,live,no_hit,否,492497,template_miss,none,
PLTZ,1h,2026-03-09 02:11:08,sell_purple_exit,紫色卖出,shadow,no_hit,否,492497,template_miss,shadow,
PLTZ,2h,2026-03-09 02:12:23,buy_core,笑笑砖策略,live,no_hit,否,246248,pattern_not_met,none,
PLTZ,2h,2026-03-09 02:12:23,buy_plus_red_diamond,买+红砖石,shadow,no_hit,否,,template_miss,shadow,
PLTZ,2h,2026-03-09 02:12:23,buy_purple_bottom,紫抄,shadow,no_hit,否,246248,template_miss,shadow,
PLTZ,2h,2026-03-09 02:12:23,sell_purple_cry,紫色哭脸,live,no_hit,否,246248,template_miss,none,
PLTZ,2h,2026-03-09 02:12:23,sell_purple_exit,紫色卖出,shadow,no_hit,否,246248,template_miss,shadow,
PLTZ,3h,2026-03-09 02:13:37,buy_core,笑笑砖策略,live,no_hit,否,164165,pattern_not_met,none,
PLTZ,3h,2026-03-09 02:13:37,buy_plus_red_diamond,买+红砖石,shadow,no_hit,否,,red_ratio_low,shadow,
PLTZ,3h,2026-03-09 02:13:37,buy_purple_bottom,紫抄,shadow,no_hit,否,164165,template_miss,shadow,
PLTZ,3h,2026-03-09 02:13:37,sell_purple_cry,紫色哭脸,live,no_hit,否,164165,template_miss,none,
PLTZ,3h,2026-03-09 02:13:37,sell_purple_exit,紫色卖出,shadow,no_hit,否,164165,template_miss,shadow,
PLTZ,4h,2026-03-09 02:14:00,buy_core,笑笑砖策略,live,no_hit,否,123123,pattern_not_met,none,
PLTZ,4h,2026-03-09 02:14:00,buy_plus_red_diamond,买+红砖石,shadow,no_hit,否,,red_ratio_low,shadow,
PLTZ,4h,2026-03-09 02:14:00,buy_purple_bottom,紫抄,shadow,no_hit,否,123123,template_miss,shadow,
PLTZ,4h,2026-03-09 02:14:00,sell_purple_cry,紫色哭脸,live,no_hit,否,123123,template_miss,none,
PLTZ,4h,2026-03-09 02:14:00,sell_purple_exit,紫色卖出,shadow,no_hit,否,123123,template_miss,shadow,
RDW,1h,2026-03-09 02:14:41,buy_core,笑笑砖策略,live,no_hit,否,492497,pattern_not_met,none,
RDW,1h,2026-03-09 02:14:41,buy_plus_red_diamond,买+红砖石,shadow,no_hit,否,,red_ratio_low,shadow,
RDW,1h,2026-03-09 02:14:41,buy_purple_bottom,紫抄,shadow,no_hit,否,492497,template_miss,shadow,
RDW,1h,2026-03-09 02:14:41,sell_purple_cry,紫色哭脸,live,no_hit,否,492497,template_miss,none,
RDW,1h,2026-03-09 02:14:41,sell_purple_exit,紫色卖出,shadow,no_hit,否,492497,template_miss,shadow,
RDW,2h,2026-03-09 02:15:13,buy_core,笑笑砖策略,live,no_hit,否,246248,pattern_not_met,none,
RDW,2h,2026-03-09 02:15:13,buy_plus_red_diamond,买+红砖石,shadow,no_hit,否,,red_ratio_low,shadow,
RDW,2h,2026-03-09 02:15:13,buy_purple_bottom,紫抄,shadow,no_hit,否,246248,template_miss,shadow,
RDW,2h,2026-03-09 02:15:13,sell_purple_cry,紫色哭脸,live,no_hit,否,246248,template_miss,none,
RDW,2h,2026-03-09 02:15:13,sell_purple_exit,紫色卖出,shadow,no_hit,否,246248,template_miss,shadow,
RDW,3h,2026-03-09 02:15:43,buy_core,笑笑砖策略,live,no_hit,否,164165,pattern_not_met,none,
RDW,3h,2026-03-09 02:15:43,buy_plus_red_diamond,买+红砖石,shadow,no_hit,否,,red_ratio_low,shadow,
RDW,3h,2026-03-09 02:15:43,buy_purple_bottom,紫抄,shadow,no_hit,否,164165,template_miss,shadow,
RDW,3h,2026-03-09 02:15:43,sell_purple_cry,紫色哭脸,live,no_hit,否,164165,template_miss,none,
RDW,3h,2026-03-09 02:15:43,sell_purple_exit,紫色卖出,shadow,no_hit,否,164165,template_miss,shadow,
RDW,4h,2026-03-09 02:16:20,buy_core,笑笑砖策略,live,no_hit,否,123123,pattern_not_met,none,
RDW,4h,2026-03-09 02:16:20,buy_plus_red_diamond,买+红砖石,shadow,no_hit,否,,red_ratio_low,shadow,
RDW,4h,2026-03-09 02:16:20,buy_purple_bottom,紫抄,shadow,no_hit,否,123123,template_miss,shadow,
RDW,4h,2026-03-09 02:16:20,sell_purple_cry,紫色哭脸,live,no_hit,否,123123,template_miss,none,
RDW,4h,2026-03-09 02:16:20,sell_purple_exit,紫色卖出,shadow,no_hit,否,123123,template_miss,shadow,
RGTZ,1h,2026-03-09 02:16:53,buy_core,笑笑砖策略,live,no_hit,否,492497,pattern_not_met,none,
RGTZ,1h,2026-03-09 02:16:53,buy_plus_red_diamond,买+红砖石,shadow,no_hit,否,,red_ratio_low,shadow,
RGTZ,1h,2026-03-09 02:16:53,buy_purple_bottom,紫抄,shadow,no_hit,否,492497,template_miss,shadow,
RGTZ,1h,2026-03-09 02:16:53,sell_purple_cry,紫色哭脸,live,no_hit,否,492497,already_active,none,
RGTZ,1h,2026-03-09 02:16:53,sell_purple_exit,紫色卖出,shadow,no_hit,否,492497,template_miss,shadow,
RGTZ,2h,2026-03-09 02:17:40,buy_core,笑笑砖策略,live,no_hit,否,246248,pattern_not_met,none,
RGTZ,2h,2026-03-09 02:17:40,buy_plus_red_diamond,买+红砖石,shadow,no_hit,否,,red_ratio_low,shadow,
RGTZ,2h,2026-03-09 02:17:40,buy_purple_bottom,紫抄,shadow,no_hit,否,246248,template_miss,shadow,
RGTZ,2h,2026-03-09 02:17:40,sell_purple_cry,紫色哭脸,live,no_hit,否,246248,template_miss,none,
RGTZ,2h,2026-03-09 02:17:40,sell_purple_exit,紫色卖出,shadow,no_hit,否,246248,template_miss,shadow,
RGTZ,3h,2026-03-09 02:18:39,buy_core,笑笑砖策略,live,no_hit,否,164165,pattern_not_met,none,
RGTZ,3h,2026-03-09 02:18:39,buy_plus_red_diamond,买+红砖石,shadow,no_hit,否,,red_ratio_low,shadow,
RGTZ,3h,2026-03-09 02:18:39,buy_purple_bottom,紫抄,shadow,no_hit,否,164165,template_miss,shadow,
RGTZ,3h,2026-03-09 02:18:39,sell_purple_cry,紫色哭脸,live,no_hit,否,164165,purple_ratio_low,none,
RGTZ,3h,2026-03-09 02:18:39,sell_purple_exit,紫色卖出,shadow,no_hit,否,164165,template_miss,shadow,
RGTZ,4h,2026-03-09 02:19:04,buy_core,笑笑砖策略,live,no_hit,否,123123,pattern_not_met,none,
RGTZ,4h,2026-03-09 02:19:04,buy_plus_red_diamond,买+红砖石,shadow,no_hit,否,,red_ratio_low,shadow,
RGTZ,4h,2026-03-09 02:19:04,buy_purple_bottom,紫抄,shadow,no_hit,否,123123,template_miss,shadow,
RGTZ,4h,2026-03-09 02:19:04,sell_purple_cry,紫色哭脸,live,no_hit,否,123123,purple_ratio_low,none,
RGTZ,4h,2026-03-09 02:19:04,sell_purple_exit,紫色卖出,shadow,no_hit,否,123123,template_miss,shadow,
RKLB,1h,2026-03-09 02:20:22,buy_core,笑笑砖策略,live,no_hit,否,492497,pattern_not_met,none,
RKLB,1h,2026-03-09 02:20:22,buy_plus_red_diamond,买+红砖石,shadow,no_hit,否,,red_ratio_low,shadow,
RKLB,1h,2026-03-09 02:20:22,buy_purple_bottom,紫抄,shadow,no_hit,否,492497,template_miss,shadow,
RKLB,1h,2026-03-09 02:20:22,sell_purple_cry,紫色哭脸,live,no_hit,否,492497,template_miss,none,
RKLB,1h,2026-03-09 02:20:22,sell_purple_exit,紫色卖出,shadow,no_hit,否,492497,template_miss,shadow,
RKLB,2h,2026-03-09 02:21:05,buy_core,笑笑砖策略,live,no_hit,否,246248,pattern_not_met,none,
RKLB,2h,2026-03-09 02:21:05,buy_plus_red_diamond,买+红砖石,shadow,no_hit,否,,red_ratio_low,shadow,
RKLB,2h,2026-03-09 02:21:05,buy_purple_bottom,紫抄,shadow,no_hit,否,246248,template_miss,shadow,
RKLB,2h,2026-03-09 02:21:05,sell_purple_cry,紫色哭脸,live,no_hit,否,246248,already_active,none,
RKLB,2h,2026-03-09 02:21:05,sell_purple_exit,紫色卖出,shadow,no_hit,否,246248,template_miss,shadow,
RKLB,3h,2026-03-09 02:22:02,buy_core,笑笑砖策略,live,no_hit,否,164165,pattern_not_met,none,
RKLB,3h,2026-03-09 02:22:02,buy_plus_red_diamond,买+红砖石,shadow,no_hit,否,,red_ratio_low,shadow,
RKLB,3h,2026-03-09 02:22:02,buy_purple_bottom,紫抄,shadow,no_hit,否,164165,template_miss,shadow,
RKLB,3h,2026-03-09 02:22:02,sell_purple_cry,紫色哭脸,live,no_hit,否,164165,template_miss,none,
RKLB,3h,2026-03-09 02:22:02,sell_purple_exit,紫色卖出,shadow,no_hit,否,164165,template_miss,shadow,
RKLB,4h,2026-03-09 02:22:33,buy_core,笑笑砖策略,live,no_hit,否,123123,pattern_not_met,none,
RKLB,4h,2026-03-09 02:22:33,buy_plus_red_diamond,买+红砖石,shadow,no_hit,否,,red_ratio_low,shadow,
RKLB,4h,2026-03-09 02:22:33,buy_purple_bottom,紫抄,shadow,no_hit,否,123123,template_miss,shadow,
RKLB,4h,2026-03-09 02:22:33,sell_purple_cry,紫色哭脸,live,no_hit,否,123123,purple_ratio_low,none,
RKLB,4h,2026-03-09 02:22:33,sell_purple_exit,紫色卖出,shadow,no_hit,否,123123,template_miss,shadow,
RKLZ,1h,2026-03-09 02:23:08,buy_core,笑笑砖策略,live,no_hit,否,492497,pattern_not_met,none,
RKLZ,1h,2026-03-09 02:23:08,buy_plus_red_diamond,买+红砖石,shadow,no_hit,否,,red_ratio_low,shadow,
RKLZ,1h,2026-03-09 02:23:08,buy_purple_bottom,紫抄,shadow,no_hit,否,492497,template_miss,shadow,
RKLZ,1h,2026-03-09 02:23:08,sell_purple_cry,紫色哭脸,live,no_hit,否,492497,already_active,none,
RKLZ,1h,2026-03-09 02:23:08,sell_purple_exit,紫色卖出,shadow,no_hit,否,492497,template_miss,shadow,
RKLZ,2h,2026-03-09 02:23:45,buy_core,笑笑砖策略,live,no_hit,否,246248,pattern_not_met,none,
RKLZ,2h,2026-03-09 02:23:45,buy_plus_red_diamond,买+红砖石,shadow,no_hit,否,,red_ratio_low,shadow,
RKLZ,2h,2026-03-09 02:23:45,buy_purple_bottom,紫抄,shadow,no_hit,否,246248,template_miss,shadow,
RKLZ,2h,2026-03-09 02:23:45,sell_purple_cry,紫色哭脸,live,no_hit,否,246248,template_miss,none,
RKLZ,2h,2026-03-09 02:23:45,sell_purple_exit,紫色卖出,shadow,no_hit,否,246248,template_miss,shadow,
RKLZ,3h,2026-03-09 02:24:02,buy_core,笑笑砖策略,live,no_hit,否,164165,pattern_not_met,none,
RKLZ,3h,2026-03-09 02:24:02,buy_plus_red_diamond,买+红砖石,shadow,no_hit,否,,red_ratio_low,shadow,
RKLZ,3h,2026-03-09 02:24:02,buy_purple_bottom,紫抄,shadow,no_hit,否,164165,template_miss,shadow,
RKLZ,3h,2026-03-09 02:24:02,sell_purple_cry,紫色哭脸,live,no_hit,否,164165,already_active,none,
RKLZ,3h,2026-03-09 02:24:02,sell_purple_exit,紫色卖出,shadow,no_hit,否,164165,template_miss,shadow,
RKLZ,4h,2026-03-09 02:24:30,buy_core,笑笑砖策略,live,no_hit,否,123123,pattern_not_met,none,
RKLZ,4h,2026-03-09 02:24:30,buy_plus_red_diamond,买+红砖石,shadow,no_hit,否,,red_ratio_low,shadow,
RKLZ,4h,2026-03-09 02:24:30,buy_purple_bottom,紫抄,shadow,no_hit,否,123123,template_miss,shadow,
RKLZ,4h,2026-03-09 02:24:30,sell_purple_cry,紫色哭脸,live,no_hit,否,123123,already_active,none,
RKLZ,4h,2026-03-09 02:24:30,sell_purple_exit,紫色卖出,shadow,no_hit,否,123123,template_miss,shadow,
RZLV,1h,2026-03-09 02:25:40,buy_core,笑笑砖策略,live,no_hit,否,492497,pattern_not_met,none,
RZLV,1h,2026-03-09 02:25:40,buy_plus_red_diamond,买+红砖石,shadow,no_hit,否,,red_ratio_low,shadow,
RZLV,1h,2026-03-09 02:25:40,buy_purple_bottom,紫抄,shadow,no_hit,否,492497,template_miss,shadow,
RZLV,1h,2026-03-09 02:25:40,sell_purple_cry,紫色哭脸,live,no_hit,否,492497,template_miss,none,
RZLV,1h,2026-03-09 02:25:40,sell_purple_exit,紫色卖出,shadow,no_hit,否,492497,template_miss,shadow,
RZLV,2h,2026-03-09 02:26:31,buy_core,笑笑砖策略,live,no_hit,否,246248,pattern_not_met,none,
RZLV,2h,2026-03-09 02:26:31,buy_plus_red_diamond,买+红砖石,shadow,no_hit,否,,red_ratio_low,shadow,
RZLV,2h,2026-03-09 02:26:31,buy_purple_bottom,紫抄,shadow,no_hit,否,246248,template_miss,shadow,
RZLV,2h,2026-03-09 02:26:31,sell_purple_cry,紫色哭脸,live,no_hit,否,246248,template_miss,none,
RZLV,2h,2026-03-09 02:26:31,sell_purple_exit,紫色卖出,shadow,no_hit,否,246248,template_miss,shadow,
RZLV,3h,2026-03-09 02:26:49,buy_core,笑笑砖策略,live,no_hit,否,164165,pattern_not_met,none,
RZLV,3h,2026-03-09 02:26:49,buy_plus_red_diamond,买+红砖石,shadow,no_hit,否,,red_ratio_low,shadow,
RZLV,3h,2026-03-09 02:26:49,buy_purple_bottom,紫抄,shadow,no_hit,否,164165,template_miss,shadow,
RZLV,3h,2026-03-09 02:26:49,sell_purple_cry,紫色哭脸,live,no_hit,否,164165,already_active,none,
RZLV,3h,2026-03-09 02:26:49,sell_purple_exit,紫色卖出,shadow,no_hit,否,164165,template_miss,shadow,
RZLV,4h,2026-03-09 02:27:27,buy_core,笑笑砖策略,live,no_hit,否,123123,pattern_not_met,none,
RZLV,4h,2026-03-09 02:27:27,buy_plus_red_diamond,买+红砖石,shadow,no_hit,否,,red_ratio_low,shadow,
RZLV,4h,2026-03-09 02:27:27,buy_purple_bottom,紫抄,shadow,no_hit,否,123123,template_miss,shadow,
RZLV,4h,2026-03-09 02:27:27,sell_purple_cry,紫色哭脸,live,no_hit,否,123123,template_miss,none,
RZLV,4h,2026-03-09 02:27:27,sell_purple_exit,紫色卖出,shadow,no_hit,否,123123,template_miss,shadow,
SOXS,1h,2026-03-09 02:28:20,buy_core,笑笑砖策略,live,no_hit,否,492497,pattern_not_met,none,
SOXS,1h,2026-03-09 02:28:20,buy_plus_red_diamond,买+红砖石,shadow,no_hit,否,,red_ratio_low,shadow,
SOXS,1h,2026-03-09 02:28:20,buy_purple_bottom,紫抄,shadow,no_hit,否,492497,template_miss,shadow,
SOXS,1h,2026-03-09 02:28:20,sell_purple_cry,紫色哭脸,live,no_hit,否,492497,template_miss,none,
SOXS,1h,2026-03-09 02:28:20,sell_purple_exit,紫色卖出,shadow,no_hit,否,492497,template_miss,shadow,
SOXS,2h,2026-03-09 02:29:00,buy_core,笑笑砖策略,live,no_hit,否,246248,pattern_not_met,none,
SOXS,2h,2026-03-09 02:29:00,buy_plus_red_diamond,买+红砖石,shadow,no_hit,否,,red_ratio_low,shadow,
SOXS,2h,2026-03-09 02:29:00,buy_purple_bottom,紫抄,shadow,no_hit,否,246248,template_miss,shadow,
SOXS,2h,2026-03-09 02:29:00,sell_purple_cry,紫色哭脸,live,no_hit,否,246248,template_miss,none,
SOXS,2h,2026-03-09 02:29:00,sell_purple_exit,紫色卖出,shadow,no_hit,否,246248,template_miss,shadow,
SOXS,3h,2026-03-09 02:29:32,buy_core,笑笑砖策略,live,no_hit,否,164165,pattern_not_met,none,
SOXS,3h,2026-03-09 02:29:32,buy_plus_red_diamond,买+红砖石,shadow,no_hit,否,,red_ratio_low,shadow,
SOXS,3h,2026-03-09 02:29:32,buy_purple_bottom,紫抄,shadow,no_hit,否,164165,template_miss,shadow,
SOXS,3h,2026-03-09 02:29:32,sell_purple_cry,紫色哭脸,live,no_hit,否,164165,template_miss,none,
SOXS,3h,2026-03-09 02:29:32,sell_purple_exit,紫色卖出,shadow,no_hit,否,164165,template_miss,shadow,
SOXS,4h,2026-03-09 02:30:00,buy_core,笑笑砖策略,live,no_hit,否,123123,pattern_not_met,none,
SOXS,4h,2026-03-09 02:30:00,buy_plus_red_diamond,买+红砖石,shadow,no_hit,否,,red_ratio_low,shadow,
SOXS,4h,2026-03-09 02:30:00,buy_purple_bottom,紫抄,shadow,no_hit,否,123123,template_miss,shadow,
SOXS,4h,2026-03-09 02:30:00,sell_purple_cry,紫色哭脸,live,no_hit,否,123123,purple_ratio_low,none,
SOXS,4h,2026-03-09 02:30:00,sell_purple_exit,紫色卖出,shadow,no_hit,否,123123,template_miss,shadow,
STM,1h,2026-03-09 02:30:47,buy_core,笑笑砖策略,live,no_hit,否,492497,pattern_not_met,none,
STM,1h,2026-03-09 02:30:47,buy_plus_red_diamond,买+红砖石,shadow,no_hit,否,,red_ratio_low,shadow,
STM,1h,2026-03-09 02:30:47,buy_purple_bottom,紫抄,shadow,no_hit,否,492497,template_miss,shadow,
STM,1h,2026-03-09 02:30:47,sell_purple_cry,紫色哭脸,live,no_hit,否,492497,template_miss,none,
STM,1h,2026-03-09 02:30:47,sell_purple_exit,紫色卖出,shadow,no_hit,否,492497,template_miss,shadow,
STM,2h,2026-03-09 02:31:19,buy_core,笑笑砖策略,live,no_hit,否,246248,pattern_not_met,none,
STM,2h,2026-03-09 02:31:19,buy_plus_red_diamond,买+红砖石,shadow,no_hit,否,,red_ratio_low,shadow,
STM,2h,2026-03-09 02:31:19,buy_purple_bottom,紫抄,shadow,no_hit,否,246248,template_miss,shadow,
STM,2h,2026-03-09 02:31:19,sell_purple_cry,紫色哭脸,live,no_hit,否,246248,template_miss,none,
STM,2h,2026-03-09 02:31:19,sell_purple_exit,紫色卖出,shadow,no_hit,否,246248,template_miss,shadow,
STM,3h,2026-03-09 02:32:24,buy_core,笑笑砖策略,live,no_hit,否,164165,pattern_not_met,none,
STM,3h,2026-03-09 02:32:24,buy_plus_red_diamond,买+红砖石,shadow,no_hit,否,,red_ratio_low,shadow,
STM,3h,2026-03-09 02:32:24,buy_purple_bottom,紫抄,shadow,no_hit,否,164165,template_miss,shadow,
STM,3h,2026-03-09 02:32:24,sell_purple_cry,紫色哭脸,live,no_hit,否,164165,template_miss,none,
STM,3h,2026-03-09 02:32:24,sell_purple_exit,紫色卖出,shadow,no_hit,否,164165,template_miss,shadow,
STM,4h,2026-03-09 02:33:49,buy_core,笑笑砖策略,live,no_hit,否,123123,pattern_not_met,none,
STM,4h,2026-03-09 02:33:49,buy_plus_red_diamond,买+红砖石,shadow,no_hit,否,,red_ratio_low,shadow,
STM,4h,2026-03-09 02:33:49,buy_purple_bottom,紫抄,shadow,no_hit,否,123123,template_miss,shadow,
STM,4h,2026-03-09 02:33:49,sell_purple_cry,紫色哭脸,live,no_hit,否,123123,template_miss,none,
STM,4h,2026-03-09 02:33:49,sell_purple_exit,紫色卖出,shadow,no_hit,否,123123,template_miss,shadow,
TSLA,1h,2026-03-09 02:34:21,buy_core,笑笑砖策略,live,no_hit,否,492497,pattern_not_met,none,
TSLA,1h,2026-03-09 02:34:21,buy_plus_red_diamond,买+红砖石,shadow,no_hit,否,,template_miss,shadow,
TSLA,1h,2026-03-09 02:34:21,buy_purple_bottom,紫抄,shadow,no_hit,否,492497,template_miss,shadow,
TSLA,1h,2026-03-09 02:34:21,sell_purple_cry,紫色哭脸,live,no_hit,否,492497,template_miss,none,
TSLA,1h,2026-03-09 02:34:21,sell_purple_exit,紫色卖出,shadow,no_hit,否,492497,template_miss,shadow,
TSLA,2h,2026-03-09 02:35:00,buy_core,笑笑砖策略,live,no_hit,否,246248,pattern_not_met,none,
TSLA,2h,2026-03-09 02:35:00,buy_plus_red_diamond,买+红砖石,shadow,no_hit,否,,red_ratio_low,shadow,
TSLA,2h,2026-03-09 02:35:00,buy_purple_bottom,紫抄,shadow,no_hit,否,246248,template_miss,shadow,
TSLA,2h,2026-03-09 02:35:00,sell_purple_cry,紫色哭脸,live,no_hit,否,246248,template_miss,none,
TSLA,2h,2026-03-09 02:35:00,sell_purple_exit,紫色卖出,shadow,no_hit,否,246248,template_miss,shadow,
TSLA,3h,2026-03-09 02:35:32,buy_core,笑笑砖策略,live,no_hit,否,164165,pattern_not_met,none,
TSLA,3h,2026-03-09 02:35:32,buy_plus_red_diamond,买+红砖石,shadow,no_hit,否,,template_miss,shadow,
TSLA,3h,2026-03-09 02:35:32,buy_purple_bottom,紫抄,shadow,no_hit,否,164165,template_miss,shadow,
TSLA,3h,2026-03-09 02:35:32,sell_purple_cry,紫色哭脸,live,no_hit,否,164165,template_miss,none,
TSLA,3h,2026-03-09 02:35:32,sell_purple_exit,紫色卖出,shadow,no_hit,否,164165,template_miss,shadow,
TSLA,4h,2026-03-09 02:36:11,buy_core,笑笑砖策略,live,no_hit,否,123123,pattern_not_met,none,
TSLA,4h,2026-03-09 02:36:11,buy_plus_red_diamond,买+红砖石,shadow,no_hit,否,,red_ratio_low,shadow,
TSLA,4h,2026-03-09 02:36:11,buy_purple_bottom,紫抄,shadow,no_hit,否,123123,template_miss,shadow,
TSLA,4h,2026-03-09 02:36:11,sell_purple_cry,紫色哭脸,live,no_hit,否,123123,template_miss,none,
TSLA,4h,2026-03-09 02:36:11,sell_purple_exit,紫色卖出,shadow,no_hit,否,123123,template_miss,shadow,
TSLQ,1h,2026-03-09 02:37:04,buy_core,笑笑砖策略,live,no_hit,否,492497,pattern_not_met,none,
TSLQ,1h,2026-03-09 02:37:04,buy_plus_red_diamond,买+红砖石,shadow,no_hit,否,,template_miss,shadow,
TSLQ,1h,2026-03-09 02:37:04,buy_purple_bottom,紫抄,shadow,no_hit,否,492497,template_miss,shadow,
TSLQ,1h,2026-03-09 02:37:04,sell_purple_cry,紫色哭脸,live,no_hit,否,492497,template_miss,none,
TSLQ,1h,2026-03-09 02:37:04,sell_purple_exit,紫色卖出,shadow,no_hit,否,492497,template_miss,shadow,
TSLQ,2h,2026-03-09 02:37:53,buy_core,笑笑砖策略,live,no_hit,否,246248,pattern_not_met,none,
TSLQ,2h,2026-03-09 02:37:53,buy_plus_red_diamond,买+红砖石,shadow,no_hit,否,,red_ratio_low,shadow,
TSLQ,2h,2026-03-09 02:37:53,buy_purple_bottom,紫抄,shadow,no_hit,否,246248,template_miss,shadow,
TSLQ,2h,2026-03-09 02:37:53,sell_purple_cry,紫色哭脸,live,no_hit,否,246248,template_miss,none,
TSLQ,2h,2026-03-09 02:37:53,sell_purple_exit,紫色卖出,shadow,no_hit,否,246248,template_miss,shadow,
TSLQ,3h,2026-03-09 02:38:43,buy_core,笑笑砖策略,live,no_hit,否,164165,pattern_not_met,none,
TSLQ,3h,2026-03-09 02:38:43,buy_plus_red_diamond,买+红砖石,shadow,no_hit,否,,red_ratio_low,shadow,
TSLQ,3h,2026-03-09 02:38:43,buy_purple_bottom,紫抄,shadow,no_hit,否,164165,template_miss,shadow,
TSLQ,3h,2026-03-09 02:38:43,sell_purple_cry,紫色哭脸,live,no_hit,否,164165,template_miss,none,
TSLQ,3h,2026-03-09 02:38:43,sell_purple_exit,紫色卖出,shadow,no_hit,否,164165,template_miss,shadow,
TSLQ,4h,2026-03-09 02:39:27,buy_core,笑笑砖策略,live,no_hit,否,123123,pattern_not_met,none,
TSLQ,4h,2026-03-09 02:39:27,buy_plus_red_diamond,买+红砖石,shadow,no_hit,否,,red_ratio_low,shadow,
TSLQ,4h,2026-03-09 02:39:27,buy_purple_bottom,紫抄,shadow,no_hit,否,123123,template_miss,shadow,
TSLQ,4h,2026-03-09 02:39:27,sell_purple_cry,紫色哭脸,live,no_hit,否,123123,template_miss,none,
TSLQ,4h,2026-03-09 02:39:27,sell_purple_exit,紫色卖出,shadow,no_hit,否,123123,template_miss,shadow,
UVIX,1h,2026-03-09 02:40:01,buy_core,笑笑砖策略,live,no_hit,否,492497,pattern_not_met,none,
UVIX,1h,2026-03-09 02:40:01,buy_plus_red_diamond,买+红砖石,shadow,no_hit,否,,red_ratio_low,shadow,
UVIX,1h,2026-03-09 02:40:01,buy_purple_bottom,紫抄,shadow,no_hit,否,492497,template_miss,shadow,
UVIX,1h,2026-03-09 02:40:01,sell_purple_cry,紫色哭脸,live,no_hit,否,492497,template_miss,none,
UVIX,1h,2026-03-09 02:40:01,sell_purple_exit,紫色卖出,shadow,no_hit,否,492497,template_miss,shadow,
UVIX,2h,2026-03-09 02:40:34,buy_core,笑笑砖策略,live,no_hit,否,246248,pattern_not_met,none,
UVIX,2h,2026-03-09 02:40:34,buy_plus_red_diamond,买+红砖石,shadow,no_hit,否,,red_ratio_low,shadow,
UVIX,2h,2026-03-09 02:40:34,buy_purple_bottom,紫抄,shadow,no_hit,否,246248,template_miss,shadow,
UVIX,2h,2026-03-09 02:40:34,sell_purple_cry,紫色哭脸,live,no_hit,否,246248,template_miss,none,
UVIX,2h,2026-03-09 02:40:34,sell_purple_exit,紫色卖出,shadow,no_hit,否,246248,template_miss,shadow,
UVIX,3h,2026-03-09 02:41:12,buy_core,笑笑砖策略,live,no_hit,否,164165,pattern_not_met,none,
UVIX,3h,2026-03-09 02:41:12,buy_plus_red_diamond,买+红砖石,shadow,no_hit,否,,red_ratio_low,shadow,
UVIX,3h,2026-03-09 02:41:12,buy_purple_bottom,紫抄,shadow,no_hit,否,164165,template_miss,shadow,
UVIX,3h,2026-03-09 02:41:12,sell_purple_cry,紫色哭脸,live,no_hit,否,164165,template_miss,none,
UVIX,3h,2026-03-09 02:41:12,sell_purple_exit,紫色卖出,shadow,no_hit,否,164165,template_miss,shadow,
UVIX,4h,2026-03-09 02:41:39,buy_core,笑笑砖策略,live,no_hit,否,123123,pattern_not_met,none,
UVIX,4h,2026-03-09 02:41:39,buy_plus_red_diamond,买+红砖石,shadow,no_hit,否,,red_ratio_low,shadow,
UVIX,4h,2026-03-09 02:41:39,buy_purple_bottom,紫抄,shadow,no_hit,否,123123,template_miss,shadow,
UVIX,4h,2026-03-09 02:41:39,sell_purple_cry,紫色哭脸,live,no_hit,否,123123,purple_ratio_low,none,
UVIX,4h,2026-03-09 02:41:39,sell_purple_exit,紫色卖出,shadow,no_hit,否,123123,template_miss,shadow,
WDC,1h,2026-03-09 02:42:09,buy_core,笑笑砖策略,live,no_hit,否,492497,pattern_not_met,none,
WDC,1h,2026-03-09 02:42:09,buy_plus_red_diamond,买+红砖石,shadow,no_hit,否,,red_ratio_low,shadow,
WDC,1h,2026-03-09 02:42:09,buy_purple_bottom,紫抄,shadow,no_hit,否,492497,template_miss,shadow,
WDC,1h,2026-03-09 02:42:09,sell_purple_cry,紫色哭脸,live,no_hit,否,492497,template_miss,none,
WDC,1h,2026-03-09 02:42:09,sell_purple_exit,紫色卖出,shadow,no_hit,否,492497,template_miss,shadow,
WDC,2h,2026-03-09 02:42:41,buy_core,笑笑砖策略,live,no_hit,否,246248,pattern_not_met,none,
WDC,2h,2026-03-09 02:42:41,buy_plus_red_diamond,买+红砖石,shadow,no_hit,否,,red_ratio_low,shadow,
WDC,2h,2026-03-09 02:42:41,buy_purple_bottom,紫抄,shadow,no_hit,否,246248,template_miss,shadow,
WDC,2h,2026-03-09 02:42:41,sell_purple_cry,紫色哭脸,live,no_hit,否,246248,template_miss,none,
WDC,2h,2026-03-09 02:42:41,sell_purple_exit,紫色卖出,shadow,no_hit,否,246248,template_miss,shadow,
WDC,3h,2026-03-09 02:43:13,buy_core,笑笑砖策略,live,no_hit,否,164165,pattern_not_met,none,
WDC,3h,2026-03-09 02:43:13,buy_plus_red_diamond,买+红砖石,shadow,no_hit,否,,red_ratio_low,shadow,
WDC,3h,2026-03-09 02:43:13,buy_purple_bottom,紫抄,shadow,no_hit,否,164165,template_miss,shadow,
WDC,3h,2026-03-09 02:43:13,sell_purple_cry,紫色哭脸,live,no_hit,否,164165,template_miss,none,
WDC,3h,2026-03-09 02:43:13,sell_purple_exit,紫色卖出,shadow,no_hit,否,164165,template_miss,shadow,
WDC,4h,2026-03-09 02:44:32,buy_core,笑笑砖策略,live,no_hit,否,123123,pattern_not_met,none,
WDC,4h,2026-03-09 02:44:32,buy_plus_red_diamond,买+红砖石,shadow,no_hit,否,,template_miss,shadow,
WDC,4h,2026-03-09 02:44:32,buy_purple_bottom,紫抄,shadow,no_hit,否,123123,template_miss,shadow,
WDC,4h,2026-03-09 02:44:32,sell_purple_cry,紫色哭脸,live,no_hit,否,123123,template_miss,none,
WDC,4h,2026-03-09 02:44:32,sell_purple_exit,紫色卖出,shadow,no_hit,否,123123,template_miss,shadow,
ZSL,1h,2026-03-09 02:45:08,buy_core,笑笑砖策略,live,no_hit,否,492497,pattern_not_met,none,
ZSL,1h,2026-03-09 02:45:08,buy_plus_red_diamond,买+红砖石,shadow,no_hit,否,,template_miss,shadow,
ZSL,1h,2026-03-09 02:45:08,buy_purple_bottom,紫抄,shadow,no_hit,否,492497,template_miss,shadow,
ZSL,1h,2026-03-09 02:45:08,sell_purple_cry,紫色哭脸,live,no_hit,否,492497,template_miss,none,
ZSL,1h,2026-03-09 02:45:08,sell_purple_exit,紫色卖出,shadow,no_hit,否,492497,template_miss,shadow,
ZSL,2h,2026-03-09 02:46:04,buy_core,笑笑砖策略,live,no_hit,否,246248,pattern_not_met,none,
ZSL,2h,2026-03-09 02:46:04,buy_plus_red_diamond,买+红砖石,shadow,no_hit,否,,red_ratio_low,shadow,
ZSL,2h,2026-03-09 02:46:04,buy_purple_bottom,紫抄,shadow,no_hit,否,246248,template_miss,shadow,
ZSL,2h,2026-03-09 02:46:04,sell_purple_cry,紫色哭脸,live,no_hit,否,246248,purple_ratio_low,none,
ZSL,2h,2026-03-09 02:46:04,sell_purple_exit,紫色卖出,shadow,no_hit,否,246248,template_miss,shadow,
ZSL,3h,2026-03-09 02:47:35,buy_core,笑笑砖策略,live,no_hit,否,164165,pattern_not_met,none,
ZSL,3h,2026-03-09 02:47:35,buy_plus_red_diamond,买+红砖石,shadow,no_hit,否,,red_ratio_low,shadow,
ZSL,3h,2026-03-09 02:47:35,buy_purple_bottom,紫抄,shadow,no_hit,否,164165,template_miss,shadow,
ZSL,3h,2026-03-09 02:47:35,sell_purple_cry,紫色哭脸,live,no_hit,否,164165,template_miss,none,
ZSL,3h,2026-03-09 02:47:35,sell_purple_exit,紫色卖出,shadow,no_hit,否,164165,template_miss,shadow,
ZSL,4h,2026-03-09 02:49:08,buy_core,笑笑砖策略,live,no_hit,否,123123,pattern_not_met,none,
ZSL,4h,2026-03-09 02:49:08,buy_plus_red_diamond,买+红砖石,shadow,no_hit,否,,red_ratio_low,shadow,
ZSL,4h,2026-03-09 02:49:08,buy_purple_bottom,紫抄,shadow,no_hit,否,123123,template_miss,shadow,
ZSL,4h,2026-03-09 02:49:08,sell_purple_cry,紫色哭脸,live,no_hit,否,123123,template_miss,none,
ZSL,4h,2026-03-09 02:49:08,sell_purple_exit,紫色卖出,shadow,no_hit,否,123123,template_miss,shadow,
BILI,1h,2026-03-09 03:00:36,buy_core,笑笑砖策略,live,no_hit,否,492497,pattern_not_met,none,
BILI,1h,2026-03-09 03:00:36,buy_plus_red_diamond,买+红砖石,shadow,no_hit,否,,red_ratio_low,shadow,
BILI,1h,2026-03-09 03:00:36,buy_purple_bottom,紫抄,shadow,no_hit,否,492497,template_miss,shadow,
BILI,1h,2026-03-09 03:00:36,sell_purple_cry,紫色哭脸,live,no_hit,否,492497,template_miss,none,
BILI,1h,2026-03-09 03:00:36,sell_purple_exit,紫色卖出,shadow,no_hit,否,492497,template_miss,shadow,
BILI,2h,2026-03-09 03:01:52,buy_core,笑笑砖策略,live,no_hit,否,246248,pattern_not_met,none,
BILI,2h,2026-03-09 03:01:52,buy_plus_red_diamond,买+红砖石,shadow,no_hit,否,,template_miss,shadow,
BILI,2h,2026-03-09 03:01:52,buy_purple_bottom,紫抄,shadow,no_hit,否,246248,template_miss,shadow,
BILI,2h,2026-03-09 03:01:52,sell_purple_cry,紫色哭脸,live,no_hit,否,246248,template_miss,none,
BILI,2h,2026-03-09 03:01:52,sell_purple_exit,紫色卖出,shadow,no_hit,否,246248,template_miss,shadow,
BILI,3h,2026-03-09 03:03:07,buy_core,笑笑砖策略,live,no_hit,否,164165,pattern_not_met,none,
BILI,3h,2026-03-09 03:03:07,buy_plus_red_diamond,买+红砖石,shadow,no_hit,否,,template_miss,shadow,
BILI,3h,2026-03-09 03:03:07,buy_purple_bottom,紫抄,shadow,no_hit,否,164165,template_miss,shadow,
BILI,3h,2026-03-09 03:03:07,sell_purple_cry,紫色哭脸,live,no_hit,否,164165,template_miss,none,
BILI,3h,2026-03-09 03:03:07,sell_purple_exit,紫色卖出,shadow,no_hit,否,164165,template_miss,shadow,
BILI,4h,2026-03-09 03:04:39,buy_core,笑笑砖策略,live,no_hit,否,123123,pattern_not_met,none,
BILI,4h,2026-03-09 03:04:39,buy_plus_red_diamond,买+红砖石,shadow,no_hit,否,,red_ratio_low,shadow,
BILI,4h,2026-03-09 03:04:39,buy_purple_bottom,紫抄,shadow,no_hit,否,123123,template_miss,shadow,
BILI,4h,2026-03-09 03:04:39,sell_purple_cry,紫色哭脸,live,no_hit,否,123123,template_miss,none,
BILI,4h,2026-03-09 03:04:39,sell_purple_exit,紫色卖出,shadow,no_hit,否,123123,template_miss,shadow,
CONI,1h,2026-03-09 03:05:39,buy_core,笑笑砖策略,live,no_hit,否,492498,pattern_not_met,none,
CONI,1h,2026-03-09 03:05:39,buy_plus_red_diamond,买+红砖石,shadow,no_hit,否,,red_ratio_low,shadow,
CONI,1h,2026-03-09 03:05:39,buy_purple_bottom,紫抄,shadow,no_hit,否,492498,template_miss,shadow,
CONI,1h,2026-03-09 03:05:39,sell_purple_cry,紫色哭脸,live,no_hit,否,492498,template_miss,none,
CONI,1h,2026-03-09 03:05:39,sell_purple_exit,紫色卖出,shadow,no_hit,否,492498,template_miss,shadow,
CONI,2h,2026-03-09 03:06:30,buy_core,笑笑砖策略,live,no_hit,否,246248,pattern_not_met,none,
CONI,2h,2026-03-09 03:06:30,buy_plus_red_diamond,买+红砖石,shadow,no_hit,否,,red_ratio_low,shadow,
CONI,2h,2026-03-09 03:06:30,buy_purple_bottom,紫抄,shadow,no_hit,否,246248,template_miss,shadow,
CONI,2h,2026-03-09 03:06:30,sell_purple_cry,紫色哭脸,live,no_hit,否,246248,already_active,none,
CONI,2h,2026-03-09 03:06:30,sell_purple_exit,紫色卖出,shadow,no_hit,否,246248,template_miss,shadow,
CONI,3h,2026-03-09 03:07:15,buy_core,笑笑砖策略,live,no_hit,否,164165,pattern_not_met,none,
CONI,3h,2026-03-09 03:07:15,buy_plus_red_diamond,买+红砖石,shadow,no_hit,否,,red_ratio_low,shadow,
CONI,3h,2026-03-09 03:07:15,buy_purple_bottom,紫抄,shadow,no_hit,否,164165,template_miss,shadow,
CONI,3h,2026-03-09 03:07:15,sell_purple_cry,紫色哭脸,live,no_hit,否,164165,already_active,none,
CONI,3h,2026-03-09 03:07:15,sell_purple_exit,紫色卖出,shadow,no_hit,否,164165,template_miss,shadow,
CONI,4h,2026-03-09 03:08:40,buy_core,笑笑砖策略,live,no_hit,否,123123,pattern_not_met,none,
CONI,4h,2026-03-09 03:08:40,buy_plus_red_diamond,买+红砖石,shadow,no_hit,否,,red_ratio_low,shadow,
CONI,4h,2026-03-09 03:08:40,buy_purple_bottom,紫抄,shadow,no_hit,否,123123,template_miss,shadow,
CONI,4h,2026-03-09 03:08:40,sell_purple_cry,紫色哭脸,live,no_hit,否,123123,template_miss,none,
CONI,4h,2026-03-09 03:08:40,sell_purple_exit,紫色卖出,shadow,no_hit,否,123123,template_miss,shadow,
CORD,1h,2026-03-09 03:09:18,buy_core,笑笑砖策略,live,no_hit,否,492498,pattern_not_met,none,
CORD,1h,2026-03-09 03:09:18,buy_plus_red_diamond,买+红砖石,shadow,no_hit,否,,red_ratio_low,shadow,
CORD,1h,2026-03-09 03:09:18,buy_purple_bottom,紫抄,shadow,no_hit,否,492498,template_miss,shadow,
CORD,1h,2026-03-09 03:09:18,sell_purple_cry,紫色哭脸,live,no_hit,否,492498,template_miss,none,
CORD,1h,2026-03-09 03:09:18,sell_purple_exit,紫色卖出,shadow,no_hit,否,492498,template_miss,shadow,
CORD,2h,2026-03-09 03:10:06,buy_core,笑笑砖策略,live,no_hit,否,246248,pattern_not_met,none,
CORD,2h,2026-03-09 03:10:06,buy_plus_red_diamond,买+红砖石,shadow,no_hit,否,,red_ratio_low,shadow,
CORD,2h,2026-03-09 03:10:06,buy_purple_bottom,紫抄,shadow,no_hit,否,246248,template_miss,shadow,
CORD,2h,2026-03-09 03:10:06,sell_purple_cry,紫色哭脸,live,no_hit,否,246248,purple_ratio_low,none,
CORD,2h,2026-03-09 03:10:06,sell_purple_exit,紫色卖出,shadow,no_hit,否,246248,template_miss,shadow,
CORD,3h,2026-03-09 03:10:49,buy_core,笑笑砖策略,live,no_hit,否,164165,pattern_not_met,none,
CORD,3h,2026-03-09 03:10:49,buy_plus_red_diamond,买+红砖石,shadow,no_hit,否,,red_ratio_low,shadow,
CORD,3h,2026-03-09 03:10:49,buy_purple_bottom,紫抄,shadow,no_hit,否,164165,template_miss,shadow,
CORD,3h,2026-03-09 03:10:49,sell_purple_cry,紫色哭脸,live,no_hit,否,164165,already_active,none,
CORD,3h,2026-03-09 03:10:49,sell_purple_exit,紫色卖出,shadow,no_hit,否,164165,template_miss,shadow,
CORD,4h,2026-03-09 03:11:40,buy_core,笑笑砖策略,live,no_hit,否,123123,pattern_not_met,none,
CORD,4h,2026-03-09 03:11:40,buy_plus_red_diamond,买+红砖石,shadow,no_hit,否,,red_ratio_low,shadow,
CORD,4h,2026-03-09 03:11:40,buy_purple_bottom,紫抄,shadow,no_hit,否,123123,template_miss,shadow,
CORD,4h,2026-03-09 03:11:40,sell_purple_cry,紫色哭脸,live,no_hit,否,123123,already_active,none,
CORD,4h,2026-03-09 03:11:40,sell_purple_exit,紫色卖出,shadow,no_hit,否,123123,template_miss,shadow,
CRCD,1h,2026-03-09 03:12:27,buy_core,笑笑砖策略,live,no_hit,否,492498,pattern_not_met,none,
CRCD,1h,2026-03-09 03:12:27,buy_plus_red_diamond,买+红砖石,shadow,no_hit,否,,template_miss,shadow,
CRCD,1h,2026-03-09 03:12:27,buy_purple_bottom,紫抄,shadow,no_hit,否,492498,template_miss,shadow,
CRCD,1h,2026-03-09 03:12:27,sell_purple_cry,紫色哭脸,live,no_hit,否,492498,template_miss,none,
CRCD,1h,2026-03-09 03:12:27,sell_purple_exit,紫色卖出,shadow,no_hit,否,492498,template_miss,shadow,
CRCD,2h,2026-03-09 03:13:27,buy_core,笑笑砖策略,live,no_hit,否,246248,pattern_not_met,none,
CRCD,2h,2026-03-09 03:13:27,buy_plus_red_diamond,买+红砖石,shadow,no_hit,否,,red_ratio_low,shadow,
CRCD,2h,2026-03-09 03:13:27,buy_purple_bottom,紫抄,shadow,no_hit,否,246248,template_miss,shadow,
CRCD,2h,2026-03-09 03:13:27,sell_purple_cry,紫色哭脸,live,no_hit,否,246248,already_active,none,
CRCD,2h,2026-03-09 03:13:27,sell_purple_exit,紫色卖出,shadow,no_hit,否,246248,template_miss,shadow,
CRCD,3h,2026-03-09 03:14:26,buy_core,笑笑砖策略,live,no_hit,否,164165,pattern_not_met,none,
CRCD,3h,2026-03-09 03:14:26,buy_plus_red_diamond,买+红砖石,shadow,no_hit,否,,red_ratio_low,shadow,
CRCD,3h,2026-03-09 03:14:26,buy_purple_bottom,紫抄,shadow,no_hit,否,164165,template_miss,shadow,
CRCD,3h,2026-03-09 03:14:26,sell_purple_cry,紫色哭脸,live,no_hit,否,164165,already_active,none,
CRCD,3h,2026-03-09 03:14:26,sell_purple_exit,紫色卖出,shadow,no_hit,否,164165,template_miss,shadow,
CRCD,4h,2026-03-09 03:15:38,buy_core,笑笑砖策略,live,no_hit,否,123123,pattern_not_met,none,
CRCD,4h,2026-03-09 03:15:38,buy_plus_red_diamond,买+红砖石,shadow,no_hit,否,,red_ratio_low,shadow,
CRCD,4h,2026-03-09 03:15:38,buy_purple_bottom,紫抄,shadow,no_hit,否,123123,template_miss,shadow,
CRCD,4h,2026-03-09 03:15:38,sell_purple_cry,紫色哭脸,live,no_hit,否,123123,template_miss,none,
CRCD,4h,2026-03-09 03:15:38,sell_purple_exit,紫色卖出,shadow,no_hit,否,123123,template_miss,shadow,
CRCL,1h,2026-03-09 03:17:09,buy_core,笑笑砖策略,live,no_hit,否,492498,pattern_not_met,none,
CRCL,1h,2026-03-09 03:17:09,buy_plus_red_diamond,买+红砖石,shadow,no_hit,否,,red_ratio_low,shadow,
CRCL,1h,2026-03-09 03:17:09,buy_purple_bottom,紫抄,shadow,no_hit,否,492498,template_miss,shadow,
CRCL,1h,2026-03-09 03:17:09,sell_purple_cry,紫色哭脸,live,no_hit,否,492498,template_miss,none,
CRCL,1h,2026-03-09 03:17:09,sell_purple_exit,紫色卖出,shadow,no_hit,否,492498,template_miss,shadow,
CRCL,2h,2026-03-09 03:18:23,buy_core,笑笑砖策略,live,no_hit,否,246248,pattern_not_met,none,
CRCL,2h,2026-03-09 03:18:23,buy_plus_red_diamond,买+红砖石,shadow,no_hit,否,,red_ratio_low,shadow,
CRCL,2h,2026-03-09 03:18:23,buy_purple_bottom,紫抄,shadow,no_hit,否,246248,template_miss,shadow,
CRCL,2h,2026-03-09 03:18:23,sell_purple_cry,紫色哭脸,live,no_hit,否,246248,template_miss,none,
CRCL,2h,2026-03-09 03:18:23,sell_purple_exit,紫色卖出,shadow,no_hit,否,246248,template_miss,shadow,
CRCL,3h,2026-03-09 03:19:34,buy_core,笑笑砖策略,live,no_hit,否,164165,pattern_not_met,none,
CRCL,3h,2026-03-09 03:19:34,buy_plus_red_diamond,买+红砖石,shadow,no_hit,否,,red_ratio_low,shadow,
CRCL,3h,2026-03-09 03:19:34,buy_purple_bottom,紫抄,shadow,no_hit,否,164165,template_miss,shadow,
CRCL,3h,2026-03-09 03:19:34,sell_purple_cry,紫色哭脸,live,no_hit,否,164165,template_miss,none,
CRCL,3h,2026-03-09 03:19:34,sell_purple_exit,紫色卖出,shadow,no_hit,否,164165,template_miss,shadow,
CRCL,4h,2026-03-09 03:20:16,buy_core,笑笑砖策略,live,no_hit,否,123123,pattern_not_met,none,
CRCL,4h,2026-03-09 03:20:16,buy_plus_red_diamond,买+红砖石,shadow,no_hit,否,,red_ratio_low,shadow,
CRCL,4h,2026-03-09 03:20:16,buy_purple_bottom,紫抄,shadow,no_hit,否,123123,template_miss,shadow,
CRCL,4h,2026-03-09 03:20:16,sell_purple_cry,紫色哭脸,live,no_hit,否,123123,already_active,none,
CRCL,4h,2026-03-09 03:20:16,sell_purple_exit,紫色卖出,shadow,no_hit,否,123123,template_miss,shadow,
CRDO,1h,2026-03-09 03:20:46,buy_core,笑笑砖策略,live,no_hit,否,492498,pattern_not_met,none,
CRDO,1h,2026-03-09 03:20:46,buy_plus_red_diamond,买+红砖石,shadow,no_hit,否,,red_ratio_low,shadow,
CRDO,1h,2026-03-09 03:20:46,buy_purple_bottom,紫抄,shadow,no_hit,否,492498,template_miss,shadow,
CRDO,1h,2026-03-09 03:20:46,sell_purple_cry,紫色哭脸,live,no_hit,否,492498,template_miss,none,
CRDO,1h,2026-03-09 03:20:46,sell_purple_exit,紫色卖出,shadow,no_hit,否,492498,template_miss,shadow,
CRDO,2h,2026-03-09 03:21:18,buy_core,笑笑砖策略,live,no_hit,否,246248,pattern_not_met,none,
CRDO,2h,2026-03-09 03:21:18,buy_plus_red_diamond,买+红砖石,shadow,no_hit,否,,red_ratio_low,shadow,
CRDO,2h,2026-03-09 03:21:18,buy_purple_bottom,紫抄,shadow,no_hit,否,246248,template_miss,shadow,
CRDO,2h,2026-03-09 03:21:18,sell_purple_cry,紫色哭脸,live,no_hit,否,246248,template_miss,none,
CRDO,2h,2026-03-09 03:21:18,sell_purple_exit,紫色卖出,shadow,no_hit,否,246248,template_miss,shadow,
CRDO,3h,2026-03-09 03:22:34,buy_core,笑笑砖策略,live,no_hit,否,164165,pattern_not_met,none,
CRDO,3h,2026-03-09 03:22:34,buy_plus_red_diamond,买+红砖石,shadow,no_hit,否,,red_ratio_low,shadow,
CRDO,3h,2026-03-09 03:22:34,buy_purple_bottom,紫抄,shadow,no_hit,否,164165,template_miss,shadow,
CRDO,3h,2026-03-09 03:22:34,sell_purple_cry,紫色哭脸,live,no_hit,否,164165,template_miss,none,
CRDO,3h,2026-03-09 03:22:34,sell_purple_exit,紫色卖出,shadow,no_hit,否,164165,template_miss,shadow,
CRDO,4h,2026-03-09 03:23:02,buy_core,笑笑砖策略,live,no_hit,否,123123,pattern_not_met,none,
CRDO,4h,2026-03-09 03:23:02,buy_plus_red_diamond,买+红砖石,shadow,no_hit,否,,red_ratio_low,shadow,
CRDO,4h,2026-03-09 03:23:02,buy_purple_bottom,紫抄,shadow,no_hit,否,123123,template_miss,shadow,
CRDO,4h,2026-03-09 03:23:02,sell_purple_cry,紫色哭脸,live,no_hit,否,123123,template_miss,none,
CRDO,4h,2026-03-09 03:23:02,sell_purple_exit,紫色卖出,shadow,no_hit,否,123123,template_miss,shadow,
CRML,1h,2026-03-09 03:23:20,buy_core,笑笑砖策略,live,no_hit,否,492498,pattern_not_met,none,
CRML,1h,2026-03-09 03:23:20,buy_plus_red_diamond,买+红砖石,shadow,no_hit,否,,red_ratio_low,shadow,
CRML,1h,2026-03-09 03:23:20,buy_purple_bottom,紫抄,shadow,no_hit,否,492498,template_miss,shadow,
CRML,1h,2026-03-09 03:23:20,sell_purple_cry,紫色哭脸,live,no_hit,否,492498,template_miss,none,
CRML,1h,2026-03-09 03:23:20,sell_purple_exit,紫色卖出,shadow,no_hit,否,492498,template_miss,shadow,
CRML,2h,2026-03-09 03:23:41,buy_core,笑笑砖策略,live,no_hit,否,246248,pattern_not_met,none,
CRML,2h,2026-03-09 03:23:41,buy_plus_red_diamond,买+红砖石,shadow,no_hit,否,,red_ratio_low,shadow,
CRML,2h,2026-03-09 03:23:41,buy_purple_bottom,紫抄,shadow,no_hit,否,246248,template_miss,shadow,
CRML,2h,2026-03-09 03:23:41,sell_purple_cry,紫色哭脸,live,no_hit,否,246248,template_miss,none,
CRML,2h,2026-03-09 03:23:41,sell_purple_exit,紫色卖出,shadow,no_hit,否,246248,template_miss,shadow,
CRML,3h,2026-03-09 03:24:02,buy_core,笑笑砖策略,live,no_hit,否,164165,pattern_not_met,none,
CRML,3h,2026-03-09 03:24:02,buy_plus_red_diamond,买+红砖石,shadow,no_hit,否,,red_ratio_low,shadow,
CRML,3h,2026-03-09 03:24:02,buy_purple_bottom,紫抄,shadow,no_hit,否,164165,template_miss,shadow,
CRML,3h,2026-03-09 03:24:02,sell_purple_cry,紫色哭脸,live,no_hit,否,164165,template_miss,none,
CRML,3h,2026-03-09 03:24:02,sell_purple_exit,紫色卖出,shadow,no_hit,否,164165,template_miss,shadow,
CRML,4h,2026-03-09 03:25:00,buy_core,笑笑砖策略,live,no_hit,否,123123,pattern_not_met,none,
CRML,4h,2026-03-09 03:25:00,buy_plus_red_diamond,买+红砖石,shadow,no_hit,否,,red_ratio_low,shadow,
CRML,4h,2026-03-09 03:25:00,buy_purple_bottom,紫抄,shadow,no_hit,否,123123,template_miss,shadow,
CRML,4h,2026-03-09 03:25:00,sell_purple_cry,紫色哭脸,live,no_hit,否,123123,template_miss,none,
CRML,4h,2026-03-09 03:25:00,sell_purple_exit,紫色卖出,shadow,no_hit,否,123123,template_miss,shadow,
DJT,1h,2026-03-09 03:25:23,buy_core,笑笑砖策略,live,no_hit,否,492498,pattern_not_met,none,
DJT,1h,2026-03-09 03:25:23,buy_plus_red_diamond,买+红砖石,shadow,no_hit,否,,red_ratio_low,shadow,
DJT,1h,2026-03-09 03:25:23,buy_purple_bottom,紫抄,shadow,no_hit,否,492498,template_miss,shadow,
DJT,1h,2026-03-09 03:25:23,sell_purple_cry,紫色哭脸,live,no_hit,否,492498,template_miss,none,
DJT,1h,2026-03-09 03:25:23,sell_purple_exit,紫色卖出,shadow,no_hit,否,492498,template_miss,shadow,
DJT,2h,2026-03-09 03:26:55,buy_core,笑笑砖策略,live,no_hit,否,246248,pattern_not_met,none,
DJT,2h,2026-03-09 03:26:55,buy_plus_red_diamond,买+红砖石,shadow,no_hit,否,,red_ratio_low,shadow,
DJT,2h,2026-03-09 03:26:55,buy_purple_bottom,紫抄,shadow,no_hit,否,246248,template_miss,shadow,
DJT,2h,2026-03-09 03:26:55,sell_purple_cry,紫色哭脸,live,no_hit,否,246248,template_miss,none,
DJT,2h,2026-03-09 03:26:55,sell_purple_exit,紫色卖出,shadow,no_hit,否,246248,template_miss,shadow,
DJT,3h,2026-03-09 03:27:35,buy_core,笑笑砖策略,live,no_hit,否,164165,pattern_not_met,none,
DJT,3h,2026-03-09 03:27:35,buy_plus_red_diamond,买+红砖石,shadow,no_hit,否,,red_ratio_low,shadow,
DJT,3h,2026-03-09 03:27:35,buy_purple_bottom,紫抄,shadow,no_hit,否,164165,template_miss,shadow,
DJT,3h,2026-03-09 03:27:35,sell_purple_cry,紫色哭脸,live,no_hit,否,164165,template_miss,none,
DJT,3h,2026-03-09 03:27:35,sell_purple_exit,紫色卖出,shadow,no_hit,否,164165,template_miss,shadow,
DJT,4h,2026-03-09 03:29:08,buy_core,笑笑砖策略,live,no_hit,否,123123,pattern_not_met,none,
DJT,4h,2026-03-09 03:29:08,buy_plus_red_diamond,买+红砖石,shadow,no_hit,否,,red_ratio_low,shadow,
DJT,4h,2026-03-09 03:29:08,buy_purple_bottom,紫抄,shadow,no_hit,否,123123,template_miss,shadow,
DJT,4h,2026-03-09 03:29:08,sell_purple_cry,紫色哭脸,live,no_hit,否,123123,template_miss,none,
DJT,4h,2026-03-09 03:29:08,sell_purple_exit,紫色卖出,shadow,no_hit,否,123123,template_miss,shadow,
DPST,1h,2026-03-09 03:30:18,buy_core,笑笑砖策略,live,no_hit,否,492498,pattern_not_met,none,
DPST,1h,2026-03-09 03:30:18,buy_plus_red_diamond,买+红砖石,shadow,no_hit,否,,template_miss,shadow,
DPST,1h,2026-03-09 03:30:18,buy_purple_bottom,紫抄,shadow,no_hit,否,492498,template_miss,shadow,
DPST,1h,2026-03-09 03:30:18,sell_purple_cry,紫色哭脸,live,no_hit,否,492498,template_miss,none,
DPST,1h,2026-03-09 03:30:18,sell_purple_exit,紫色卖出,shadow,no_hit,否,492498,template_miss,shadow,
DPST,2h,2026-03-09 03:30:55,buy_core,笑笑砖策略,live,no_hit,否,246248,pattern_not_met,none,
DPST,2h,2026-03-09 03:30:55,buy_plus_red_diamond,买+红砖石,shadow,no_hit,否,,red_ratio_low,shadow,
DPST,2h,2026-03-09 03:30:55,buy_purple_bottom,紫抄,shadow,no_hit,否,246248,template_miss,shadow,
DPST,2h,2026-03-09 03:30:55,sell_purple_cry,紫色哭脸,live,no_hit,否,246248,template_miss,none,
DPST,2h,2026-03-09 03:30:55,sell_purple_exit,紫色卖出,shadow,no_hit,否,246248,template_miss,shadow,
DPST,3h,2026-03-09 03:31:19,buy_core,笑笑砖策略,live,no_hit,否,164165,pattern_not_met,none,
DPST,3h,2026-03-09 03:31:19,buy_plus_red_diamond,买+红砖石,shadow,no_hit,否,,red_ratio_low,shadow,
DPST,3h,2026-03-09 03:31:19,buy_purple_bottom,紫抄,shadow,no_hit,否,164165,template_miss,shadow,
DPST,3h,2026-03-09 03:31:19,sell_purple_cry,紫色哭脸,live,no_hit,否,164165,template_miss,none,
DPST,3h,2026-03-09 03:31:19,sell_purple_exit,紫色卖出,shadow,no_hit,否,164165,template_miss,shadow,
DPST,4h,2026-03-09 03:31:39,buy_core,笑笑砖策略,live,no_hit,否,123123,pattern_not_met,none,
DPST,4h,2026-03-09 03:31:39,buy_plus_red_diamond,买+红砖石,shadow,no_hit,否,,red_ratio_low,shadow,
DPST,4h,2026-03-09 03:31:39,buy_purple_bottom,紫抄,shadow,no_hit,否,123123,template_miss,shadow,
DPST,4h,2026-03-09 03:31:39,sell_purple_cry,紫色哭脸,live,no_hit,否,123123,purple_ratio_low,none,
DPST,4h,2026-03-09 03:31:39,sell_purple_exit,紫色卖出,shadow,no_hit,否,123123,template_miss,shadow,
INTC,1h,2026-03-09 03:32:17,buy_core,笑笑砖策略,live,no_hit,否,492498,pattern_not_met,none,
INTC,1h,2026-03-09 03:32:17,buy_plus_red_diamond,买+红砖石,shadow,no_hit,否,,red_ratio_low,shadow,
INTC,1h,2026-03-09 03:32:17,buy_purple_bottom,紫抄,shadow,no_hit,否,492498,template_miss,shadow,
INTC,1h,2026-03-09 03:32:17,sell_purple_cry,紫色哭脸,live,no_hit,否,492498,template_miss,none,
INTC,1h,2026-03-09 03:32:17,sell_purple_exit,紫色卖出,shadow,no_hit,否,492498,template_miss,shadow,
INTC,2h,2026-03-09 03:32:57,buy_core,笑笑砖策略,live,no_hit,否,246248,pattern_not_met,none,
INTC,2h,2026-03-09 03:32:57,buy_plus_red_diamond,买+红砖石,shadow,no_hit,否,,red_ratio_low,shadow,
INTC,2h,2026-03-09 03:32:57,buy_purple_bottom,紫抄,shadow,no_hit,否,246248,template_miss,shadow,
INTC,2h,2026-03-09 03:32:57,sell_purple_cry,紫色哭脸,live,no_hit,否,246248,template_miss,none,
INTC,2h,2026-03-09 03:32:57,sell_purple_exit,紫色卖出,shadow,no_hit,否,246248,template_miss,shadow,
INTC,3h,2026-03-09 03:34:22,buy_core,笑笑砖策略,live,no_hit,否,164165,pattern_not_met,none,
INTC,3h,2026-03-09 03:34:22,buy_plus_red_diamond,买+红砖石,shadow,no_hit,否,,red_ratio_low,shadow,
INTC,3h,2026-03-09 03:34:22,buy_purple_bottom,紫抄,shadow,no_hit,否,164165,template_miss,shadow,
INTC,3h,2026-03-09 03:34:22,sell_purple_cry,紫色哭脸,live,no_hit,否,164165,template_miss,none,
INTC,3h,2026-03-09 03:34:22,sell_purple_exit,紫色卖出,shadow,no_hit,否,164165,template_miss,shadow,
INTC,4h,2026-03-09 03:34:40,buy_core,笑笑砖策略,live,no_hit,否,123123,pattern_not_met,none,
INTC,4h,2026-03-09 03:34:40,buy_plus_red_diamond,买+红砖石,shadow,no_hit,否,,red_ratio_low,shadow,
INTC,4h,2026-03-09 03:34:40,buy_purple_bottom,紫抄,shadow,no_hit,否,123123,template_miss,shadow,
INTC,4h,2026-03-09 03:34:40,sell_purple_cry,紫色哭脸,live,no_hit,否,123123,already_active,none,
INTC,4h,2026-03-09 03:34:40,sell_purple_exit,紫色卖出,shadow,no_hit,否,123123,template_miss,shadow,
KOLD,1h,2026-03-09 03:35:30,buy_core,笑笑砖策略,live,no_hit,否,492498,pattern_not_met,none,
KOLD,1h,2026-03-09 03:35:30,buy_plus_red_diamond,买+红砖石,shadow,no_hit,否,,red_ratio_low,shadow,
KOLD,1h,2026-03-09 03:35:30,buy_purple_bottom,紫抄,shadow,no_hit,否,492498,template_miss,shadow,
KOLD,1h,2026-03-09 03:35:30,sell_purple_cry,紫色哭脸,live,no_hit,否,492498,template_miss,none,
KOLD,1h,2026-03-09 03:35:30,sell_purple_exit,紫色卖出,shadow,no_hit,否,492498,template_miss,shadow,
KOLD,2h,2026-03-09 03:35:55,buy_core,笑笑砖策略,live,no_hit,否,246248,pattern_not_met,none,
KOLD,2h,2026-03-09 03:35:55,buy_plus_red_diamond,买+红砖石,shadow,no_hit,否,,red_ratio_low,shadow,
KOLD,2h,2026-03-09 03:35:55,buy_purple_bottom,紫抄,shadow,no_hit,否,246248,template_miss,shadow,
KOLD,2h,2026-03-09 03:35:55,sell_purple_cry,紫色哭脸,live,no_hit,否,246248,template_miss,none,
KOLD,2h,2026-03-09 03:35:55,sell_purple_exit,紫色卖出,shadow,no_hit,否,246248,template_miss,shadow,
KOLD,3h,2026-03-09 03:37:08,buy_core,笑笑砖策略,live,no_hit,否,164165,pattern_not_met,none,
KOLD,3h,2026-03-09 03:37:08,buy_plus_red_diamond,买+红砖石,shadow,no_hit,否,,red_ratio_low,shadow,
KOLD,3h,2026-03-09 03:37:08,buy_purple_bottom,紫抄,shadow,no_hit,否,164165,template_miss,shadow,
KOLD,3h,2026-03-09 03:37:08,sell_purple_cry,紫色哭脸,live,no_hit,否,164165,template_miss,none,
KOLD,3h,2026-03-09 03:37:08,sell_purple_exit,紫色卖出,shadow,no_hit,否,164165,template_miss,shadow,
KOLD,4h,2026-03-09 03:37:30,buy_core,笑笑砖策略,live,no_hit,否,123123,pattern_not_met,none,
KOLD,4h,2026-03-09 03:37:30,buy_plus_red_diamond,买+红砖石,shadow,no_hit,否,,red_ratio_low,shadow,
KOLD,4h,2026-03-09 03:37:30,buy_purple_bottom,紫抄,shadow,no_hit,否,123123,template_miss,shadow,
KOLD,4h,2026-03-09 03:37:30,sell_purple_cry,紫色哭脸,live,no_hit,否,123123,template_miss,none,
KOLD,4h,2026-03-09 03:37:30,sell_purple_exit,紫色卖出,shadow,no_hit,否,123123,template_miss,shadow,
LMND,1h,2026-03-09 03:38:23,buy_core,笑笑砖策略,live,no_hit,否,492498,pattern_not_met,none,
LMND,1h,2026-03-09 03:38:23,buy_plus_red_diamond,买+红砖石,shadow,no_hit,否,,red_ratio_low,shadow,
LMND,1h,2026-03-09 03:38:23,buy_purple_bottom,紫抄,shadow,no_hit,否,492498,template_miss,shadow,
LMND,1h,2026-03-09 03:38:23,sell_purple_cry,紫色哭脸,live,no_hit,否,492498,template_miss,none,
LMND,1h,2026-03-09 03:38:23,sell_purple_exit,紫色卖出,shadow,no_hit,否,492498,template_miss,shadow,
LMND,2h,2026-03-09 03:39:03,buy_core,笑笑砖策略,live,no_hit,否,246248,pattern_not_met,none,
LMND,2h,2026-03-09 03:39:03,buy_plus_red_diamond,买+红砖石,shadow,no_hit,否,,red_ratio_low,shadow,
LMND,2h,2026-03-09 03:39:03,buy_purple_bottom,紫抄,shadow,no_hit,否,246248,template_miss,shadow,
LMND,2h,2026-03-09 03:39:03,sell_purple_cry,紫色哭脸,live,no_hit,否,246248,already_active,none,
LMND,2h,2026-03-09 03:39:03,sell_purple_exit,紫色卖出,shadow,no_hit,否,246248,template_miss,shadow,
LMND,3h,2026-03-09 03:40:31,buy_core,笑笑砖策略,live,no_hit,否,164165,pattern_not_met,none,
LMND,3h,2026-03-09 03:40:31,buy_plus_red_diamond,买+红砖石,shadow,no_hit,否,,template_miss,shadow,
LMND,3h,2026-03-09 03:40:31,buy_purple_bottom,紫抄,shadow,no_hit,否,164165,template_miss,shadow,
LMND,3h,2026-03-09 03:40:31,sell_purple_cry,紫色哭脸,live,no_hit,否,164165,template_miss,none,
LMND,3h,2026-03-09 03:40:31,sell_purple_exit,紫色卖出,shadow,no_hit,否,164165,template_miss,shadow,
LMND,4h,2026-03-09 03:41:02,buy_core,笑笑砖策略,live,no_hit,否,123123,pattern_not_met,none,
LMND,4h,2026-03-09 03:41:02,buy_plus_red_diamond,买+红砖石,shadow,no_hit,否,,red_ratio_low,shadow,
LMND,4h,2026-03-09 03:41:02,buy_purple_bottom,紫抄,shadow,no_hit,否,123123,template_miss,shadow,
LMND,4h,2026-03-09 03:41:02,sell_purple_cry,紫色哭脸,live,no_hit,否,123123,already_active,none,
LMND,4h,2026-03-09 03:41:02,sell_purple_exit,紫色卖出,shadow,no_hit,否,123123,template_miss,shadow,
MP,1h,2026-03-09 03:41:57,buy_core,笑笑砖策略,live,no_hit,否,492498,pattern_not_met,none,
MP,1h,2026-03-09 03:41:57,buy_plus_red_diamond,买+红砖石,shadow,no_hit,否,,template_miss,shadow,
MP,1h,2026-03-09 03:41:57,buy_purple_bottom,紫抄,shadow,no_hit,否,492498,template_miss,shadow,
MP,1h,2026-03-09 03:41:57,sell_purple_cry,紫色哭脸,live,no_hit,否,492498,template_miss,none,
MP,1h,2026-03-09 03:41:57,sell_purple_exit,紫色卖出,shadow,no_hit,否,492498,template_miss,shadow,
MP,2h,2026-03-09 03:42:52,buy_core,笑笑砖策略,live,no_hit,否,246248,pattern_not_met,none,
MP,2h,2026-03-09 03:42:52,buy_plus_red_diamond,买+红砖石,shadow,no_hit,否,,template_miss,shadow,
MP,2h,2026-03-09 03:42:52,buy_purple_bottom,紫抄,shadow,no_hit,否,246248,template_miss,shadow,
MP,2h,2026-03-09 03:42:52,sell_purple_cry,紫色哭脸,live,no_hit,否,246248,template_miss,none,
MP,2h,2026-03-09 03:42:52,sell_purple_exit,紫色卖出,shadow,no_hit,否,246248,template_miss,shadow,
MP,3h,2026-03-09 03:43:55,buy_core,笑笑砖策略,live,no_hit,否,164165,pattern_not_met,none,
MP,3h,2026-03-09 03:43:55,buy_plus_red_diamond,买+红砖石,shadow,no_hit,否,,template_miss,shadow,
MP,3h,2026-03-09 03:43:55,buy_purple_bottom,紫抄,shadow,no_hit,否,164165,template_miss,shadow,
MP,3h,2026-03-09 03:43:55,sell_purple_cry,紫色哭脸,live,no_hit,否,164165,template_miss,none,
MP,3h,2026-03-09 03:43:55,sell_purple_exit,紫色卖出,shadow,no_hit,否,164165,template_miss,shadow,
MP,4h,2026-03-09 03:44:16,buy_core,笑笑砖策略,live,hit,是,123123,repeat_suppressed,repeat_suppressed,C:\Users\Administrator\Desktop\futu_combo_watch\output\hit_MP_4h_buy_core_20260309_034355.png
MP,4h,2026-03-09 03:44:16,buy_plus_red_diamond,买+红砖石,shadow,no_hit,否,,buy_red_no_pair,shadow,C:\Users\Administrator\Desktop\futu_combo_watch\output\hit_MP_4h_buy_core_20260309_034355.png
MP,4h,2026-03-09 03:44:16,buy_purple_bottom,紫抄,shadow,no_hit,否,123123,template_miss,shadow,C:\Users\Administrator\Desktop\futu_combo_watch\output\hit_MP_4h_buy_core_20260309_034355.png
MP,4h,2026-03-09 03:44:16,sell_purple_cry,紫色哭脸,live,no_hit,否,123123,purple_ratio_low,none,C:\Users\Administrator\Desktop\futu_combo_watch\output\hit_MP_4h_buy_core_20260309_034355.png
MP,4h,2026-03-09 03:44:16,sell_purple_exit,紫色卖出,shadow,no_hit,否,123123,template_miss,shadow,C:\Users\Administrator\Desktop\futu_combo_watch\output\hit_MP_4h_buy_core_20260309_034355.png
MU,1h,2026-03-09 03:44:47,buy_core,笑笑砖策略,live,no_hit,否,492498,pattern_not_met,none,
MU,1h,2026-03-09 03:44:47,buy_plus_red_diamond,买+红砖石,shadow,no_hit,否,,red_ratio_low,shadow,
MU,1h,2026-03-09 03:44:47,buy_purple_bottom,紫抄,shadow,no_hit,否,492498,template_miss,shadow,
MU,1h,2026-03-09 03:44:47,sell_purple_cry,紫色哭脸,live,no_hit,否,492498,template_miss,none,
MU,1h,2026-03-09 03:44:47,sell_purple_exit,紫色卖出,shadow,no_hit,否,492498,template_miss,shadow,
MU,2h,2026-03-09 03:45:24,buy_core,笑笑砖策略,live,no_hit,否,246248,pattern_not_met,none,
MU,2h,2026-03-09 03:45:24,buy_plus_red_diamond,买+红砖石,shadow,no_hit,否,,red_ratio_low,shadow,
MU,2h,2026-03-09 03:45:24,buy_purple_bottom,紫抄,shadow,no_hit,否,246248,template_miss,shadow,
MU,2h,2026-03-09 03:45:24,sell_purple_cry,紫色哭脸,live,no_hit,否,246248,template_miss,none,
MU,2h,2026-03-09 03:45:24,sell_purple_exit,紫色卖出,shadow,no_hit,否,246248,template_miss,shadow,
MU,3h,2026-03-09 03:46:00,buy_core,笑笑砖策略,live,no_hit,否,164165,pattern_not_met,none,
MU,3h,2026-03-09 03:46:00,buy_plus_red_diamond,买+红砖石,shadow,no_hit,否,,red_ratio_low,shadow,
MU,3h,2026-03-09 03:46:00,buy_purple_bottom,紫抄,shadow,no_hit,否,164165,template_miss,shadow,
MU,3h,2026-03-09 03:46:00,sell_purple_cry,紫色哭脸,live,no_hit,否,164165,template_miss,none,
MU,3h,2026-03-09 03:46:00,sell_purple_exit,紫色卖出,shadow,no_hit,否,164165,template_miss,shadow,
MU,4h,2026-03-09 03:46:38,buy_core,笑笑砖策略,live,no_hit,否,123123,pattern_not_met,none,
MU,4h,2026-03-09 03:46:38,buy_plus_red_diamond,买+红砖石,shadow,no_hit,否,,red_ratio_low,shadow,
MU,4h,2026-03-09 03:46:38,buy_purple_bottom,紫抄,shadow,no_hit,否,123123,template_miss,shadow,
MU,4h,2026-03-09 03:46:38,sell_purple_cry,紫色哭脸,live,no_hit,否,123123,template_miss,none,
MU,4h,2026-03-09 03:46:38,sell_purple_exit,紫色卖出,shadow,no_hit,否,123123,template_miss,shadow,
NBIS,1h,2026-03-09 03:47:16,buy_core,笑笑砖策略,live,no_hit,否,492498,pattern_not_met,none,
NBIS,1h,2026-03-09 03:47:16,buy_plus_red_diamond,买+红砖石,shadow,no_hit,否,,red_ratio_low,shadow,
NBIS,1h,2026-03-09 03:47:16,buy_purple_bottom,紫抄,shadow,no_hit,否,492498,template_miss,shadow,
NBIS,1h,2026-03-09 03:47:16,sell_purple_cry,紫色哭脸,live,no_hit,否,492498,template_miss,none,
NBIS,1h,2026-03-09 03:47:16,sell_purple_exit,紫色卖出,shadow,no_hit,否,492498,template_miss,shadow,
NBIS,2h,2026-03-09 03:48:29,buy_core,笑笑砖策略,live,no_hit,否,246248,pattern_not_met,none,
NBIS,2h,2026-03-09 03:48:29,buy_plus_red_diamond,买+红砖石,shadow,no_hit,否,,red_ratio_low,shadow,
NBIS,2h,2026-03-09 03:48:29,buy_purple_bottom,紫抄,shadow,no_hit,否,246248,template_miss,shadow,
NBIS,2h,2026-03-09 03:48:29,sell_purple_cry,紫色哭脸,live,no_hit,否,246248,template_miss,none,
NBIS,2h,2026-03-09 03:48:29,sell_purple_exit,紫色卖出,shadow,no_hit,否,246248,template_miss,shadow,
NBIS,3h,2026-03-09 03:48:52,buy_core,笑笑砖策略,live,no_hit,否,164165,pattern_not_met,none,
NBIS,3h,2026-03-09 03:48:52,buy_plus_red_diamond,买+红砖石,shadow,no_hit,否,,red_ratio_low,shadow,
NBIS,3h,2026-03-09 03:48:52,buy_purple_bottom,紫抄,shadow,no_hit,否,164165,template_miss,shadow,
NBIS,3h,2026-03-09 03:48:52,sell_purple_cry,紫色哭脸,live,no_hit,否,164165,purple_ratio_low,none,
NBIS,3h,2026-03-09 03:48:52,sell_purple_exit,紫色卖出,shadow,no_hit,否,164165,template_miss,shadow,
NBIS,4h,2026-03-09 03:50:20,buy_core,笑笑砖策略,live,no_hit,否,123123,pattern_not_met,none,
NBIS,4h,2026-03-09 03:50:20,buy_plus_red_diamond,买+红砖石,shadow,no_hit,否,,red_ratio_low,shadow,
NBIS,4h,2026-03-09 03:50:20,buy_purple_bottom,紫抄,shadow,no_hit,否,123123,template_miss,shadow,
NBIS,4h,2026-03-09 03:50:20,sell_purple_cry,紫色哭脸,live,no_hit,否,123123,template_miss,none,
NBIS,4h,2026-03-09 03:50:20,sell_purple_exit,紫色卖出,shadow,no_hit,否,123123,template_miss,shadow,
NBIZ,1h,2026-03-09 03:51:22,buy_core,笑笑砖策略,live,no_hit,否,492498,pattern_not_met,none,
NBIZ,1h,2026-03-09 03:51:22,buy_plus_red_diamond,买+红砖石,shadow,no_hit,否,,red_ratio_low,shadow,
NBIZ,1h,2026-03-09 03:51:22,buy_purple_bottom,紫抄,shadow,no_hit,否,492498,template_miss,shadow,
NBIZ,1h,2026-03-09 03:51:22,sell_purple_cry,紫色哭脸,live,no_hit,否,492498,template_miss,none,
NBIZ,1h,2026-03-09 03:51:22,sell_purple_exit,紫色卖出,shadow,no_hit,否,492498,template_miss,shadow,
NBIZ,2h,2026-03-09 03:52:09,buy_core,笑笑砖策略,live,no_hit,否,246248,pattern_not_met,none,
NBIZ,2h,2026-03-09 03:52:09,buy_plus_red_diamond,买+红砖石,shadow,no_hit,否,,template_miss,shadow,
NBIZ,2h,2026-03-09 03:52:09,buy_purple_bottom,紫抄,shadow,no_hit,否,246248,template_miss,shadow,
NBIZ,2h,2026-03-09 03:52:09,sell_purple_cry,紫色哭脸,live,no_hit,否,246248,template_miss,none,
NBIZ,2h,2026-03-09 03:52:09,sell_purple_exit,紫色卖出,shadow,no_hit,否,246248,template_miss,shadow,
NBIZ,3h,2026-03-09 03:53:45,buy_core,笑笑砖策略,live,no_hit,否,164165,pattern_not_met,none,
NBIZ,3h,2026-03-09 03:53:45,buy_plus_red_diamond,买+红砖石,shadow,no_hit,否,,template_miss,shadow,
NBIZ,3h,2026-03-09 03:53:45,buy_purple_bottom,紫抄,shadow,no_hit,否,164165,template_miss,shadow,
NBIZ,3h,2026-03-09 03:53:45,sell_purple_cry,紫色哭脸,live,no_hit,否,164165,template_miss,none,
NBIZ,3h,2026-03-09 03:53:45,sell_purple_exit,紫色卖出,shadow,no_hit,否,164165,template_miss,shadow,
NBIZ,4h,2026-03-09 03:54:55,buy_core,笑笑砖策略,live,no_hit,否,123123,pattern_not_met,none,
NBIZ,4h,2026-03-09 03:54:55,buy_plus_red_diamond,买+红砖石,shadow,no_hit,否,,template_miss,shadow,
NBIZ,4h,2026-03-09 03:54:55,buy_purple_bottom,紫抄,shadow,no_hit,否,123123,template_miss,shadow,
NBIZ,4h,2026-03-09 03:54:55,sell_purple_cry,紫色哭脸,live,no_hit,否,123123,template_miss,none,
NBIZ,4h,2026-03-09 03:54:55,sell_purple_exit,紫色卖出,shadow,no_hit,否,123123,template_miss,shadow,
NVDA,1h,2026-03-09 03:55:32,buy_core,笑笑砖策略,live,no_hit,否,492498,pattern_not_met,none,
NVDA,1h,2026-03-09 03:55:32,buy_plus_red_diamond,买+红砖石,shadow,no_hit,否,,red_ratio_low,shadow,
NVDA,1h,2026-03-09 03:55:32,buy_purple_bottom,紫抄,shadow,no_hit,否,492498,template_miss,shadow,
NVDA,1h,2026-03-09 03:55:32,sell_purple_cry,紫色哭脸,live,no_hit,否,492498,template_miss,none,
NVDA,1h,2026-03-09 03:55:32,sell_purple_exit,紫色卖出,shadow,no_hit,否,492498,template_miss,shadow,
NVDA,2h,2026-03-09 03:56:12,buy_core,笑笑砖策略,live,no_hit,否,246248,pattern_not_met,none,
NVDA,2h,2026-03-09 03:56:12,buy_plus_red_diamond,买+红砖石,shadow,no_hit,否,,template_miss,shadow,
NVDA,2h,2026-03-09 03:56:12,buy_purple_bottom,紫抄,shadow,no_hit,否,246248,template_miss,shadow,
NVDA,2h,2026-03-09 03:56:12,sell_purple_cry,紫色哭脸,live,no_hit,否,246248,template_miss,none,
NVDA,2h,2026-03-09 03:56:12,sell_purple_exit,紫色卖出,shadow,no_hit,否,246248,template_miss,shadow,
NVDA,3h,2026-03-09 03:56:41,buy_core,笑笑砖策略,live,no_hit,否,164165,pattern_not_met,none,
NVDA,3h,2026-03-09 03:56:41,buy_plus_red_diamond,买+红砖石,shadow,no_hit,否,,template_miss,shadow,
NVDA,3h,2026-03-09 03:56:41,buy_purple_bottom,紫抄,shadow,no_hit,否,164165,template_miss,shadow,
NVDA,3h,2026-03-09 03:56:41,sell_purple_cry,紫色哭脸,live,no_hit,否,164165,template_miss,none,
NVDA,3h,2026-03-09 03:56:41,sell_purple_exit,紫色卖出,shadow,no_hit,否,164165,template_miss,shadow,
NVDA,4h,2026-03-09 03:58:07,buy_core,笑笑砖策略,live,no_hit,否,123123,pattern_not_met,none,
NVDA,4h,2026-03-09 03:58:07,buy_plus_red_diamond,买+红砖石,shadow,no_hit,否,,template_miss,shadow,
NVDA,4h,2026-03-09 03:58:07,buy_purple_bottom,紫抄,shadow,no_hit,否,123123,template_miss,shadow,
NVDA,4h,2026-03-09 03:58:07,sell_purple_cry,紫色哭脸,live,no_hit,否,123123,template_miss,none,
NVDA,4h,2026-03-09 03:58:07,sell_purple_exit,紫色卖出,shadow,no_hit,否,123123,template_miss,shadow,
OKLO,1h,2026-03-09 03:58:48,buy_core,笑笑砖策略,live,no_hit,否,492498,pattern_not_met,none,
OKLO,1h,2026-03-09 03:58:48,buy_plus_red_diamond,买+红砖石,shadow,no_hit,否,,red_ratio_low,shadow,
OKLO,1h,2026-03-09 03:58:48,buy_purple_bottom,紫抄,shadow,no_hit,否,492498,template_miss,shadow,
OKLO,1h,2026-03-09 03:58:48,sell_purple_cry,紫色哭脸,live,no_hit,否,492498,template_miss,none,
OKLO,1h,2026-03-09 03:58:48,sell_purple_exit,紫色卖出,shadow,no_hit,否,492498,template_miss,shadow,
OKLO,2h,2026-03-09 03:59:24,buy_core,笑笑砖策略,live,no_hit,否,246248,pattern_not_met,none,
OKLO,2h,2026-03-09 03:59:24,buy_plus_red_diamond,买+红砖石,shadow,no_hit,否,,red_ratio_low,shadow,
OKLO,2h,2026-03-09 03:59:24,buy_purple_bottom,紫抄,shadow,no_hit,否,246248,template_miss,shadow,
OKLO,2h,2026-03-09 03:59:24,sell_purple_cry,紫色哭脸,live,no_hit,否,246248,template_miss,none,
OKLO,2h,2026-03-09 03:59:24,sell_purple_exit,紫色卖出,shadow,no_hit,否,246248,template_miss,shadow,
OKLO,3h,2026-03-09 03:59:56,buy_core,笑笑砖策略,live,no_hit,否,164165,pattern_not_met,none,
OKLO,3h,2026-03-09 03:59:56,buy_plus_red_diamond,买+红砖石,shadow,no_hit,否,,red_ratio_low,shadow,
OKLO,3h,2026-03-09 03:59:56,buy_purple_bottom,紫抄,shadow,no_hit,否,164165,template_miss,shadow,
OKLO,3h,2026-03-09 03:59:56,sell_purple_cry,紫色哭脸,live,no_hit,否,164165,template_miss,none,
OKLO,3h,2026-03-09 03:59:56,sell_purple_exit,紫色卖出,shadow,no_hit,否,164165,template_miss,shadow,
OKLO,4h,2026-03-09 04:01:19,buy_core,笑笑砖策略,live,no_hit,否,123123,pattern_not_met,none,
OKLO,4h,2026-03-09 04:01:19,buy_plus_red_diamond,买+红砖石,shadow,no_hit,否,,red_ratio_low,shadow,
OKLO,4h,2026-03-09 04:01:19,buy_purple_bottom,紫抄,shadow,no_hit,否,123123,template_miss,shadow,
OKLO,4h,2026-03-09 04:01:19,sell_purple_cry,紫色哭脸,live,no_hit,否,123123,template_miss,none,
OKLO,4h,2026-03-09 04:01:19,sell_purple_exit,紫色卖出,shadow,no_hit,否,123123,template_miss,shadow,
OKLS,1h,2026-03-09 04:02:09,buy_core,笑笑砖策略,live,no_hit,否,492499,pattern_not_met,none,
OKLS,1h,2026-03-09 04:02:09,buy_plus_red_diamond,买+红砖石,shadow,no_hit,否,,red_ratio_low,shadow,
OKLS,1h,2026-03-09 04:02:09,buy_purple_bottom,紫抄,shadow,no_hit,否,492499,template_miss,shadow,
OKLS,1h,2026-03-09 04:02:09,sell_purple_cry,紫色哭脸,live,no_hit,否,492499,template_miss,none,
OKLS,1h,2026-03-09 04:02:09,sell_purple_exit,紫色卖出,shadow,no_hit,否,492499,template_miss,shadow,
OKLS,2h,2026-03-09 04:03:06,buy_core,笑笑砖策略,live,no_hit,否,246249,pattern_not_met,none,
OKLS,2h,2026-03-09 04:03:06,buy_plus_red_diamond,买+红砖石,shadow,no_hit,否,,red_ratio_low,shadow,
OKLS,2h,2026-03-09 04:03:06,buy_purple_bottom,紫抄,shadow,no_hit,否,246249,template_miss,shadow,
OKLS,2h,2026-03-09 04:03:06,sell_purple_cry,紫色哭脸,live,no_hit,否,246249,template_miss,none,
OKLS,2h,2026-03-09 04:03:06,sell_purple_exit,紫色卖出,shadow,no_hit,否,246249,template_miss,shadow,
OKLS,3h,2026-03-09 04:03:44,buy_core,笑笑砖策略,live,no_hit,否,164165,pattern_not_met,none,
OKLS,3h,2026-03-09 04:03:44,buy_plus_red_diamond,买+红砖石,shadow,no_hit,否,,red_ratio_low,shadow,
OKLS,3h,2026-03-09 04:03:44,buy_purple_bottom,紫抄,shadow,no_hit,否,164165,template_miss,shadow,
OKLS,3h,2026-03-09 04:03:44,sell_purple_cry,紫色哭脸,live,no_hit,否,164165,template_miss,none,
OKLS,3h,2026-03-09 04:03:44,sell_purple_exit,紫色卖出,shadow,no_hit,否,164165,template_miss,shadow,
OKLS,4h,2026-03-09 04:04:40,buy_core,笑笑砖策略,live,no_hit,否,123124,pattern_not_met,none,
OKLS,4h,2026-03-09 04:04:40,buy_plus_red_diamond,买+红砖石,shadow,no_hit,否,,red_ratio_low,shadow,
OKLS,4h,2026-03-09 04:04:40,buy_purple_bottom,紫抄,shadow,no_hit,否,123124,template_miss,shadow,
OKLS,4h,2026-03-09 04:04:40,sell_purple_cry,紫色哭脸,live,no_hit,否,123124,template_miss,none,
OKLS,4h,2026-03-09 04:04:40,sell_purple_exit,紫色卖出,shadow,no_hit,否,123124,template_miss,shadow,
PLTR,1h,2026-03-09 04:06:01,buy_core,笑笑砖策略,live,no_hit,否,492499,pattern_not_met,none,
PLTR,1h,2026-03-09 04:06:01,buy_plus_red_diamond,买+红砖石,shadow,no_hit,否,,red_ratio_low,shadow,
PLTR,1h,2026-03-09 04:06:01,buy_purple_bottom,紫抄,shadow,no_hit,否,492499,template_miss,shadow,
PLTR,1h,2026-03-09 04:06:01,sell_purple_cry,紫色哭脸,live,no_hit,否,492499,template_miss,none,
PLTR,1h,2026-03-09 04:06:01,sell_purple_exit,紫色卖出,shadow,no_hit,否,492499,template_miss,shadow,
PLTR,2h,2026-03-09 04:07:16,buy_core,笑笑砖策略,live,no_hit,否,246249,pattern_not_met,none,
PLTR,2h,2026-03-09 04:07:16,buy_plus_red_diamond,买+红砖石,shadow,no_hit,否,,template_miss,shadow,
PLTR,2h,2026-03-09 04:07:16,buy_purple_bottom,紫抄,shadow,no_hit,否,246249,template_miss,shadow,
PLTR,2h,2026-03-09 04:07:16,sell_purple_cry,紫色哭脸,live,no_hit,否,246249,template_miss,none,
PLTR,2h,2026-03-09 04:07:16,sell_purple_exit,紫色卖出,shadow,no_hit,否,246249,template_miss,shadow,
PLTR,3h,2026-03-09 04:08:27,buy_core,笑笑砖策略,live,no_hit,否,164165,pattern_not_met,none,
PLTR,3h,2026-03-09 04:08:27,buy_plus_red_diamond,买+红砖石,shadow,no_hit,否,,template_miss,shadow,
PLTR,3h,2026-03-09 04:08:27,buy_purple_bottom,紫抄,shadow,no_hit,否,164165,template_miss,shadow,
PLTR,3h,2026-03-09 04:08:27,sell_purple_cry,紫色哭脸,live,no_hit,否,164165,template_miss,none,
PLTR,3h,2026-03-09 04:08:27,sell_purple_exit,紫色卖出,shadow,no_hit,否,164165,template_miss,shadow,
PLTR,4h,2026-03-09 04:09:53,buy_core,笑笑砖策略,live,no_hit,否,123124,pattern_not_met,none,
PLTR,4h,2026-03-09 04:09:53,buy_plus_red_diamond,买+红砖石,shadow,no_hit,否,,template_miss,shadow,
PLTR,4h,2026-03-09 04:09:53,buy_purple_bottom,紫抄,shadow,no_hit,否,123124,template_miss,shadow,
PLTR,4h,2026-03-09 04:09:53,sell_purple_cry,紫色哭脸,live,no_hit,否,123124,template_miss,none,
PLTR,4h,2026-03-09 04:09:53,sell_purple_exit,紫色卖出,shadow,no_hit,否,123124,template_miss,shadow,
PLTZ,1h,2026-03-09 04:11:19,buy_core,笑笑砖策略,live,no_hit,否,492499,pattern_not_met,none,
PLTZ,1h,2026-03-09 04:11:19,buy_plus_red_diamond,买+红砖石,shadow,no_hit,否,,red_ratio_low,shadow,
PLTZ,1h,2026-03-09 04:11:19,buy_purple_bottom,紫抄,shadow,no_hit,否,492499,template_miss,shadow,
PLTZ,1h,2026-03-09 04:11:19,sell_purple_cry,紫色哭脸,live,no_hit,否,492499,template_miss,none,
PLTZ,1h,2026-03-09 04:11:19,sell_purple_exit,紫色卖出,shadow,no_hit,否,492499,template_miss,shadow,
PLTZ,2h,2026-03-09 04:12:34,buy_core,笑笑砖策略,live,no_hit,否,246249,pattern_not_met,none,
PLTZ,2h,2026-03-09 04:12:34,buy_plus_red_diamond,买+红砖石,shadow,no_hit,否,,template_miss,shadow,
PLTZ,2h,2026-03-09 04:12:34,buy_purple_bottom,紫抄,shadow,no_hit,否,246249,template_miss,shadow,
PLTZ,2h,2026-03-09 04:12:34,sell_purple_cry,紫色哭脸,live,no_hit,否,246249,template_miss,none,
PLTZ,2h,2026-03-09 04:12:34,sell_purple_exit,紫色卖出,shadow,no_hit,否,246249,template_miss,shadow,
PLTZ,3h,2026-03-09 04:13:47,buy_core,笑笑砖策略,live,no_hit,否,164165,pattern_not_met,none,
PLTZ,3h,2026-03-09 04:13:47,buy_plus_red_diamond,买+红砖石,shadow,no_hit,否,,red_ratio_low,shadow,
PLTZ,3h,2026-03-09 04:13:47,buy_purple_bottom,紫抄,shadow,no_hit,否,164165,template_miss,shadow,
PLTZ,3h,2026-03-09 04:13:47,sell_purple_cry,紫色哭脸,live,no_hit,否,164165,template_miss,none,
PLTZ,3h,2026-03-09 04:13:47,sell_purple_exit,紫色卖出,shadow,no_hit,否,164165,template_miss,shadow,
PLTZ,4h,2026-03-09 04:14:10,buy_core,笑笑砖策略,live,no_hit,否,123124,pattern_not_met,none,
PLTZ,4h,2026-03-09 04:14:10,buy_plus_red_diamond,买+红砖石,shadow,no_hit,否,,red_ratio_low,shadow,
PLTZ,4h,2026-03-09 04:14:10,buy_purple_bottom,紫抄,shadow,no_hit,否,123124,template_miss,shadow,
PLTZ,4h,2026-03-09 04:14:10,sell_purple_cry,紫色哭脸,live,no_hit,否,123124,template_miss,none,
PLTZ,4h,2026-03-09 04:14:10,sell_purple_exit,紫色卖出,shadow,no_hit,否,123124,template_miss,shadow,
RDW,1h,2026-03-09 04:14:50,buy_core,笑笑砖策略,live,no_hit,否,492499,pattern_not_met,none,
RDW,1h,2026-03-09 04:14:50,buy_plus_red_diamond,买+红砖石,shadow,no_hit,否,,red_ratio_low,shadow,
RDW,1h,2026-03-09 04:14:50,buy_purple_bottom,紫抄,shadow,no_hit,否,492499,template_miss,shadow,
RDW,1h,2026-03-09 04:14:50,sell_purple_cry,紫色哭脸,live,no_hit,否,492499,template_miss,none,
RDW,1h,2026-03-09 04:14:50,sell_purple_exit,紫色卖出,shadow,no_hit,否,492499,template_miss,shadow,
RDW,2h,2026-03-09 04:15:21,buy_core,笑笑砖策略,live,no_hit,否,246249,pattern_not_met,none,
RDW,2h,2026-03-09 04:15:21,buy_plus_red_diamond,买+红砖石,shadow,no_hit,否,,red_ratio_low,shadow,
RDW,2h,2026-03-09 04:15:21,buy_purple_bottom,紫抄,shadow,no_hit,否,246249,template_miss,shadow,
RDW,2h,2026-03-09 04:15:21,sell_purple_cry,紫色哭脸,live,no_hit,否,246249,template_miss,none,
RDW,2h,2026-03-09 04:15:21,sell_purple_exit,紫色卖出,shadow,no_hit,否,246249,template_miss,shadow,
RDW,3h,2026-03-09 04:15:52,buy_core,笑笑砖策略,live,no_hit,否,164165,pattern_not_met,none,
RDW,3h,2026-03-09 04:15:52,buy_plus_red_diamond,买+红砖石,shadow,no_hit,否,,red_ratio_low,shadow,
RDW,3h,2026-03-09 04:15:52,buy_purple_bottom,紫抄,shadow,no_hit,否,164165,template_miss,shadow,
RDW,3h,2026-03-09 04:15:52,sell_purple_cry,紫色哭脸,live,no_hit,否,164165,template_miss,none,
RDW,3h,2026-03-09 04:15:52,sell_purple_exit,紫色卖出,shadow,no_hit,否,164165,template_miss,shadow,
RDW,4h,2026-03-09 04:16:28,buy_core,笑笑砖策略,live,no_hit,否,123124,pattern_not_met,none,
RDW,4h,2026-03-09 04:16:28,buy_plus_red_diamond,买+红砖石,shadow,no_hit,否,,red_ratio_low,shadow,
RDW,4h,2026-03-09 04:16:28,buy_purple_bottom,紫抄,shadow,no_hit,否,123124,template_miss,shadow,
RDW,4h,2026-03-09 04:16:28,sell_purple_cry,紫色哭脸,live,no_hit,否,123124,template_miss,none,
RDW,4h,2026-03-09 04:16:28,sell_purple_exit,紫色卖出,shadow,no_hit,否,123124,template_miss,shadow,
RGTZ,1h,2026-03-09 04:17:01,buy_core,笑笑砖策略,live,no_hit,否,492499,pattern_not_met,none,
RGTZ,1h,2026-03-09 04:17:01,buy_plus_red_diamond,买+红砖石,shadow,no_hit,否,,red_ratio_low,shadow,
RGTZ,1h,2026-03-09 04:17:01,buy_purple_bottom,紫抄,shadow,no_hit,否,492499,template_miss,shadow,
RGTZ,1h,2026-03-09 04:17:01,sell_purple_cry,紫色哭脸,live,no_hit,否,492499,already_active,none,
RGTZ,1h,2026-03-09 04:17:01,sell_purple_exit,紫色卖出,shadow,no_hit,否,492499,template_miss,shadow,
RGTZ,2h,2026-03-09 04:17:48,buy_core,笑笑砖策略,live,no_hit,否,246249,pattern_not_met,none,
RGTZ,2h,2026-03-09 04:17:48,buy_plus_red_diamond,买+红砖石,shadow,no_hit,否,,red_ratio_low,shadow,
RGTZ,2h,2026-03-09 04:17:48,buy_purple_bottom,紫抄,shadow,no_hit,否,246249,template_miss,shadow,
RGTZ,2h,2026-03-09 04:17:48,sell_purple_cry,紫色哭脸,live,no_hit,否,246249,template_miss,none,
RGTZ,2h,2026-03-09 04:17:48,sell_purple_exit,紫色卖出,shadow,no_hit,否,246249,template_miss,shadow,
RGTZ,3h,2026-03-09 04:18:46,buy_core,笑笑砖策略,live,no_hit,否,164165,pattern_not_met,none,
RGTZ,3h,2026-03-09 04:18:46,buy_plus_red_diamond,买+红砖石,shadow,no_hit,否,,red_ratio_low,shadow,
RGTZ,3h,2026-03-09 04:18:46,buy_purple_bottom,紫抄,shadow,no_hit,否,164165,template_miss,shadow,
RGTZ,3h,2026-03-09 04:18:46,sell_purple_cry,紫色哭脸,live,no_hit,否,164165,purple_ratio_low,none,
RGTZ,3h,2026-03-09 04:18:46,sell_purple_exit,紫色卖出,shadow,no_hit,否,164165,template_miss,shadow,
RGTZ,4h,2026-03-09 04:19:11,buy_core,笑笑砖策略,live,no_hit,否,123124,pattern_not_met,none,
RGTZ,4h,2026-03-09 04:19:11,buy_plus_red_diamond,买+红砖石,shadow,no_hit,否,,red_ratio_low,shadow,
RGTZ,4h,2026-03-09 04:19:11,buy_purple_bottom,紫抄,shadow,no_hit,否,123124,template_miss,shadow,
RGTZ,4h,2026-03-09 04:19:11,sell_purple_cry,紫色哭脸,live,no_hit,否,123124,purple_ratio_low,none,
RGTZ,4h,2026-03-09 04:19:11,sell_purple_exit,紫色卖出,shadow,no_hit,否,123124,template_miss,shadow,
RKLB,1h,2026-03-09 04:20:29,buy_core,笑笑砖策略,live,no_hit,否,492499,pattern_not_met,none,
RKLB,1h,2026-03-09 04:20:29,buy_plus_red_diamond,买+红砖石,shadow,no_hit,否,,red_ratio_low,shadow,
RKLB,1h,2026-03-09 04:20:29,buy_purple_bottom,紫抄,shadow,no_hit,否,492499,template_miss,shadow,
RKLB,1h,2026-03-09 04:20:29,sell_purple_cry,紫色哭脸,live,no_hit,否,492499,template_miss,none,
RKLB,1h,2026-03-09 04:20:29,sell_purple_exit,紫色卖出,shadow,no_hit,否,492499,template_miss,shadow,
RKLB,2h,2026-03-09 04:21:12,buy_core,笑笑砖策略,live,no_hit,否,246249,pattern_not_met,none,
RKLB,2h,2026-03-09 04:21:12,buy_plus_red_diamond,买+红砖石,shadow,no_hit,否,,red_ratio_low,shadow,
RKLB,2h,2026-03-09 04:21:12,buy_purple_bottom,紫抄,shadow,no_hit,否,246249,template_miss,shadow,
RKLB,2h,2026-03-09 04:21:12,sell_purple_cry,紫色哭脸,live,no_hit,否,246249,already_active,none,
RKLB,2h,2026-03-09 04:21:12,sell_purple_exit,紫色卖出,shadow,no_hit,否,246249,template_miss,shadow,
RKLB,3h,2026-03-09 04:22:08,buy_core,笑笑砖策略,live,no_hit,否,164165,pattern_not_met,none,
RKLB,3h,2026-03-09 04:22:08,buy_plus_red_diamond,买+红砖石,shadow,no_hit,否,,red_ratio_low,shadow,
RKLB,3h,2026-03-09 04:22:08,buy_purple_bottom,紫抄,shadow,no_hit,否,164165,template_miss,shadow,
RKLB,3h,2026-03-09 04:22:08,sell_purple_cry,紫色哭脸,live,no_hit,否,164165,template_miss,none,
RKLB,3h,2026-03-09 04:22:08,sell_purple_exit,紫色卖出,shadow,no_hit,否,164165,template_miss,shadow,
RKLB,4h,2026-03-09 04:22:39,buy_core,笑笑砖策略,live,no_hit,否,123124,pattern_not_met,none,
RKLB,4h,2026-03-09 04:22:39,buy_plus_red_diamond,买+红砖石,shadow,no_hit,否,,red_ratio_low,shadow,
RKLB,4h,2026-03-09 04:22:39,buy_purple_bottom,紫抄,shadow,no_hit,否,123124,template_miss,shadow,
RKLB,4h,2026-03-09 04:22:39,sell_purple_cry,紫色哭脸,live,no_hit,否,123124,purple_ratio_low,none,
RKLB,4h,2026-03-09 04:22:39,sell_purple_exit,紫色卖出,shadow,no_hit,否,123124,template_miss,shadow,
RKLZ,1h,2026-03-09 04:23:13,buy_core,笑笑砖策略,live,no_hit,否,492499,pattern_not_met,none,
RKLZ,1h,2026-03-09 04:23:13,buy_plus_red_diamond,买+红砖石,shadow,no_hit,否,,red_ratio_low,shadow,
RKLZ,1h,2026-03-09 04:23:13,buy_purple_bottom,紫抄,shadow,no_hit,否,492499,template_miss,shadow,
RKLZ,1h,2026-03-09 04:23:13,sell_purple_cry,紫色哭脸,live,no_hit,否,492499,already_active,none,
RKLZ,1h,2026-03-09 04:23:13,sell_purple_exit,紫色卖出,shadow,no_hit,否,492499,template_miss,shadow,
RKLZ,2h,2026-03-09 04:23:49,buy_core,笑笑砖策略,live,no_hit,否,246249,pattern_not_met,none,
RKLZ,2h,2026-03-09 04:23:49,buy_plus_red_diamond,买+红砖石,shadow,no_hit,否,,red_ratio_low,shadow,
RKLZ,2h,2026-03-09 04:23:49,buy_purple_bottom,紫抄,shadow,no_hit,否,246249,template_miss,shadow,
RKLZ,2h,2026-03-09 04:23:49,sell_purple_cry,紫色哭脸,live,no_hit,否,246249,template_miss,none,
RKLZ,2h,2026-03-09 04:23:49,sell_purple_exit,紫色卖出,shadow,no_hit,否,246249,template_miss,shadow,
RKLZ,3h,2026-03-09 04:24:07,buy_core,笑笑砖策略,live,no_hit,否,164165,pattern_not_met,none,
RKLZ,3h,2026-03-09 04:24:07,buy_plus_red_diamond,买+红砖石,shadow,no_hit,否,,red_ratio_low,shadow,
RKLZ,3h,2026-03-09 04:24:07,buy_purple_bottom,紫抄,shadow,no_hit,否,164165,template_miss,shadow,
RKLZ,3h,2026-03-09 04:24:07,sell_purple_cry,紫色哭脸,live,no_hit,否,164165,already_active,none,
RKLZ,3h,2026-03-09 04:24:07,sell_purple_exit,紫色卖出,shadow,no_hit,否,164165,template_miss,shadow,
RKLZ,4h,2026-03-09 04:24:35,buy_core,笑笑砖策略,live,no_hit,否,123124,pattern_not_met,none,
RKLZ,4h,2026-03-09 04:24:35,buy_plus_red_diamond,买+红砖石,shadow,no_hit,否,,red_ratio_low,shadow,
RKLZ,4h,2026-03-09 04:24:35,buy_purple_bottom,紫抄,shadow,no_hit,否,123124,template_miss,shadow,
RKLZ,4h,2026-03-09 04:24:35,sell_purple_cry,紫色哭脸,live,no_hit,否,123124,already_active,none,
RKLZ,4h,2026-03-09 04:24:35,sell_purple_exit,紫色卖出,shadow,no_hit,否,123124,template_miss,shadow,
RZLV,1h,2026-03-09 04:25:45,buy_core,笑笑砖策略,live,no_hit,否,492499,pattern_not_met,none,
RZLV,1h,2026-03-09 04:25:45,buy_plus_red_diamond,买+红砖石,shadow,no_hit,否,,red_ratio_low,shadow,
RZLV,1h,2026-03-09 04:25:45,buy_purple_bottom,紫抄,shadow,no_hit,否,492499,template_miss,shadow,
RZLV,1h,2026-03-09 04:25:45,sell_purple_cry,紫色哭脸,live,no_hit,否,492499,template_miss,none,
RZLV,1h,2026-03-09 04:25:45,sell_purple_exit,紫色卖出,shadow,no_hit,否,492499,template_miss,shadow,
RZLV,2h,2026-03-09 04:26:35,buy_core,笑笑砖策略,live,no_hit,否,246249,pattern_not_met,none,
RZLV,2h,2026-03-09 04:26:35,buy_plus_red_diamond,买+红砖石,shadow,no_hit,否,,red_ratio_low,shadow,
RZLV,2h,2026-03-09 04:26:35,buy_purple_bottom,紫抄,shadow,no_hit,否,246249,template_miss,shadow,
RZLV,2h,2026-03-09 04:26:35,sell_purple_cry,紫色哭脸,live,no_hit,否,246249,template_miss,none,
RZLV,2h,2026-03-09 04:26:35,sell_purple_exit,紫色卖出,shadow,no_hit,否,246249,template_miss,shadow,
RZLV,3h,2026-03-09 04:26:53,buy_core,笑笑砖策略,live,no_hit,否,164165,pattern_not_met,none,
RZLV,3h,2026-03-09 04:26:53,buy_plus_red_diamond,买+红砖石,shadow,no_hit,否,,red_ratio_low,shadow,
RZLV,3h,2026-03-09 04:26:53,buy_purple_bottom,紫抄,shadow,no_hit,否,164165,template_miss,shadow,
RZLV,3h,2026-03-09 04:26:53,sell_purple_cry,紫色哭脸,live,no_hit,否,164165,already_active,none,
RZLV,3h,2026-03-09 04:26:53,sell_purple_exit,紫色卖出,shadow,no_hit,否,164165,template_miss,shadow,
RZLV,4h,2026-03-09 04:27:31,buy_core,笑笑砖策略,live,no_hit,否,123124,pattern_not_met,none,
RZLV,4h,2026-03-09 04:27:31,buy_plus_red_diamond,买+红砖石,shadow,no_hit,否,,red_ratio_low,shadow,
RZLV,4h,2026-03-09 04:27:31,buy_purple_bottom,紫抄,shadow,no_hit,否,123124,template_miss,shadow,
RZLV,4h,2026-03-09 04:27:31,sell_purple_cry,紫色哭脸,live,no_hit,否,123124,template_miss,none,
RZLV,4h,2026-03-09 04:27:31,sell_purple_exit,紫色卖出,shadow,no_hit,否,123124,template_miss,shadow,
SOXS,1h,2026-03-09 04:28:23,buy_core,笑笑砖策略,live,no_hit,否,492499,pattern_not_met,none,
SOXS,1h,2026-03-09 04:28:23,buy_plus_red_diamond,买+红砖石,shadow,no_hit,否,,red_ratio_low,shadow,
SOXS,1h,2026-03-09 04:28:23,buy_purple_bottom,紫抄,shadow,no_hit,否,492499,template_miss,shadow,
SOXS,1h,2026-03-09 04:28:23,sell_purple_cry,紫色哭脸,live,no_hit,否,492499,template_miss,none,
SOXS,1h,2026-03-09 04:28:23,sell_purple_exit,紫色卖出,shadow,no_hit,否,492499,template_miss,shadow,
SOXS,2h,2026-03-09 04:29:03,buy_core,笑笑砖策略,live,no_hit,否,246249,pattern_not_met,none,
SOXS,2h,2026-03-09 04:29:03,buy_plus_red_diamond,买+红砖石,shadow,no_hit,否,,red_ratio_low,shadow,
SOXS,2h,2026-03-09 04:29:03,buy_purple_bottom,紫抄,shadow,no_hit,否,246249,template_miss,shadow,
SOXS,2h,2026-03-09 04:29:03,sell_purple_cry,紫色哭脸,live,no_hit,否,246249,template_miss,none,
SOXS,2h,2026-03-09 04:29:03,sell_purple_exit,紫色卖出,shadow,no_hit,否,246249,template_miss,shadow,
SOXS,3h,2026-03-09 04:29:35,buy_core,笑笑砖策略,live,no_hit,否,164165,pattern_not_met,none,
SOXS,3h,2026-03-09 04:29:35,buy_plus_red_diamond,买+红砖石,shadow,no_hit,否,,red_ratio_low,shadow,
SOXS,3h,2026-03-09 04:29:35,buy_purple_bottom,紫抄,shadow,no_hit,否,164165,template_miss,shadow,
SOXS,3h,2026-03-09 04:29:35,sell_purple_cry,紫色哭脸,live,no_hit,否,164165,template_miss,none,
SOXS,3h,2026-03-09 04:29:35,sell_purple_exit,紫色卖出,shadow,no_hit,否,164165,template_miss,shadow,
SOXS,4h,2026-03-09 04:30:02,buy_core,笑笑砖策略,live,no_hit,否,123124,pattern_not_met,none,
SOXS,4h,2026-03-09 04:30:02,buy_plus_red_diamond,买+红砖石,shadow,no_hit,否,,red_ratio_low,shadow,
SOXS,4h,2026-03-09 04:30:02,buy_purple_bottom,紫抄,shadow,no_hit,否,123124,template_miss,shadow,
SOXS,4h,2026-03-09 04:30:02,sell_purple_cry,紫色哭脸,live,no_hit,否,123124,purple_ratio_low,none,
SOXS,4h,2026-03-09 04:30:02,sell_purple_exit,紫色卖出,shadow,no_hit,否,123124,template_miss,shadow,
STM,1h,2026-03-09 04:30:50,buy_core,笑笑砖策略,live,no_hit,否,492499,pattern_not_met,none,
STM,1h,2026-03-09 04:30:50,buy_plus_red_diamond,买+红砖石,shadow,no_hit,否,,red_ratio_low,shadow,
STM,1h,2026-03-09 04:30:50,buy_purple_bottom,紫抄,shadow,no_hit,否,492499,template_miss,shadow,
STM,1h,2026-03-09 04:30:50,sell_purple_cry,紫色哭脸,live,no_hit,否,492499,template_miss,none,
STM,1h,2026-03-09 04:30:50,sell_purple_exit,紫色卖出,shadow,no_hit,否,492499,template_miss,shadow,
STM,2h,2026-03-09 04:31:22,buy_core,笑笑砖策略,live,no_hit,否,246249,pattern_not_met,none,
STM,2h,2026-03-09 04:31:22,buy_plus_red_diamond,买+红砖石,shadow,no_hit,否,,red_ratio_low,shadow,
STM,2h,2026-03-09 04:31:22,buy_purple_bottom,紫抄,shadow,no_hit,否,246249,template_miss,shadow,
STM,2h,2026-03-09 04:31:22,sell_purple_cry,紫色哭脸,live,no_hit,否,246249,template_miss,none,
STM,2h,2026-03-09 04:31:22,sell_purple_exit,紫色卖出,shadow,no_hit,否,246249,template_miss,shadow,
STM,3h,2026-03-09 04:32:27,buy_core,笑笑砖策略,live,no_hit,否,164165,pattern_not_met,none,
STM,3h,2026-03-09 04:32:27,buy_plus_red_diamond,买+红砖石,shadow,no_hit,否,,red_ratio_low,shadow,
STM,3h,2026-03-09 04:32:27,buy_purple_bottom,紫抄,shadow,no_hit,否,164165,template_miss,shadow,
STM,3h,2026-03-09 04:32:27,sell_purple_cry,紫色哭脸,live,no_hit,否,164165,template_miss,none,
STM,3h,2026-03-09 04:32:27,sell_purple_exit,紫色卖出,shadow,no_hit,否,164165,template_miss,shadow,
STM,4h,2026-03-09 04:33:50,buy_core,笑笑砖策略,live,no_hit,否,123124,pattern_not_met,none,
STM,4h,2026-03-09 04:33:50,buy_plus_red_diamond,买+红砖石,shadow,no_hit,否,,red_ratio_low,shadow,
STM,4h,2026-03-09 04:33:50,buy_purple_bottom,紫抄,shadow,no_hit,否,123124,template_miss,shadow,
STM,4h,2026-03-09 04:33:50,sell_purple_cry,紫色哭脸,live,no_hit,否,123124,template_miss,none,
STM,4h,2026-03-09 04:33:50,sell_purple_exit,紫色卖出,shadow,no_hit,否,123124,template_miss,shadow,
TSLA,1h,2026-03-09 04:34:22,buy_core,笑笑砖策略,live,no_hit,否,492499,pattern_not_met,none,
TSLA,1h,2026-03-09 04:34:22,buy_plus_red_diamond,买+红砖石,shadow,no_hit,否,,template_miss,shadow,
TSLA,1h,2026-03-09 04:34:22,buy_purple_bottom,紫抄,shadow,no_hit,否,492499,template_miss,shadow,
TSLA,1h,2026-03-09 04:34:22,sell_purple_cry,紫色哭脸,live,no_hit,否,492499,template_miss,none,
TSLA,1h,2026-03-09 04:34:22,sell_purple_exit,紫色卖出,shadow,no_hit,否,492499,template_miss,shadow,
TSLA,2h,2026-03-09 04:35:02,buy_core,笑笑砖策略,live,no_hit,否,246249,pattern_not_met,none,
TSLA,2h,2026-03-09 04:35:02,buy_plus_red_diamond,买+红砖石,shadow,no_hit,否,,red_ratio_low,shadow,
TSLA,2h,2026-03-09 04:35:02,buy_purple_bottom,紫抄,shadow,no_hit,否,246249,template_miss,shadow,
TSLA,2h,2026-03-09 04:35:02,sell_purple_cry,紫色哭脸,live,no_hit,否,246249,template_miss,none,
TSLA,2h,2026-03-09 04:35:02,sell_purple_exit,紫色卖出,shadow,no_hit,否,246249,template_miss,shadow,
TSLA,3h,2026-03-09 04:35:34,buy_core,笑笑砖策略,live,no_hit,否,164165,pattern_not_met,none,
TSLA,3h,2026-03-09 04:35:34,buy_plus_red_diamond,买+红砖石,shadow,no_hit,否,,template_miss,shadow,
TSLA,3h,2026-03-09 04:35:34,buy_purple_bottom,紫抄,shadow,no_hit,否,164165,template_miss,shadow,
TSLA,3h,2026-03-09 04:35:34,sell_purple_cry,紫色哭脸,live,no_hit,否,164165,template_miss,none,
TSLA,3h,2026-03-09 04:35:34,sell_purple_exit,紫色卖出,shadow,no_hit,否,164165,template_miss,shadow,
TSLA,4h,2026-03-09 04:36:13,buy_core,笑笑砖策略,live,no_hit,否,123124,pattern_not_met,none,
TSLA,4h,2026-03-09 04:36:13,buy_plus_red_diamond,买+红砖石,shadow,no_hit,否,,red_ratio_low,shadow,
TSLA,4h,2026-03-09 04:36:13,buy_purple_bottom,紫抄,shadow,no_hit,否,123124,template_miss,shadow,
TSLA,4h,2026-03-09 04:36:13,sell_purple_cry,紫色哭脸,live,no_hit,否,123124,template_miss,none,
TSLA,4h,2026-03-09 04:36:13,sell_purple_exit,紫色卖出,shadow,no_hit,否,123124,template_miss,shadow,
TSLQ,1h,2026-03-09 04:37:10,buy_core,笑笑砖策略,live,no_hit,否,492499,pattern_not_met,none,
TSLQ,1h,2026-03-09 04:37:10,buy_plus_red_diamond,买+红砖石,shadow,no_hit,否,,template_miss,shadow,
TSLQ,1h,2026-03-09 04:37:10,buy_purple_bottom,紫抄,shadow,no_hit,否,492499,template_miss,shadow,
TSLQ,1h,2026-03-09 04:37:10,sell_purple_cry,紫色哭脸,live,no_hit,否,492499,template_miss,none,
TSLQ,1h,2026-03-09 04:37:10,sell_purple_exit,紫色卖出,shadow,no_hit,否,492499,template_miss,shadow,
TSLQ,2h,2026-03-09 04:37:59,buy_core,笑笑砖策略,live,no_hit,否,246249,pattern_not_met,none,
TSLQ,2h,2026-03-09 04:37:59,buy_plus_red_diamond,买+红砖石,shadow,no_hit,否,,red_ratio_low,shadow,
TSLQ,2h,2026-03-09 04:37:59,buy_purple_bottom,紫抄,shadow,no_hit,否,246249,template_miss,shadow,
TSLQ,2h,2026-03-09 04:37:59,sell_purple_cry,紫色哭脸,live,no_hit,否,246249,template_miss,none,
TSLQ,2h,2026-03-09 04:37:59,sell_purple_exit,紫色卖出,shadow,no_hit,否,246249,template_miss,shadow,
TSLQ,3h,2026-03-09 04:38:48,buy_core,笑笑砖策略,live,no_hit,否,164165,pattern_not_met,none,
TSLQ,3h,2026-03-09 04:38:48,buy_plus_red_diamond,买+红砖石,shadow,no_hit,否,,red_ratio_low,shadow,
TSLQ,3h,2026-03-09 04:38:48,buy_purple_bottom,紫抄,shadow,no_hit,否,164165,template_miss,shadow,
TSLQ,3h,2026-03-09 04:38:48,sell_purple_cry,紫色哭脸,live,no_hit,否,164165,template_miss,none,
TSLQ,3h,2026-03-09 04:38:48,sell_purple_exit,紫色卖出,shadow,no_hit,否,164165,template_miss,shadow,
TSLQ,4h,2026-03-09 04:39:33,buy_core,笑笑砖策略,live,no_hit,否,123124,pattern_not_met,none,
TSLQ,4h,2026-03-09 04:39:33,buy_plus_red_diamond,买+红砖石,shadow,no_hit,否,,red_ratio_low,shadow,
TSLQ,4h,2026-03-09 04:39:33,buy_purple_bottom,紫抄,shadow,no_hit,否,123124,template_miss,shadow,
TSLQ,4h,2026-03-09 04:39:33,sell_purple_cry,紫色哭脸,live,no_hit,否,123124,template_miss,none,
TSLQ,4h,2026-03-09 04:39:33,sell_purple_exit,紫色卖出,shadow,no_hit,否,123124,template_miss,shadow,
UVIX,1h,2026-03-09 04:40:08,buy_core,笑笑砖策略,live,no_hit,否,492499,pattern_not_met,none,
UVIX,1h,2026-03-09 04:40:08,buy_plus_red_diamond,买+红砖石,shadow,no_hit,否,,red_ratio_low,shadow,
UVIX,1h,2026-03-09 04:40:08,buy_purple_bottom,紫抄,shadow,no_hit,否,492499,template_miss,shadow,
UVIX,1h,2026-03-09 04:40:08,sell_purple_cry,紫色哭脸,live,no_hit,否,492499,template_miss,none,
UVIX,1h,2026-03-09 04:40:08,sell_purple_exit,紫色卖出,shadow,no_hit,否,492499,template_miss,shadow,
UVIX,2h,2026-03-09 04:40:40,buy_core,笑笑砖策略,live,no_hit,否,246249,pattern_not_met,none,
UVIX,2h,2026-03-09 04:40:40,buy_plus_red_diamond,买+红砖石,shadow,no_hit,否,,red_ratio_low,shadow,
UVIX,2h,2026-03-09 04:40:40,buy_purple_bottom,紫抄,shadow,no_hit,否,246249,template_miss,shadow,
UVIX,2h,2026-03-09 04:40:40,sell_purple_cry,紫色哭脸,live,no_hit,否,246249,template_miss,none,
UVIX,2h,2026-03-09 04:40:40,sell_purple_exit,紫色卖出,shadow,no_hit,否,246249,template_miss,shadow,
UVIX,3h,2026-03-09 04:41:18,buy_core,笑笑砖策略,live,no_hit,否,164165,pattern_not_met,none,
UVIX,3h,2026-03-09 04:41:18,buy_plus_red_diamond,买+红砖石,shadow,no_hit,否,,red_ratio_low,shadow,
UVIX,3h,2026-03-09 04:41:18,buy_purple_bottom,紫抄,shadow,no_hit,否,164165,template_miss,shadow,
UVIX,3h,2026-03-09 04:41:18,sell_purple_cry,紫色哭脸,live,no_hit,否,164165,template_miss,none,
UVIX,3h,2026-03-09 04:41:18,sell_purple_exit,紫色卖出,shadow,no_hit,否,164165,template_miss,shadow,
UVIX,4h,2026-03-09 04:41:45,buy_core,笑笑砖策略,live,no_hit,否,123124,pattern_not_met,none,
UVIX,4h,2026-03-09 04:41:45,buy_plus_red_diamond,买+红砖石,shadow,no_hit,否,,red_ratio_low,shadow,
UVIX,4h,2026-03-09 04:41:45,buy_purple_bottom,紫抄,shadow,no_hit,否,123124,template_miss,shadow,
UVIX,4h,2026-03-09 04:41:45,sell_purple_cry,紫色哭脸,live,no_hit,否,123124,purple_ratio_low,none,
UVIX,4h,2026-03-09 04:41:45,sell_purple_exit,紫色卖出,shadow,no_hit,否,123124,template_miss,shadow,
WDC,1h,2026-03-09 04:42:15,buy_core,笑笑砖策略,live,no_hit,否,492499,pattern_not_met,none,
WDC,1h,2026-03-09 04:42:15,buy_plus_red_diamond,买+红砖石,shadow,no_hit,否,,red_ratio_low,shadow,
WDC,1h,2026-03-09 04:42:15,buy_purple_bottom,紫抄,shadow,no_hit,否,492499,template_miss,shadow,
WDC,1h,2026-03-09 04:42:15,sell_purple_cry,紫色哭脸,live,no_hit,否,492499,template_miss,none,
WDC,1h,2026-03-09 04:42:15,sell_purple_exit,紫色卖出,shadow,no_hit,否,492499,template_miss,shadow,
WDC,2h,2026-03-09 04:42:47,buy_core,笑笑砖策略,live,no_hit,否,246249,pattern_not_met,none,
WDC,2h,2026-03-09 04:42:47,buy_plus_red_diamond,买+红砖石,shadow,no_hit,否,,red_ratio_low,shadow,
WDC,2h,2026-03-09 04:42:47,buy_purple_bottom,紫抄,shadow,no_hit,否,246249,template_miss,shadow,
WDC,2h,2026-03-09 04:42:47,sell_purple_cry,紫色哭脸,live,no_hit,否,246249,template_miss,none,
WDC,2h,2026-03-09 04:42:47,sell_purple_exit,紫色卖出,shadow,no_hit,否,246249,template_miss,shadow,
WDC,3h,2026-03-09 04:43:19,buy_core,笑笑砖策略,live,no_hit,否,164165,pattern_not_met,none,
WDC,3h,2026-03-09 04:43:19,buy_plus_red_diamond,买+红砖石,shadow,no_hit,否,,red_ratio_low,shadow,
WDC,3h,2026-03-09 04:43:19,buy_purple_bottom,紫抄,shadow,no_hit,否,164165,template_miss,shadow,
WDC,3h,2026-03-09 04:43:19,sell_purple_cry,紫色哭脸,live,no_hit,否,164165,template_miss,none,
WDC,3h,2026-03-09 04:43:19,sell_purple_exit,紫色卖出,shadow,no_hit,否,164165,template_miss,shadow,
WDC,4h,2026-03-09 04:44:39,buy_core,笑笑砖策略,live,no_hit,否,123124,pattern_not_met,none,
WDC,4h,2026-03-09 04:44:39,buy_plus_red_diamond,买+红砖石,shadow,no_hit,否,,template_miss,shadow,
WDC,4h,2026-03-09 04:44:39,buy_purple_bottom,紫抄,shadow,no_hit,否,123124,template_miss,shadow,
WDC,4h,2026-03-09 04:44:39,sell_purple_cry,紫色哭脸,live,no_hit,否,123124,template_miss,none,
WDC,4h,2026-03-09 04:44:39,sell_purple_exit,紫色卖出,shadow,no_hit,否,123124,template_miss,shadow,
ZSL,1h,2026-03-09 04:45:12,buy_core,笑笑砖策略,live,no_hit,否,492499,pattern_not_met,none,
ZSL,1h,2026-03-09 04:45:12,buy_plus_red_diamond,买+红砖石,shadow,no_hit,否,,template_miss,shadow,
ZSL,1h,2026-03-09 04:45:12,buy_purple_bottom,紫抄,shadow,no_hit,否,492499,template_miss,shadow,
ZSL,1h,2026-03-09 04:45:12,sell_purple_cry,紫色哭脸,live,no_hit,否,492499,template_miss,none,
ZSL,1h,2026-03-09 04:45:12,sell_purple_exit,紫色卖出,shadow,no_hit,否,492499,template_miss,shadow,
ZSL,2h,2026-03-09 04:46:08,buy_core,笑笑砖策略,live,no_hit,否,246249,pattern_not_met,none,
ZSL,2h,2026-03-09 04:46:08,buy_plus_red_diamond,买+红砖石,shadow,no_hit,否,,red_ratio_low,shadow,
ZSL,2h,2026-03-09 04:46:08,buy_purple_bottom,紫抄,shadow,no_hit,否,246249,template_miss,shadow,
ZSL,2h,2026-03-09 04:46:08,sell_purple_cry,紫色哭脸,live,no_hit,否,246249,purple_ratio_low,none,
ZSL,2h,2026-03-09 04:46:08,sell_purple_exit,紫色卖出,shadow,no_hit,否,246249,template_miss,shadow,
ZSL,3h,2026-03-09 04:47:40,buy_core,笑笑砖策略,live,no_hit,否,164165,pattern_not_met,none,
ZSL,3h,2026-03-09 04:47:40,buy_plus_red_diamond,买+红砖石,shadow,no_hit,否,,red_ratio_low,shadow,
ZSL,3h,2026-03-09 04:47:40,buy_purple_bottom,紫抄,shadow,no_hit,否,164165,template_miss,shadow,
ZSL,3h,2026-03-09 04:47:40,sell_purple_cry,紫色哭脸,live,no_hit,否,164165,template_miss,none,
ZSL,3h,2026-03-09 04:47:40,sell_purple_exit,紫色卖出,shadow,no_hit,否,164165,template_miss,shadow,
ZSL,4h,2026-03-09 04:49:12,buy_core,笑笑砖策略,live,no_hit,否,123124,pattern_not_met,none,
ZSL,4h,2026-03-09 04:49:12,buy_plus_red_diamond,买+红砖石,shadow,no_hit,否,,red_ratio_low,shadow,
ZSL,4h,2026-03-09 04:49:12,buy_purple_bottom,紫抄,shadow,no_hit,否,123124,template_miss,shadow,
ZSL,4h,2026-03-09 04:49:12,sell_purple_cry,紫色哭脸,live,no_hit,否,123124,template_miss,none,
ZSL,4h,2026-03-09 04:49:12,sell_purple_exit,紫色卖出,shadow,no_hit,否,123124,template_miss,shadow,
BILI,1h,2026-03-09 05:00:34,buy_core,笑笑砖策略,live,no_hit,否,492499,pattern_not_met,none,
BILI,1h,2026-03-09 05:00:34,buy_plus_red_diamond,买+红砖石,shadow,no_hit,否,,red_ratio_low,shadow,
BILI,1h,2026-03-09 05:00:34,buy_purple_bottom,紫抄,shadow,no_hit,否,492499,template_miss,shadow,
BILI,1h,2026-03-09 05:00:34,sell_purple_cry,紫色哭脸,live,no_hit,否,492499,template_miss,none,
BILI,1h,2026-03-09 05:00:34,sell_purple_exit,紫色卖出,shadow,no_hit,否,492499,template_miss,shadow,
BILI,2h,2026-03-09 05:01:50,buy_core,笑笑砖策略,live,no_hit,否,246249,pattern_not_met,none,
BILI,2h,2026-03-09 05:01:50,buy_plus_red_diamond,买+红砖石,shadow,no_hit,否,,template_miss,shadow,
BILI,2h,2026-03-09 05:01:50,buy_purple_bottom,紫抄,shadow,no_hit,否,246249,template_miss,shadow,
BILI,2h,2026-03-09 05:01:50,sell_purple_cry,紫色哭脸,live,no_hit,否,246249,template_miss,none,
BILI,2h,2026-03-09 05:01:50,sell_purple_exit,紫色卖出,shadow,no_hit,否,246249,template_miss,shadow,
BILI,3h,2026-03-09 05:03:05,buy_core,笑笑砖策略,live,no_hit,否,164166,pattern_not_met,none,
BILI,3h,2026-03-09 05:03:05,buy_plus_red_diamond,买+红砖石,shadow,no_hit,否,,template_miss,shadow,
BILI,3h,2026-03-09 05:03:05,buy_purple_bottom,紫抄,shadow,no_hit,否,164166,template_miss,shadow,
BILI,3h,2026-03-09 05:03:05,sell_purple_cry,紫色哭脸,live,no_hit,否,164166,template_miss,none,
BILI,3h,2026-03-09 05:03:05,sell_purple_exit,紫色卖出,shadow,no_hit,否,164166,template_miss,shadow,
BILI,4h,2026-03-09 05:04:37,buy_core,笑笑砖策略,live,no_hit,否,123124,pattern_not_met,none,
BILI,4h,2026-03-09 05:04:37,buy_plus_red_diamond,买+红砖石,shadow,no_hit,否,,red_ratio_low,shadow,
BILI,4h,2026-03-09 05:04:37,buy_purple_bottom,紫抄,shadow,no_hit,否,123124,template_miss,shadow,
BILI,4h,2026-03-09 05:04:37,sell_purple_cry,紫色哭脸,live,no_hit,否,123124,template_miss,none,
BILI,4h,2026-03-09 05:04:37,sell_purple_exit,紫色卖出,shadow,no_hit,否,123124,template_miss,shadow,
CONI,1h,2026-03-09 05:05:37,buy_core,笑笑砖策略,live,no_hit,否,492500,pattern_not_met,none,
CONI,1h,2026-03-09 05:05:37,buy_plus_red_diamond,买+红砖石,shadow,no_hit,否,,red_ratio_low,shadow,
CONI,1h,2026-03-09 05:05:37,buy_purple_bottom,紫抄,shadow,no_hit,否,492500,template_miss,shadow,
CONI,1h,2026-03-09 05:05:37,sell_purple_cry,紫色哭脸,live,no_hit,否,492500,template_miss,none,
CONI,1h,2026-03-09 05:05:37,sell_purple_exit,紫色卖出,shadow,no_hit,否,492500,template_miss,shadow,
CONI,2h,2026-03-09 05:06:28,buy_core,笑笑砖策略,live,no_hit,否,246249,pattern_not_met,none,
CONI,2h,2026-03-09 05:06:28,buy_plus_red_diamond,买+红砖石,shadow,no_hit,否,,red_ratio_low,shadow,
CONI,2h,2026-03-09 05:06:28,buy_purple_bottom,紫抄,shadow,no_hit,否,246249,template_miss,shadow,
CONI,2h,2026-03-09 05:06:28,sell_purple_cry,紫色哭脸,live,no_hit,否,246249,already_active,none,
CONI,2h,2026-03-09 05:06:28,sell_purple_exit,紫色卖出,shadow,no_hit,否,246249,template_miss,shadow,
CONI,3h,2026-03-09 05:07:13,buy_core,笑笑砖策略,live,no_hit,否,164166,pattern_not_met,none,
CONI,3h,2026-03-09 05:07:13,buy_plus_red_diamond,买+红砖石,shadow,no_hit,否,,red_ratio_low,shadow,
CONI,3h,2026-03-09 05:07:13,buy_purple_bottom,紫抄,shadow,no_hit,否,164166,template_miss,shadow,
CONI,3h,2026-03-09 05:07:13,sell_purple_cry,紫色哭脸,live,no_hit,否,164166,already_active,none,
CONI,3h,2026-03-09 05:07:13,sell_purple_exit,紫色卖出,shadow,no_hit,否,164166,template_miss,shadow,
CONI,4h,2026-03-09 05:08:37,buy_core,笑笑砖策略,live,no_hit,否,123124,pattern_not_met,none,
CONI,4h,2026-03-09 05:08:37,buy_plus_red_diamond,买+红砖石,shadow,no_hit,否,,red_ratio_low,shadow,
CONI,4h,2026-03-09 05:08:37,buy_purple_bottom,紫抄,shadow,no_hit,否,123124,template_miss,shadow,
CONI,4h,2026-03-09 05:08:37,sell_purple_cry,紫色哭脸,live,no_hit,否,123124,template_miss,none,
CONI,4h,2026-03-09 05:08:37,sell_purple_exit,紫色卖出,shadow,no_hit,否,123124,template_miss,shadow,
CORD,1h,2026-03-09 05:09:16,buy_core,笑笑砖策略,live,no_hit,否,492500,pattern_not_met,none,
CORD,1h,2026-03-09 05:09:16,buy_plus_red_diamond,买+红砖石,shadow,no_hit,否,,red_ratio_low,shadow,
CORD,1h,2026-03-09 05:09:16,buy_purple_bottom,紫抄,shadow,no_hit,否,492500,template_miss,shadow,
CORD,1h,2026-03-09 05:09:16,sell_purple_cry,紫色哭脸,live,no_hit,否,492500,template_miss,none,
CORD,1h,2026-03-09 05:09:16,sell_purple_exit,紫色卖出,shadow,no_hit,否,492500,template_miss,shadow,
CORD,2h,2026-03-09 05:10:04,buy_core,笑笑砖策略,live,no_hit,否,246249,pattern_not_met,none,
CORD,2h,2026-03-09 05:10:04,buy_plus_red_diamond,买+红砖石,shadow,no_hit,否,,red_ratio_low,shadow,
CORD,2h,2026-03-09 05:10:04,buy_purple_bottom,紫抄,shadow,no_hit,否,246249,template_miss,shadow,
CORD,2h,2026-03-09 05:10:04,sell_purple_cry,紫色哭脸,live,no_hit,否,246249,purple_ratio_low,none,
CORD,2h,2026-03-09 05:10:04,sell_purple_exit,紫色卖出,shadow,no_hit,否,246249,template_miss,shadow,
CORD,3h,2026-03-09 05:10:47,buy_core,笑笑砖策略,live,no_hit,否,164166,pattern_not_met,none,
CORD,3h,2026-03-09 05:10:47,buy_plus_red_diamond,买+红砖石,shadow,no_hit,否,,red_ratio_low,shadow,
CORD,3h,2026-03-09 05:10:47,buy_purple_bottom,紫抄,shadow,no_hit,否,164166,template_miss,shadow,
CORD,3h,2026-03-09 05:10:47,sell_purple_cry,紫色哭脸,live,no_hit,否,164166,already_active,none,
CORD,3h,2026-03-09 05:10:47,sell_purple_exit,紫色卖出,shadow,no_hit,否,164166,template_miss,shadow,
CORD,4h,2026-03-09 05:11:38,buy_core,笑笑砖策略,live,no_hit,否,123124,pattern_not_met,none,
CORD,4h,2026-03-09 05:11:38,buy_plus_red_diamond,买+红砖石,shadow,no_hit,否,,red_ratio_low,shadow,
CORD,4h,2026-03-09 05:11:38,buy_purple_bottom,紫抄,shadow,no_hit,否,123124,template_miss,shadow,
CORD,4h,2026-03-09 05:11:38,sell_purple_cry,紫色哭脸,live,no_hit,否,123124,already_active,none,
CORD,4h,2026-03-09 05:11:38,sell_purple_exit,紫色卖出,shadow,no_hit,否,123124,template_miss,shadow,
CRCD,1h,2026-03-09 05:12:24,buy_core,笑笑砖策略,live,no_hit,否,492500,pattern_not_met,none,
CRCD,1h,2026-03-09 05:12:24,buy_plus_red_diamond,买+红砖石,shadow,no_hit,否,,template_miss,shadow,
CRCD,1h,2026-03-09 05:12:24,buy_purple_bottom,紫抄,shadow,no_hit,否,492500,template_miss,shadow,
CRCD,1h,2026-03-09 05:12:24,sell_purple_cry,紫色哭脸,live,no_hit,否,492500,template_miss,none,
CRCD,1h,2026-03-09 05:12:24,sell_purple_exit,紫色卖出,shadow,no_hit,否,492500,template_miss,shadow,
CRCD,2h,2026-03-09 05:13:24,buy_core,笑笑砖策略,live,no_hit,否,246249,pattern_not_met,none,
CRCD,2h,2026-03-09 05:13:24,buy_plus_red_diamond,买+红砖石,shadow,no_hit,否,,red_ratio_low,shadow,
CRCD,2h,2026-03-09 05:13:24,buy_purple_bottom,紫抄,shadow,no_hit,否,246249,template_miss,shadow,
CRCD,2h,2026-03-09 05:13:24,sell_purple_cry,紫色哭脸,live,no_hit,否,246249,already_active,none,
CRCD,2h,2026-03-09 05:13:24,sell_purple_exit,紫色卖出,shadow,no_hit,否,246249,template_miss,shadow,
CRCD,3h,2026-03-09 05:14:23,buy_core,笑笑砖策略,live,no_hit,否,164166,pattern_not_met,none,
CRCD,3h,2026-03-09 05:14:23,buy_plus_red_diamond,买+红砖石,shadow,no_hit,否,,red_ratio_low,shadow,
CRCD,3h,2026-03-09 05:14:23,buy_purple_bottom,紫抄,shadow,no_hit,否,164166,template_miss,shadow,
CRCD,3h,2026-03-09 05:14:23,sell_purple_cry,紫色哭脸,live,no_hit,否,164166,already_active,none,
CRCD,3h,2026-03-09 05:14:23,sell_purple_exit,紫色卖出,shadow,no_hit,否,164166,template_miss,shadow,
CRCD,4h,2026-03-09 05:15:35,buy_core,笑笑砖策略,live,no_hit,否,123124,pattern_not_met,none,
CRCD,4h,2026-03-09 05:15:35,buy_plus_red_diamond,买+红砖石,shadow,no_hit,否,,red_ratio_low,shadow,
CRCD,4h,2026-03-09 05:15:35,buy_purple_bottom,紫抄,shadow,no_hit,否,123124,template_miss,shadow,
CRCD,4h,2026-03-09 05:15:35,sell_purple_cry,紫色哭脸,live,no_hit,否,123124,template_miss,none,
CRCD,4h,2026-03-09 05:15:35,sell_purple_exit,紫色卖出,shadow,no_hit,否,123124,template_miss,shadow,
CRCL,1h,2026-03-09 05:17:06,buy_core,笑笑砖策略,live,no_hit,否,492500,pattern_not_met,none,
CRCL,1h,2026-03-09 05:17:06,buy_plus_red_diamond,买+红砖石,shadow,no_hit,否,,red_ratio_low,shadow,
CRCL,1h,2026-03-09 05:17:06,buy_purple_bottom,紫抄,shadow,no_hit,否,492500,template_miss,shadow,
CRCL,1h,2026-03-09 05:17:06,sell_purple_cry,紫色哭脸,live,no_hit,否,492500,template_miss,none,
CRCL,1h,2026-03-09 05:17:06,sell_purple_exit,紫色卖出,shadow,no_hit,否,492500,template_miss,shadow,
CRCL,2h,2026-03-09 05:18:20,buy_core,笑笑砖策略,live,no_hit,否,246249,pattern_not_met,none,
CRCL,2h,2026-03-09 05:18:20,buy_plus_red_diamond,买+红砖石,shadow,no_hit,否,,red_ratio_low,shadow,
CRCL,2h,2026-03-09 05:18:20,buy_purple_bottom,紫抄,shadow,no_hit,否,246249,template_miss,shadow,
CRCL,2h,2026-03-09 05:18:20,sell_purple_cry,紫色哭脸,live,no_hit,否,246249,template_miss,none,
CRCL,2h,2026-03-09 05:18:20,sell_purple_exit,紫色卖出,shadow,no_hit,否,246249,template_miss,shadow,
CRCL,3h,2026-03-09 05:19:30,buy_core,笑笑砖策略,live,no_hit,否,164166,pattern_not_met,none,
CRCL,3h,2026-03-09 05:19:30,buy_plus_red_diamond,买+红砖石,shadow,no_hit,否,,red_ratio_low,shadow,
CRCL,3h,2026-03-09 05:19:30,buy_purple_bottom,紫抄,shadow,no_hit,否,164166,template_miss,shadow,
CRCL,3h,2026-03-09 05:19:30,sell_purple_cry,紫色哭脸,live,no_hit,否,164166,template_miss,none,
CRCL,3h,2026-03-09 05:19:30,sell_purple_exit,紫色卖出,shadow,no_hit,否,164166,template_miss,shadow,
CRCL,4h,2026-03-09 05:20:12,buy_core,笑笑砖策略,live,no_hit,否,123124,pattern_not_met,none,
CRCL,4h,2026-03-09 05:20:12,buy_plus_red_diamond,买+红砖石,shadow,no_hit,否,,red_ratio_low,shadow,
CRCL,4h,2026-03-09 05:20:12,buy_purple_bottom,紫抄,shadow,no_hit,否,123124,template_miss,shadow,
CRCL,4h,2026-03-09 05:20:12,sell_purple_cry,紫色哭脸,live,no_hit,否,123124,already_active,none,
CRCL,4h,2026-03-09 05:20:12,sell_purple_exit,紫色卖出,shadow,no_hit,否,123124,template_miss,shadow,
CRDO,1h,2026-03-09 05:20:42,buy_core,笑笑砖策略,live,no_hit,否,492500,pattern_not_met,none,
CRDO,1h,2026-03-09 05:20:42,buy_plus_red_diamond,买+红砖石,shadow,no_hit,否,,red_ratio_low,shadow,
CRDO,1h,2026-03-09 05:20:42,buy_purple_bottom,紫抄,shadow,no_hit,否,492500,template_miss,shadow,
CRDO,1h,2026-03-09 05:20:42,sell_purple_cry,紫色哭脸,live,no_hit,否,492500,template_miss,none,
CRDO,1h,2026-03-09 05:20:42,sell_purple_exit,紫色卖出,shadow,no_hit,否,492500,template_miss,shadow,
CRDO,2h,2026-03-09 05:21:14,buy_core,笑笑砖策略,live,no_hit,否,246249,pattern_not_met,none,
CRDO,2h,2026-03-09 05:21:14,buy_plus_red_diamond,买+红砖石,shadow,no_hit,否,,red_ratio_low,shadow,
CRDO,2h,2026-03-09 05:21:14,buy_purple_bottom,紫抄,shadow,no_hit,否,246249,template_miss,shadow,
CRDO,2h,2026-03-09 05:21:14,sell_purple_cry,紫色哭脸,live,no_hit,否,246249,template_miss,none,
CRDO,2h,2026-03-09 05:21:14,sell_purple_exit,紫色卖出,shadow,no_hit,否,246249,template_miss,shadow,
CRDO,3h,2026-03-09 05:22:30,buy_core,笑笑砖策略,live,no_hit,否,164166,pattern_not_met,none,
CRDO,3h,2026-03-09 05:22:30,buy_plus_red_diamond,买+红砖石,shadow,no_hit,否,,red_ratio_low,shadow,
CRDO,3h,2026-03-09 05:22:30,buy_purple_bottom,紫抄,shadow,no_hit,否,164166,template_miss,shadow,
CRDO,3h,2026-03-09 05:22:30,sell_purple_cry,紫色哭脸,live,no_hit,否,164166,template_miss,none,
CRDO,3h,2026-03-09 05:22:30,sell_purple_exit,紫色卖出,shadow,no_hit,否,164166,template_miss,shadow,
CRDO,4h,2026-03-09 05:22:58,buy_core,笑笑砖策略,live,no_hit,否,123124,pattern_not_met,none,
CRDO,4h,2026-03-09 05:22:58,buy_plus_red_diamond,买+红砖石,shadow,no_hit,否,,red_ratio_low,shadow,
CRDO,4h,2026-03-09 05:22:58,buy_purple_bottom,紫抄,shadow,no_hit,否,123124,template_miss,shadow,
CRDO,4h,2026-03-09 05:22:58,sell_purple_cry,紫色哭脸,live,no_hit,否,123124,template_miss,none,
CRDO,4h,2026-03-09 05:22:58,sell_purple_exit,紫色卖出,shadow,no_hit,否,123124,template_miss,shadow,
CRML,1h,2026-03-09 05:23:16,buy_core,笑笑砖策略,live,no_hit,否,492500,pattern_not_met,none,
CRML,1h,2026-03-09 05:23:16,buy_plus_red_diamond,买+红砖石,shadow,no_hit,否,,red_ratio_low,shadow,
CRML,1h,2026-03-09 05:23:16,buy_purple_bottom,紫抄,shadow,no_hit,否,492500,template_miss,shadow,
CRML,1h,2026-03-09 05:23:16,sell_purple_cry,紫色哭脸,live,no_hit,否,492500,template_miss,none,
CRML,1h,2026-03-09 05:23:16,sell_purple_exit,紫色卖出,shadow,no_hit,否,492500,template_miss,shadow,
CRML,2h,2026-03-09 05:23:37,buy_core,笑笑砖策略,live,no_hit,否,246249,pattern_not_met,none,
CRML,2h,2026-03-09 05:23:37,buy_plus_red_diamond,买+红砖石,shadow,no_hit,否,,red_ratio_low,shadow,
CRML,2h,2026-03-09 05:23:37,buy_purple_bottom,紫抄,shadow,no_hit,否,246249,template_miss,shadow,
CRML,2h,2026-03-09 05:23:37,sell_purple_cry,紫色哭脸,live,no_hit,否,246249,template_miss,none,
CRML,2h,2026-03-09 05:23:37,sell_purple_exit,紫色卖出,shadow,no_hit,否,246249,template_miss,shadow,
CRML,3h,2026-03-09 05:23:58,buy_core,笑笑砖策略,live,no_hit,否,164166,pattern_not_met,none,
CRML,3h,2026-03-09 05:23:58,buy_plus_red_diamond,买+红砖石,shadow,no_hit,否,,red_ratio_low,shadow,
CRML,3h,2026-03-09 05:23:58,buy_purple_bottom,紫抄,shadow,no_hit,否,164166,template_miss,shadow,
CRML,3h,2026-03-09 05:23:58,sell_purple_cry,紫色哭脸,live,no_hit,否,164166,template_miss,none,
CRML,3h,2026-03-09 05:23:58,sell_purple_exit,紫色卖出,shadow,no_hit,否,164166,template_miss,shadow,
CRML,4h,2026-03-09 05:24:55,buy_core,笑笑砖策略,live,no_hit,否,123124,pattern_not_met,none,
CRML,4h,2026-03-09 05:24:55,buy_plus_red_diamond,买+红砖石,shadow,no_hit,否,,red_ratio_low,shadow,
CRML,4h,2026-03-09 05:24:55,buy_purple_bottom,紫抄,shadow,no_hit,否,123124,template_miss,shadow,
CRML,4h,2026-03-09 05:24:55,sell_purple_cry,紫色哭脸,live,no_hit,否,123124,template_miss,none,
CRML,4h,2026-03-09 05:24:55,sell_purple_exit,紫色卖出,shadow,no_hit,否,123124,template_miss,shadow,
DJT,1h,2026-03-09 05:25:20,buy_core,笑笑砖策略,live,no_hit,否,492500,pattern_not_met,none,
DJT,1h,2026-03-09 05:25:20,buy_plus_red_diamond,买+红砖石,shadow,no_hit,否,,red_ratio_low,shadow,
DJT,1h,2026-03-09 05:25:20,buy_purple_bottom,紫抄,shadow,no_hit,否,492500,template_miss,shadow,
DJT,1h,2026-03-09 05:25:20,sell_purple_cry,紫色哭脸,live,no_hit,否,492500,template_miss,none,
DJT,1h,2026-03-09 05:25:20,sell_purple_exit,紫色卖出,shadow,no_hit,否,492500,template_miss,shadow,
DJT,2h,2026-03-09 05:26:51,buy_core,笑笑砖策略,live,no_hit,否,246249,pattern_not_met,none,
DJT,2h,2026-03-09 05:26:51,buy_plus_red_diamond,买+红砖石,shadow,no_hit,否,,red_ratio_low,shadow,
DJT,2h,2026-03-09 05:26:51,buy_purple_bottom,紫抄,shadow,no_hit,否,246249,template_miss,shadow,
DJT,2h,2026-03-09 05:26:51,sell_purple_cry,紫色哭脸,live,no_hit,否,246249,template_miss,none,
DJT,2h,2026-03-09 05:26:51,sell_purple_exit,紫色卖出,shadow,no_hit,否,246249,template_miss,shadow,
DJT,3h,2026-03-09 05:27:31,buy_core,笑笑砖策略,live,no_hit,否,164166,pattern_not_met,none,
DJT,3h,2026-03-09 05:27:31,buy_plus_red_diamond,买+红砖石,shadow,no_hit,否,,red_ratio_low,shadow,
DJT,3h,2026-03-09 05:27:31,buy_purple_bottom,紫抄,shadow,no_hit,否,164166,template_miss,shadow,
DJT,3h,2026-03-09 05:27:31,sell_purple_cry,紫色哭脸,live,no_hit,否,164166,template_miss,none,
DJT,3h,2026-03-09 05:27:31,sell_purple_exit,紫色卖出,shadow,no_hit,否,164166,template_miss,shadow,
DJT,4h,2026-03-09 05:29:03,buy_core,笑笑砖策略,live,no_hit,否,123124,pattern_not_met,none,
DJT,4h,2026-03-09 05:29:03,buy_plus_red_diamond,买+红砖石,shadow,no_hit,否,,red_ratio_low,shadow,
DJT,4h,2026-03-09 05:29:03,buy_purple_bottom,紫抄,shadow,no_hit,否,123124,template_miss,shadow,
DJT,4h,2026-03-09 05:29:03,sell_purple_cry,紫色哭脸,live,no_hit,否,123124,template_miss,none,
DJT,4h,2026-03-09 05:29:03,sell_purple_exit,紫色卖出,shadow,no_hit,否,123124,template_miss,shadow,
DPST,1h,2026-03-09 05:30:14,buy_core,笑笑砖策略,live,no_hit,否,492500,pattern_not_met,none,
DPST,1h,2026-03-09 05:30:14,buy_plus_red_diamond,买+红砖石,shadow,no_hit,否,,template_miss,shadow,
DPST,1h,2026-03-09 05:30:14,buy_purple_bottom,紫抄,shadow,no_hit,否,492500,template_miss,shadow,
DPST,1h,2026-03-09 05:30:14,sell_purple_cry,紫色哭脸,live,no_hit,否,492500,template_miss,none,
DPST,1h,2026-03-09 05:30:14,sell_purple_exit,紫色卖出,shadow,no_hit,否,492500,template_miss,shadow,
DPST,2h,2026-03-09 05:30:51,buy_core,笑笑砖策略,live,no_hit,否,246249,pattern_not_met,none,
DPST,2h,2026-03-09 05:30:51,buy_plus_red_diamond,买+红砖石,shadow,no_hit,否,,red_ratio_low,shadow,
DPST,2h,2026-03-09 05:30:51,buy_purple_bottom,紫抄,shadow,no_hit,否,246249,template_miss,shadow,
DPST,2h,2026-03-09 05:30:51,sell_purple_cry,紫色哭脸,live,no_hit,否,246249,template_miss,none,
DPST,2h,2026-03-09 05:30:51,sell_purple_exit,紫色卖出,shadow,no_hit,否,246249,template_miss,shadow,
DPST,3h,2026-03-09 05:31:15,buy_core,笑笑砖策略,live,no_hit,否,164166,pattern_not_met,none,
DPST,3h,2026-03-09 05:31:15,buy_plus_red_diamond,买+红砖石,shadow,no_hit,否,,red_ratio_low,shadow,
DPST,3h,2026-03-09 05:31:15,buy_purple_bottom,紫抄,shadow,no_hit,否,164166,template_miss,shadow,
DPST,3h,2026-03-09 05:31:15,sell_purple_cry,紫色哭脸,live,no_hit,否,164166,template_miss,none,
DPST,3h,2026-03-09 05:31:15,sell_purple_exit,紫色卖出,shadow,no_hit,否,164166,template_miss,shadow,
DPST,4h,2026-03-09 05:31:35,buy_core,笑笑砖策略,live,no_hit,否,123124,pattern_not_met,none,
DPST,4h,2026-03-09 05:31:35,buy_plus_red_diamond,买+红砖石,shadow,no_hit,否,,red_ratio_low,shadow,
DPST,4h,2026-03-09 05:31:35,buy_purple_bottom,紫抄,shadow,no_hit,否,123124,template_miss,shadow,
DPST,4h,2026-03-09 05:31:35,sell_purple_cry,紫色哭脸,live,no_hit,否,123124,purple_ratio_low,none,
DPST,4h,2026-03-09 05:31:35,sell_purple_exit,紫色卖出,shadow,no_hit,否,123124,template_miss,shadow,
INTC,1h,2026-03-09 05:32:14,buy_core,笑笑砖策略,live,no_hit,否,492500,pattern_not_met,none,
INTC,1h,2026-03-09 05:32:14,buy_plus_red_diamond,买+红砖石,shadow,no_hit,否,,red_ratio_low,shadow,
INTC,1h,2026-03-09 05:32:14,buy_purple_bottom,紫抄,shadow,no_hit,否,492500,template_miss,shadow,
INTC,1h,2026-03-09 05:32:14,sell_purple_cry,紫色哭脸,live,no_hit,否,492500,template_miss,none,
INTC,1h,2026-03-09 05:32:14,sell_purple_exit,紫色卖出,shadow,no_hit,否,492500,template_miss,shadow,
INTC,2h,2026-03-09 05:32:53,buy_core,笑笑砖策略,live,no_hit,否,246249,pattern_not_met,none,
INTC,2h,2026-03-09 05:32:53,buy_plus_red_diamond,买+红砖石,shadow,no_hit,否,,red_ratio_low,shadow,
INTC,2h,2026-03-09 05:32:53,buy_purple_bottom,紫抄,shadow,no_hit,否,246249,template_miss,shadow,
INTC,2h,2026-03-09 05:32:53,sell_purple_cry,紫色哭脸,live,no_hit,否,246249,template_miss,none,
INTC,2h,2026-03-09 05:32:53,sell_purple_exit,紫色卖出,shadow,no_hit,否,246249,template_miss,shadow,
INTC,3h,2026-03-09 05:34:18,buy_core,笑笑砖策略,live,no_hit,否,164166,pattern_not_met,none,
INTC,3h,2026-03-09 05:34:18,buy_plus_red_diamond,买+红砖石,shadow,no_hit,否,,red_ratio_low,shadow,
INTC,3h,2026-03-09 05:34:18,buy_purple_bottom,紫抄,shadow,no_hit,否,164166,template_miss,shadow,
INTC,3h,2026-03-09 05:34:18,sell_purple_cry,紫色哭脸,live,no_hit,否,164166,template_miss,none,
INTC,3h,2026-03-09 05:34:18,sell_purple_exit,紫色卖出,shadow,no_hit,否,164166,template_miss,shadow,
INTC,4h,2026-03-09 05:34:36,buy_core,笑笑砖策略,live,no_hit,否,123124,pattern_not_met,none,
INTC,4h,2026-03-09 05:34:36,buy_plus_red_diamond,买+红砖石,shadow,no_hit,否,,red_ratio_low,shadow,
INTC,4h,2026-03-09 05:34:36,buy_purple_bottom,紫抄,shadow,no_hit,否,123124,template_miss,shadow,
INTC,4h,2026-03-09 05:34:36,sell_purple_cry,紫色哭脸,live,no_hit,否,123124,already_active,none,
INTC,4h,2026-03-09 05:34:36,sell_purple_exit,紫色卖出,shadow,no_hit,否,123124,template_miss,shadow,
KOLD,1h,2026-03-09 05:35:25,buy_core,笑笑砖策略,live,no_hit,否,492500,pattern_not_met,none,
KOLD,1h,2026-03-09 05:35:25,buy_plus_red_diamond,买+红砖石,shadow,no_hit,否,,red_ratio_low,shadow,
KOLD,1h,2026-03-09 05:35:25,buy_purple_bottom,紫抄,shadow,no_hit,否,492500,template_miss,shadow,
KOLD,1h,2026-03-09 05:35:25,sell_purple_cry,紫色哭脸,live,no_hit,否,492500,template_miss,none,
KOLD,1h,2026-03-09 05:35:25,sell_purple_exit,紫色卖出,shadow,no_hit,否,492500,template_miss,shadow,
KOLD,2h,2026-03-09 05:35:50,buy_core,笑笑砖策略,live,no_hit,否,246249,pattern_not_met,none,
KOLD,2h,2026-03-09 05:35:50,buy_plus_red_diamond,买+红砖石,shadow,no_hit,否,,red_ratio_low,shadow,
KOLD,2h,2026-03-09 05:35:50,buy_purple_bottom,紫抄,shadow,no_hit,否,246249,template_miss,shadow,
KOLD,2h,2026-03-09 05:35:50,sell_purple_cry,紫色哭脸,live,no_hit,否,246249,template_miss,none,
KOLD,2h,2026-03-09 05:35:50,sell_purple_exit,紫色卖出,shadow,no_hit,否,246249,template_miss,shadow,
KOLD,3h,2026-03-09 05:37:03,buy_core,笑笑砖策略,live,no_hit,否,164166,pattern_not_met,none,
KOLD,3h,2026-03-09 05:37:03,buy_plus_red_diamond,买+红砖石,shadow,no_hit,否,,red_ratio_low,shadow,
KOLD,3h,2026-03-09 05:37:03,buy_purple_bottom,紫抄,shadow,no_hit,否,164166,template_miss,shadow,
KOLD,3h,2026-03-09 05:37:03,sell_purple_cry,紫色哭脸,live,no_hit,否,164166,template_miss,none,
KOLD,3h,2026-03-09 05:37:03,sell_purple_exit,紫色卖出,shadow,no_hit,否,164166,template_miss,shadow,
KOLD,4h,2026-03-09 05:37:25,buy_core,笑笑砖策略,live,no_hit,否,123124,pattern_not_met,none,
KOLD,4h,2026-03-09 05:37:25,buy_plus_red_diamond,买+红砖石,shadow,no_hit,否,,red_ratio_low,shadow,
KOLD,4h,2026-03-09 05:37:25,buy_purple_bottom,紫抄,shadow,no_hit,否,123124,template_miss,shadow,
KOLD,4h,2026-03-09 05:37:25,sell_purple_cry,紫色哭脸,live,no_hit,否,123124,template_miss,none,
KOLD,4h,2026-03-09 05:37:25,sell_purple_exit,紫色卖出,shadow,no_hit,否,123124,template_miss,shadow,
LMND,1h,2026-03-09 05:38:49,buy_core,笑笑砖策略,live,no_hit,否,492500,pattern_not_met,none,
LMND,1h,2026-03-09 05:38:49,buy_plus_red_diamond,买+红砖石,shadow,no_hit,否,,red_ratio_low,shadow,
LMND,1h,2026-03-09 05:38:49,buy_purple_bottom,紫抄,shadow,no_hit,否,492500,template_miss,shadow,
LMND,1h,2026-03-09 05:38:49,sell_purple_cry,紫色哭脸,live,no_hit,否,492500,template_miss,none,
LMND,1h,2026-03-09 05:38:49,sell_purple_exit,紫色卖出,shadow,no_hit,否,492500,template_miss,shadow,
LMND,2h,2026-03-09 05:39:29,buy_core,笑笑砖策略,live,no_hit,否,246249,pattern_not_met,none,
LMND,2h,2026-03-09 05:39:29,buy_plus_red_diamond,买+红砖石,shadow,no_hit,否,,red_ratio_low,shadow,
LMND,2h,2026-03-09 05:39:29,buy_purple_bottom,紫抄,shadow,no_hit,否,246249,template_miss,shadow,
LMND,2h,2026-03-09 05:39:29,sell_purple_cry,紫色哭脸,live,no_hit,否,246249,already_active,none,
LMND,2h,2026-03-09 05:39:29,sell_purple_exit,紫色卖出,shadow,no_hit,否,246249,template_miss,shadow,
LMND,3h,2026-03-09 05:40:57,buy_core,笑笑砖策略,live,no_hit,否,164166,pattern_not_met,none,
LMND,3h,2026-03-09 05:40:57,buy_plus_red_diamond,买+红砖石,shadow,no_hit,否,,template_miss,shadow,
LMND,3h,2026-03-09 05:40:57,buy_purple_bottom,紫抄,shadow,no_hit,否,164166,template_miss,shadow,
LMND,3h,2026-03-09 05:40:57,sell_purple_cry,紫色哭脸,live,no_hit,否,164166,template_miss,none,
LMND,3h,2026-03-09 05:40:57,sell_purple_exit,紫色卖出,shadow,no_hit,否,164166,template_miss,shadow,
LMND,4h,2026-03-09 05:41:29,buy_core,笑笑砖策略,live,no_hit,否,123124,pattern_not_met,none,
LMND,4h,2026-03-09 05:41:29,buy_plus_red_diamond,买+红砖石,shadow,no_hit,否,,red_ratio_low,shadow,
LMND,4h,2026-03-09 05:41:29,buy_purple_bottom,紫抄,shadow,no_hit,否,123124,template_miss,shadow,
LMND,4h,2026-03-09 05:41:29,sell_purple_cry,紫色哭脸,live,no_hit,否,123124,already_active,none,
LMND,4h,2026-03-09 05:41:29,sell_purple_exit,紫色卖出,shadow,no_hit,否,123124,template_miss,shadow,
MP,1h,2026-03-09 05:42:25,buy_core,笑笑砖策略,live,no_hit,否,492500,pattern_not_met,none,
MP,1h,2026-03-09 05:42:25,buy_plus_red_diamond,买+红砖石,shadow,no_hit,否,,template_miss,shadow,
MP,1h,2026-03-09 05:42:25,buy_purple_bottom,紫抄,shadow,no_hit,否,492500,template_miss,shadow,
MP,1h,2026-03-09 05:42:25,sell_purple_cry,紫色哭脸,live,no_hit,否,492500,template_miss,none,
MP,1h,2026-03-09 05:42:25,sell_purple_exit,紫色卖出,shadow,no_hit,否,492500,template_miss,shadow,
MP,2h,2026-03-09 05:43:20,buy_core,笑笑砖策略,live,no_hit,否,246249,pattern_not_met,none,
MP,2h,2026-03-09 05:43:20,buy_plus_red_diamond,买+红砖石,shadow,no_hit,否,,template_miss,shadow,
MP,2h,2026-03-09 05:43:20,buy_purple_bottom,紫抄,shadow,no_hit,否,246249,template_miss,shadow,
MP,2h,2026-03-09 05:43:20,sell_purple_cry,紫色哭脸,live,no_hit,否,246249,template_miss,none,
MP,2h,2026-03-09 05:43:20,sell_purple_exit,紫色卖出,shadow,no_hit,否,246249,template_miss,shadow,
MP,3h,2026-03-09 05:44:22,buy_core,笑笑砖策略,live,no_hit,否,164166,pattern_not_met,none,
MP,3h,2026-03-09 05:44:22,buy_plus_red_diamond,买+红砖石,shadow,no_hit,否,,template_miss,shadow,
MP,3h,2026-03-09 05:44:22,buy_purple_bottom,紫抄,shadow,no_hit,否,164166,template_miss,shadow,
MP,3h,2026-03-09 05:44:22,sell_purple_cry,紫色哭脸,live,no_hit,否,164166,template_miss,none,
MP,3h,2026-03-09 05:44:22,sell_purple_exit,紫色卖出,shadow,no_hit,否,164166,template_miss,shadow,
MP,4h,2026-03-09 05:44:44,buy_core,笑笑砖策略,live,hit,是,123124,repeat_suppressed,repeat_suppressed,C:\Users\Administrator\Desktop\futu_combo_watch\output\hit_MP_4h_buy_core_20260309_054422.png
MP,4h,2026-03-09 05:44:44,buy_plus_red_diamond,买+红砖石,shadow,no_hit,否,,buy_red_no_pair,shadow,C:\Users\Administrator\Desktop\futu_combo_watch\output\hit_MP_4h_buy_core_20260309_054422.png
MP,4h,2026-03-09 05:44:44,buy_purple_bottom,紫抄,shadow,no_hit,否,123124,template_miss,shadow,C:\Users\Administrator\Desktop\futu_combo_watch\output\hit_MP_4h_buy_core_20260309_054422.png
MP,4h,2026-03-09 05:44:44,sell_purple_cry,紫色哭脸,live,no_hit,否,123124,purple_ratio_low,none,C:\Users\Administrator\Desktop\futu_combo_watch\output\hit_MP_4h_buy_core_20260309_054422.png
MP,4h,2026-03-09 05:44:44,sell_purple_exit,紫色卖出,shadow,no_hit,否,123124,template_miss,shadow,C:\Users\Administrator\Desktop\futu_combo_watch\output\hit_MP_4h_buy_core_20260309_054422.png
MU,1h,2026-03-09 05:45:15,buy_core,笑笑砖策略,live,no_hit,否,492500,pattern_not_met,none,
MU,1h,2026-03-09 05:45:15,buy_plus_red_diamond,买+红砖石,shadow,no_hit,否,,red_ratio_low,shadow,
MU,1h,2026-03-09 05:45:15,buy_purple_bottom,紫抄,shadow,no_hit,否,492500,template_miss,shadow,
MU,1h,2026-03-09 05:45:15,sell_purple_cry,紫色哭脸,live,no_hit,否,492500,template_miss,none,
MU,1h,2026-03-09 05:45:15,sell_purple_exit,紫色卖出,shadow,no_hit,否,492500,template_miss,shadow,
MU,2h,2026-03-09 05:45:52,buy_core,笑笑砖策略,live,no_hit,否,246249,pattern_not_met,none,
MU,2h,2026-03-09 05:45:52,buy_plus_red_diamond,买+红砖石,shadow,no_hit,否,,red_ratio_low,shadow,
MU,2h,2026-03-09 05:45:52,buy_purple_bottom,紫抄,shadow,no_hit,否,246249,template_miss,shadow,
MU,2h,2026-03-09 05:45:52,sell_purple_cry,紫色哭脸,live,no_hit,否,246249,template_miss,none,
MU,2h,2026-03-09 05:45:52,sell_purple_exit,紫色卖出,shadow,no_hit,否,246249,template_miss,shadow,
MU,3h,2026-03-09 05:46:28,buy_core,笑笑砖策略,live,no_hit,否,164166,pattern_not_met,none,
MU,3h,2026-03-09 05:46:28,buy_plus_red_diamond,买+红砖石,shadow,no_hit,否,,red_ratio_low,shadow,
MU,3h,2026-03-09 05:46:28,buy_purple_bottom,紫抄,shadow,no_hit,否,164166,template_miss,shadow,
MU,3h,2026-03-09 05:46:28,sell_purple_cry,紫色哭脸,live,no_hit,否,164166,template_miss,none,
MU,3h,2026-03-09 05:46:28,sell_purple_exit,紫色卖出,shadow,no_hit,否,164166,template_miss,shadow,
MU,4h,2026-03-09 05:47:06,buy_core,笑笑砖策略,live,no_hit,否,123124,pattern_not_met,none,
MU,4h,2026-03-09 05:47:06,buy_plus_red_diamond,买+红砖石,shadow,no_hit,否,,red_ratio_low,shadow,
MU,4h,2026-03-09 05:47:06,buy_purple_bottom,紫抄,shadow,no_hit,否,123124,template_miss,shadow,
MU,4h,2026-03-09 05:47:06,sell_purple_cry,紫色哭脸,live,no_hit,否,123124,template_miss,none,
MU,4h,2026-03-09 05:47:06,sell_purple_exit,紫色卖出,shadow,no_hit,否,123124,template_miss,shadow,
NBIS,1h,2026-03-09 05:47:47,buy_core,笑笑砖策略,live,no_hit,否,492500,pattern_not_met,none,
NBIS,1h,2026-03-09 05:47:47,buy_plus_red_diamond,买+红砖石,shadow,no_hit,否,,red_ratio_low,shadow,
NBIS,1h,2026-03-09 05:47:47,buy_purple_bottom,紫抄,shadow,no_hit,否,492500,template_miss,shadow,
NBIS,1h,2026-03-09 05:47:47,sell_purple_cry,紫色哭脸,live,no_hit,否,492500,template_miss,none,
NBIS,1h,2026-03-09 05:47:47,sell_purple_exit,紫色卖出,shadow,no_hit,否,492500,template_miss,shadow,
NBIS,2h,2026-03-09 05:49:00,buy_core,笑笑砖策略,live,no_hit,否,246249,pattern_not_met,none,
NBIS,2h,2026-03-09 05:49:00,buy_plus_red_diamond,买+红砖石,shadow,no_hit,否,,red_ratio_low,shadow,
NBIS,2h,2026-03-09 05:49:00,buy_purple_bottom,紫抄,shadow,no_hit,否,246249,template_miss,shadow,
NBIS,2h,2026-03-09 05:49:00,sell_purple_cry,紫色哭脸,live,no_hit,否,246249,template_miss,none,
NBIS,2h,2026-03-09 05:49:00,sell_purple_exit,紫色卖出,shadow,no_hit,否,246249,template_miss,shadow,
NBIS,3h,2026-03-09 05:49:23,buy_core,笑笑砖策略,live,no_hit,否,164166,pattern_not_met,none,
NBIS,3h,2026-03-09 05:49:23,buy_plus_red_diamond,买+红砖石,shadow,no_hit,否,,red_ratio_low,shadow,
NBIS,3h,2026-03-09 05:49:23,buy_purple_bottom,紫抄,shadow,no_hit,否,164166,template_miss,shadow,
NBIS,3h,2026-03-09 05:49:23,sell_purple_cry,紫色哭脸,live,no_hit,否,164166,purple_ratio_low,none,
NBIS,3h,2026-03-09 05:49:23,sell_purple_exit,紫色卖出,shadow,no_hit,否,164166,template_miss,shadow,
NBIS,4h,2026-03-09 05:50:49,buy_core,笑笑砖策略,live,no_hit,否,123124,pattern_not_met,none,
NBIS,4h,2026-03-09 05:50:49,buy_plus_red_diamond,买+红砖石,shadow,no_hit,否,,red_ratio_low,shadow,
NBIS,4h,2026-03-09 05:50:49,buy_purple_bottom,紫抄,shadow,no_hit,否,123124,template_miss,shadow,
NBIS,4h,2026-03-09 05:50:49,sell_purple_cry,紫色哭脸,live,no_hit,否,123124,template_miss,none,
NBIS,4h,2026-03-09 05:50:49,sell_purple_exit,紫色卖出,shadow,no_hit,否,123124,template_miss,shadow,
NBIZ,1h,2026-03-09 05:51:50,buy_core,笑笑砖策略,live,no_hit,否,492500,pattern_not_met,none,
NBIZ,1h,2026-03-09 05:51:50,buy_plus_red_diamond,买+红砖石,shadow,no_hit,否,,red_ratio_low,shadow,
NBIZ,1h,2026-03-09 05:51:50,buy_purple_bottom,紫抄,shadow,no_hit,否,492500,template_miss,shadow,
NBIZ,1h,2026-03-09 05:51:50,sell_purple_cry,紫色哭脸,live,no_hit,否,492500,template_miss,none,
NBIZ,1h,2026-03-09 05:51:50,sell_purple_exit,紫色卖出,shadow,no_hit,否,492500,template_miss,shadow,
NBIZ,2h,2026-03-09 05:52:36,buy_core,笑笑砖策略,live,no_hit,否,246249,pattern_not_met,none,
NBIZ,2h,2026-03-09 05:52:36,buy_plus_red_diamond,买+红砖石,shadow,no_hit,否,,template_miss,shadow,
NBIZ,2h,2026-03-09 05:52:36,buy_purple_bottom,紫抄,shadow,no_hit,否,246249,template_miss,shadow,
NBIZ,2h,2026-03-09 05:52:36,sell_purple_cry,紫色哭脸,live,no_hit,否,246249,template_miss,none,
NBIZ,2h,2026-03-09 05:52:36,sell_purple_exit,紫色卖出,shadow,no_hit,否,246249,template_miss,shadow,
NBIZ,3h,2026-03-09 05:54:13,buy_core,笑笑砖策略,live,no_hit,否,164166,pattern_not_met,none,
NBIZ,3h,2026-03-09 05:54:13,buy_plus_red_diamond,买+红砖石,shadow,no_hit,否,,template_miss,shadow,
NBIZ,3h,2026-03-09 05:54:13,buy_purple_bottom,紫抄,shadow,no_hit,否,164166,template_miss,shadow,
NBIZ,3h,2026-03-09 05:54:13,sell_purple_cry,紫色哭脸,live,no_hit,否,164166,template_miss,none,
NBIZ,3h,2026-03-09 05:54:13,sell_purple_exit,紫色卖出,shadow,no_hit,否,164166,template_miss,shadow,
NBIZ,4h,2026-03-09 05:55:23,buy_core,笑笑砖策略,live,no_hit,否,123124,pattern_not_met,none,
NBIZ,4h,2026-03-09 05:55:23,buy_plus_red_diamond,买+红砖石,shadow,no_hit,否,,template_miss,shadow,
NBIZ,4h,2026-03-09 05:55:23,buy_purple_bottom,紫抄,shadow,no_hit,否,123124,template_miss,shadow,
NBIZ,4h,2026-03-09 05:55:23,sell_purple_cry,紫色哭脸,live,no_hit,否,123124,template_miss,none,
NBIZ,4h,2026-03-09 05:55:23,sell_purple_exit,紫色卖出,shadow,no_hit,否,123124,template_miss,shadow,
NVDA,1h,2026-03-09 05:56:01,buy_core,笑笑砖策略,live,no_hit,否,492500,pattern_not_met,none,
NVDA,1h,2026-03-09 05:56:01,buy_plus_red_diamond,买+红砖石,shadow,no_hit,否,,red_ratio_low,shadow,
NVDA,1h,2026-03-09 05:56:01,buy_purple_bottom,紫抄,shadow,no_hit,否,492500,template_miss,shadow,
NVDA,1h,2026-03-09 05:56:01,sell_purple_cry,紫色哭脸,live,no_hit,否,492500,template_miss,none,
NVDA,1h,2026-03-09 05:56:01,sell_purple_exit,紫色卖出,shadow,no_hit,否,492500,template_miss,shadow,
NVDA,2h,2026-03-09 05:56:41,buy_core,笑笑砖策略,live,no_hit,否,246249,pattern_not_met,none,
NVDA,2h,2026-03-09 05:56:41,buy_plus_red_diamond,买+红砖石,shadow,no_hit,否,,template_miss,shadow,
NVDA,2h,2026-03-09 05:56:41,buy_purple_bottom,紫抄,shadow,no_hit,否,246249,template_miss,shadow,
NVDA,2h,2026-03-09 05:56:41,sell_purple_cry,紫色哭脸,live,no_hit,否,246249,template_miss,none,
NVDA,2h,2026-03-09 05:56:41,sell_purple_exit,紫色卖出,shadow,no_hit,否,246249,template_miss,shadow,
NVDA,3h,2026-03-09 05:57:11,buy_core,笑笑砖策略,live,no_hit,否,164166,pattern_not_met,none,
NVDA,3h,2026-03-09 05:57:11,buy_plus_red_diamond,买+红砖石,shadow,no_hit,否,,template_miss,shadow,
NVDA,3h,2026-03-09 05:57:11,buy_purple_bottom,紫抄,shadow,no_hit,否,164166,template_miss,shadow,
NVDA,3h,2026-03-09 05:57:11,sell_purple_cry,紫色哭脸,live,no_hit,否,164166,template_miss,none,
NVDA,3h,2026-03-09 05:57:11,sell_purple_exit,紫色卖出,shadow,no_hit,否,164166,template_miss,shadow,
NVDA,4h,2026-03-09 05:58:38,buy_core,笑笑砖策略,live,no_hit,否,123124,pattern_not_met,none,
NVDA,4h,2026-03-09 05:58:38,buy_plus_red_diamond,买+红砖石,shadow,no_hit,否,,template_miss,shadow,
NVDA,4h,2026-03-09 05:58:38,buy_purple_bottom,紫抄,shadow,no_hit,否,123124,template_miss,shadow,
NVDA,4h,2026-03-09 05:58:38,sell_purple_cry,紫色哭脸,live,no_hit,否,123124,template_miss,none,
NVDA,4h,2026-03-09 05:58:38,sell_purple_exit,紫色卖出,shadow,no_hit,否,123124,template_miss,shadow,
OKLO,1h,2026-03-09 05:59:19,buy_core,笑笑砖策略,live,no_hit,否,492500,pattern_not_met,none,
OKLO,1h,2026-03-09 05:59:19,buy_plus_red_diamond,买+红砖石,shadow,no_hit,否,,red_ratio_low,shadow,
OKLO,1h,2026-03-09 05:59:19,buy_purple_bottom,紫抄,shadow,no_hit,否,492500,template_miss,shadow,
OKLO,1h,2026-03-09 05:59:19,sell_purple_cry,紫色哭脸,live,no_hit,否,492500,template_miss,none,
OKLO,1h,2026-03-09 05:59:19,sell_purple_exit,紫色卖出,shadow,no_hit,否,492500,template_miss,shadow,
OKLO,2h,2026-03-09 05:59:56,buy_core,笑笑砖策略,live,no_hit,否,246249,pattern_not_met,none,
OKLO,2h,2026-03-09 05:59:56,buy_plus_red_diamond,买+红砖石,shadow,no_hit,否,,red_ratio_low,shadow,
OKLO,2h,2026-03-09 05:59:56,buy_purple_bottom,紫抄,shadow,no_hit,否,246249,template_miss,shadow,
OKLO,2h,2026-03-09 05:59:56,sell_purple_cry,紫色哭脸,live,no_hit,否,246249,template_miss,none,
OKLO,2h,2026-03-09 05:59:56,sell_purple_exit,紫色卖出,shadow,no_hit,否,246249,template_miss,shadow,
OKLO,3h,2026-03-09 06:00:28,buy_core,笑笑砖策略,live,no_hit,否,164166,pattern_not_met,none,
OKLO,3h,2026-03-09 06:00:28,buy_plus_red_diamond,买+红砖石,shadow,no_hit,否,,red_ratio_low,shadow,
OKLO,3h,2026-03-09 06:00:28,buy_purple_bottom,紫抄,shadow,no_hit,否,164166,template_miss,shadow,
OKLO,3h,2026-03-09 06:00:28,sell_purple_cry,紫色哭脸,live,no_hit,否,164166,template_miss,none,
OKLO,3h,2026-03-09 06:00:28,sell_purple_exit,紫色卖出,shadow,no_hit,否,164166,template_miss,shadow,
OKLO,4h,2026-03-09 06:01:52,buy_core,笑笑砖策略,live,no_hit,否,123124,pattern_not_met,none,
OKLO,4h,2026-03-09 06:01:52,buy_plus_red_diamond,买+红砖石,shadow,no_hit,否,,red_ratio_low,shadow,
OKLO,4h,2026-03-09 06:01:52,buy_purple_bottom,紫抄,shadow,no_hit,否,123124,template_miss,shadow,
OKLO,4h,2026-03-09 06:01:52,sell_purple_cry,紫色哭脸,live,no_hit,否,123124,template_miss,none,
OKLO,4h,2026-03-09 06:01:52,sell_purple_exit,紫色卖出,shadow,no_hit,否,123124,template_miss,shadow,
OKLS,1h,2026-03-09 06:02:43,buy_core,笑笑砖策略,live,no_hit,否,492501,pattern_not_met,none,
OKLS,1h,2026-03-09 06:02:43,buy_plus_red_diamond,买+红砖石,shadow,no_hit,否,,red_ratio_low,shadow,
OKLS,1h,2026-03-09 06:02:43,buy_purple_bottom,紫抄,shadow,no_hit,否,492501,template_miss,shadow,
OKLS,1h,2026-03-09 06:02:43,sell_purple_cry,紫色哭脸,live,no_hit,否,492501,template_miss,none,
OKLS,1h,2026-03-09 06:02:43,sell_purple_exit,紫色卖出,shadow,no_hit,否,492501,template_miss,shadow,
OKLS,2h,2026-03-09 06:03:41,buy_core,笑笑砖策略,live,no_hit,否,246250,pattern_not_met,none,
OKLS,2h,2026-03-09 06:03:41,buy_plus_red_diamond,买+红砖石,shadow,no_hit,否,,red_ratio_low,shadow,
OKLS,2h,2026-03-09 06:03:41,buy_purple_bottom,紫抄,shadow,no_hit,否,246250,template_miss,shadow,
OKLS,2h,2026-03-09 06:03:41,sell_purple_cry,紫色哭脸,live,no_hit,否,246250,template_miss,none,
OKLS,2h,2026-03-09 06:03:41,sell_purple_exit,紫色卖出,shadow,no_hit,否,246250,template_miss,shadow,
OKLS,3h,2026-03-09 06:04:18,buy_core,笑笑砖策略,live,no_hit,否,164166,pattern_not_met,none,
OKLS,3h,2026-03-09 06:04:18,buy_plus_red_diamond,买+红砖石,shadow,no_hit,否,,red_ratio_low,shadow,
OKLS,3h,2026-03-09 06:04:18,buy_purple_bottom,紫抄,shadow,no_hit,否,164166,template_miss,shadow,
OKLS,3h,2026-03-09 06:04:18,sell_purple_cry,紫色哭脸,live,no_hit,否,164166,template_miss,none,
OKLS,3h,2026-03-09 06:04:18,sell_purple_exit,紫色卖出,shadow,no_hit,否,164166,template_miss,shadow,
OKLS,4h,2026-03-09 06:05:16,buy_core,笑笑砖策略,live,no_hit,否,123124,pattern_not_met,none,
OKLS,4h,2026-03-09 06:05:16,buy_plus_red_diamond,买+红砖石,shadow,no_hit,否,,red_ratio_low,shadow,
OKLS,4h,2026-03-09 06:05:16,buy_purple_bottom,紫抄,shadow,no_hit,否,123124,template_miss,shadow,
OKLS,4h,2026-03-09 06:05:16,sell_purple_cry,紫色哭脸,live,no_hit,否,123124,template_miss,none,
OKLS,4h,2026-03-09 06:05:16,sell_purple_exit,紫色卖出,shadow,no_hit,否,123124,template_miss,shadow,
PLTR,1h,2026-03-09 06:06:38,buy_core,笑笑砖策略,live,no_hit,否,492501,pattern_not_met,none,
PLTR,1h,2026-03-09 06:06:38,buy_plus_red_diamond,买+红砖石,shadow,no_hit,否,,red_ratio_low,shadow,
PLTR,1h,2026-03-09 06:06:38,buy_purple_bottom,紫抄,shadow,no_hit,否,492501,template_miss,shadow,
PLTR,1h,2026-03-09 06:06:38,sell_purple_cry,紫色哭脸,live,no_hit,否,492501,template_miss,none,
PLTR,1h,2026-03-09 06:06:38,sell_purple_exit,紫色卖出,shadow,no_hit,否,492501,template_miss,shadow,
PLTR,2h,2026-03-09 06:07:54,buy_core,笑笑砖策略,live,no_hit,否,246250,pattern_not_met,none,
PLTR,2h,2026-03-09 06:07:54,buy_plus_red_diamond,买+红砖石,shadow,no_hit,否,,template_miss,shadow,
PLTR,2h,2026-03-09 06:07:54,buy_purple_bottom,紫抄,shadow,no_hit,否,246250,template_miss,shadow,
PLTR,2h,2026-03-09 06:07:54,sell_purple_cry,紫色哭脸,live,no_hit,否,246250,template_miss,none,
PLTR,2h,2026-03-09 06:07:54,sell_purple_exit,紫色卖出,shadow,no_hit,否,246250,template_miss,shadow,
PLTR,3h,2026-03-09 06:09:05,buy_core,笑笑砖策略,live,no_hit,否,164166,pattern_not_met,none,
PLTR,3h,2026-03-09 06:09:05,buy_plus_red_diamond,买+红砖石,shadow,no_hit,否,,template_miss,shadow,
PLTR,3h,2026-03-09 06:09:05,buy_purple_bottom,紫抄,shadow,no_hit,否,164166,template_miss,shadow,
PLTR,3h,2026-03-09 06:09:05,sell_purple_cry,紫色哭脸,live,no_hit,否,164166,template_miss,none,
PLTR,3h,2026-03-09 06:09:05,sell_purple_exit,紫色卖出,shadow,no_hit,否,164166,template_miss,shadow,
PLTR,4h,2026-03-09 06:10:32,buy_core,笑笑砖策略,live,no_hit,否,123124,pattern_not_met,none,
PLTR,4h,2026-03-09 06:10:32,buy_plus_red_diamond,买+红砖石,shadow,no_hit,否,,template_miss,shadow,
PLTR,4h,2026-03-09 06:10:32,buy_purple_bottom,紫抄,shadow,no_hit,否,123124,template_miss,shadow,
PLTR,4h,2026-03-09 06:10:32,sell_purple_cry,紫色哭脸,live,no_hit,否,123124,template_miss,none,
PLTR,4h,2026-03-09 06:10:32,sell_purple_exit,紫色卖出,shadow,no_hit,否,123124,template_miss,shadow,
PLTZ,1h,2026-03-09 06:12:00,buy_core,笑笑砖策略,live,no_hit,否,492501,pattern_not_met,none,
PLTZ,1h,2026-03-09 06:12:00,buy_plus_red_diamond,买+红砖石,shadow,no_hit,否,,red_ratio_low,shadow,
PLTZ,1h,2026-03-09 06:12:00,buy_purple_bottom,紫抄,shadow,no_hit,否,492501,template_miss,shadow,
PLTZ,1h,2026-03-09 06:12:00,sell_purple_cry,紫色哭脸,live,no_hit,否,492501,template_miss,none,
PLTZ,1h,2026-03-09 06:12:00,sell_purple_exit,紫色卖出,shadow,no_hit,否,492501,template_miss,shadow,
PLTZ,2h,2026-03-09 06:13:15,buy_core,笑笑砖策略,live,no_hit,否,246250,pattern_not_met,none,
PLTZ,2h,2026-03-09 06:13:15,buy_plus_red_diamond,买+红砖石,shadow,no_hit,否,,template_miss,shadow,
PLTZ,2h,2026-03-09 06:13:15,buy_purple_bottom,紫抄,shadow,no_hit,否,246250,template_miss,shadow,
PLTZ,2h,2026-03-09 06:13:15,sell_purple_cry,紫色哭脸,live,no_hit,否,246250,template_miss,none,
PLTZ,2h,2026-03-09 06:13:15,sell_purple_exit,紫色卖出,shadow,no_hit,否,246250,template_miss,shadow,
PLTZ,3h,2026-03-09 06:14:29,buy_core,笑笑砖策略,live,no_hit,否,164166,pattern_not_met,none,
PLTZ,3h,2026-03-09 06:14:29,buy_plus_red_diamond,买+红砖石,shadow,no_hit,否,,red_ratio_low,shadow,
PLTZ,3h,2026-03-09 06:14:29,buy_purple_bottom,紫抄,shadow,no_hit,否,164166,template_miss,shadow,
PLTZ,3h,2026-03-09 06:14:29,sell_purple_cry,紫色哭脸,live,no_hit,否,164166,template_miss,none,
PLTZ,3h,2026-03-09 06:14:29,sell_purple_exit,紫色卖出,shadow,no_hit,否,164166,template_miss,shadow,
PLTZ,4h,2026-03-09 06:14:52,buy_core,笑笑砖策略,live,no_hit,否,123124,pattern_not_met,none,
PLTZ,4h,2026-03-09 06:14:52,buy_plus_red_diamond,买+红砖石,shadow,no_hit,否,,red_ratio_low,shadow,
PLTZ,4h,2026-03-09 06:14:52,buy_purple_bottom,紫抄,shadow,no_hit,否,123124,template_miss,shadow,
PLTZ,4h,2026-03-09 06:14:52,sell_purple_cry,紫色哭脸,live,no_hit,否,123124,template_miss,none,
PLTZ,4h,2026-03-09 06:14:52,sell_purple_exit,紫色卖出,shadow,no_hit,否,123124,template_miss,shadow,
RDW,1h,2026-03-09 06:15:34,buy_core,笑笑砖策略,live,no_hit,否,492501,pattern_not_met,none,
RDW,1h,2026-03-09 06:15:34,buy_plus_red_diamond,买+红砖石,shadow,no_hit,否,,red_ratio_low,shadow,
RDW,1h,2026-03-09 06:15:34,buy_purple_bottom,紫抄,shadow,no_hit,否,492501,template_miss,shadow,
RDW,1h,2026-03-09 06:15:34,sell_purple_cry,紫色哭脸,live,no_hit,否,492501,template_miss,none,
RDW,1h,2026-03-09 06:15:34,sell_purple_exit,紫色卖出,shadow,no_hit,否,492501,template_miss,shadow,
RDW,2h,2026-03-09 06:16:06,buy_core,笑笑砖策略,live,no_hit,否,246250,pattern_not_met,none,
RDW,2h,2026-03-09 06:16:06,buy_plus_red_diamond,买+红砖石,shadow,no_hit,否,,red_ratio_low,shadow,
RDW,2h,2026-03-09 06:16:06,buy_purple_bottom,紫抄,shadow,no_hit,否,246250,template_miss,shadow,
RDW,2h,2026-03-09 06:16:06,sell_purple_cry,紫色哭脸,live,no_hit,否,246250,template_miss,none,
RDW,2h,2026-03-09 06:16:06,sell_purple_exit,紫色卖出,shadow,no_hit,否,246250,template_miss,shadow,
RDW,3h,2026-03-09 06:16:37,buy_core,笑笑砖策略,live,no_hit,否,164166,pattern_not_met,none,
RDW,3h,2026-03-09 06:16:37,buy_plus_red_diamond,买+红砖石,shadow,no_hit,否,,red_ratio_low,shadow,
RDW,3h,2026-03-09 06:16:37,buy_purple_bottom,紫抄,shadow,no_hit,否,164166,template_miss,shadow,
RDW,3h,2026-03-09 06:16:37,sell_purple_cry,紫色哭脸,live,no_hit,否,164166,template_miss,none,
RDW,3h,2026-03-09 06:16:37,sell_purple_exit,紫色卖出,shadow,no_hit,否,164166,template_miss,shadow,
RDW,4h,2026-03-09 06:17:13,buy_core,笑笑砖策略,live,no_hit,否,123124,pattern_not_met,none,
RDW,4h,2026-03-09 06:17:13,buy_plus_red_diamond,买+红砖石,shadow,no_hit,否,,red_ratio_low,shadow,
RDW,4h,2026-03-09 06:17:13,buy_purple_bottom,紫抄,shadow,no_hit,否,123124,template_miss,shadow,
RDW,4h,2026-03-09 06:17:13,sell_purple_cry,紫色哭脸,live,no_hit,否,123124,template_miss,none,
RDW,4h,2026-03-09 06:17:13,sell_purple_exit,紫色卖出,shadow,no_hit,否,123124,template_miss,shadow,
RGTZ,1h,2026-03-09 06:17:47,buy_core,笑笑砖策略,live,no_hit,否,492501,pattern_not_met,none,
RGTZ,1h,2026-03-09 06:17:47,buy_plus_red_diamond,买+红砖石,shadow,no_hit,否,,red_ratio_low,shadow,
RGTZ,1h,2026-03-09 06:17:47,buy_purple_bottom,紫抄,shadow,no_hit,否,492501,template_miss,shadow,
RGTZ,1h,2026-03-09 06:17:47,sell_purple_cry,紫色哭脸,live,no_hit,否,492501,already_active,none,
RGTZ,1h,2026-03-09 06:17:47,sell_purple_exit,紫色卖出,shadow,no_hit,否,492501,template_miss,shadow,
RGTZ,2h,2026-03-09 06:18:33,buy_core,笑笑砖策略,live,no_hit,否,246250,pattern_not_met,none,
RGTZ,2h,2026-03-09 06:18:33,buy_plus_red_diamond,买+红砖石,shadow,no_hit,否,,red_ratio_low,shadow,
RGTZ,2h,2026-03-09 06:18:33,buy_purple_bottom,紫抄,shadow,no_hit,否,246250,template_miss,shadow,
RGTZ,2h,2026-03-09 06:18:33,sell_purple_cry,紫色哭脸,live,no_hit,否,246250,template_miss,none,
RGTZ,2h,2026-03-09 06:18:33,sell_purple_exit,紫色卖出,shadow,no_hit,否,246250,template_miss,shadow,
RGTZ,3h,2026-03-09 06:19:32,buy_core,笑笑砖策略,live,no_hit,否,164166,pattern_not_met,none,
RGTZ,3h,2026-03-09 06:19:32,buy_plus_red_diamond,买+红砖石,shadow,no_hit,否,,red_ratio_low,shadow,
RGTZ,3h,2026-03-09 06:19:32,buy_purple_bottom,紫抄,shadow,no_hit,否,164166,template_miss,shadow,
RGTZ,3h,2026-03-09 06:19:32,sell_purple_cry,紫色哭脸,live,no_hit,否,164166,purple_ratio_low,none,
RGTZ,3h,2026-03-09 06:19:32,sell_purple_exit,紫色卖出,shadow,no_hit,否,164166,template_miss,shadow,
RGTZ,4h,2026-03-09 06:19:58,buy_core,笑笑砖策略,live,no_hit,否,123124,pattern_not_met,none,
RGTZ,4h,2026-03-09 06:19:58,buy_plus_red_diamond,买+红砖石,shadow,no_hit,否,,red_ratio_low,shadow,
RGTZ,4h,2026-03-09 06:19:58,buy_purple_bottom,紫抄,shadow,no_hit,否,123124,template_miss,shadow,
RGTZ,4h,2026-03-09 06:19:58,sell_purple_cry,紫色哭脸,live,no_hit,否,123124,purple_ratio_low,none,
RGTZ,4h,2026-03-09 06:19:58,sell_purple_exit,紫色卖出,shadow,no_hit,否,123124,template_miss,shadow,
RKLB,1h,2026-03-09 06:21:17,buy_core,笑笑砖策略,live,no_hit,否,492501,pattern_not_met,none,
RKLB,1h,2026-03-09 06:21:17,buy_plus_red_diamond,买+红砖石,shadow,no_hit,否,,red_ratio_low,shadow,
RKLB,1h,2026-03-09 06:21:17,buy_purple_bottom,紫抄,shadow,no_hit,否,492501,template_miss,shadow,
RKLB,1h,2026-03-09 06:21:17,sell_purple_cry,紫色哭脸,live,no_hit,否,492501,template_miss,none,
RKLB,1h,2026-03-09 06:21:17,sell_purple_exit,紫色卖出,shadow,no_hit,否,492501,template_miss,shadow,
RKLB,2h,2026-03-09 06:22:00,buy_core,笑笑砖策略,live,no_hit,否,246250,pattern_not_met,none,
RKLB,2h,2026-03-09 06:22:00,buy_plus_red_diamond,买+红砖石,shadow,no_hit,否,,red_ratio_low,shadow,
RKLB,2h,2026-03-09 06:22:00,buy_purple_bottom,紫抄,shadow,no_hit,否,246250,template_miss,shadow,
RKLB,2h,2026-03-09 06:22:00,sell_purple_cry,紫色哭脸,live,no_hit,否,246250,already_active,none,
RKLB,2h,2026-03-09 06:22:00,sell_purple_exit,紫色卖出,shadow,no_hit,否,246250,template_miss,shadow,
RKLB,3h,2026-03-09 06:22:57,buy_core,笑笑砖策略,live,no_hit,否,164166,pattern_not_met,none,
RKLB,3h,2026-03-09 06:22:57,buy_plus_red_diamond,买+红砖石,shadow,no_hit,否,,red_ratio_low,shadow,
RKLB,3h,2026-03-09 06:22:57,buy_purple_bottom,紫抄,shadow,no_hit,否,164166,template_miss,shadow,
RKLB,3h,2026-03-09 06:22:57,sell_purple_cry,紫色哭脸,live,no_hit,否,164166,template_miss,none,
RKLB,3h,2026-03-09 06:22:57,sell_purple_exit,紫色卖出,shadow,no_hit,否,164166,template_miss,shadow,
RKLB,4h,2026-03-09 06:23:28,buy_core,笑笑砖策略,live,no_hit,否,123124,pattern_not_met,none,
RKLB,4h,2026-03-09 06:23:28,buy_plus_red_diamond,买+红砖石,shadow,no_hit,否,,red_ratio_low,shadow,
RKLB,4h,2026-03-09 06:23:28,buy_purple_bottom,紫抄,shadow,no_hit,否,123124,template_miss,shadow,
RKLB,4h,2026-03-09 06:23:28,sell_purple_cry,紫色哭脸,live,no_hit,否,123124,purple_ratio_low,none,
RKLB,4h,2026-03-09 06:23:28,sell_purple_exit,紫色卖出,shadow,no_hit,否,123124,template_miss,shadow,
RKLZ,1h,2026-03-09 06:24:02,buy_core,笑笑砖策略,live,no_hit,否,492501,pattern_not_met,none,
RKLZ,1h,2026-03-09 06:24:02,buy_plus_red_diamond,买+红砖石,shadow,no_hit,否,,red_ratio_low,shadow,
RKLZ,1h,2026-03-09 06:24:02,buy_purple_bottom,紫抄,shadow,no_hit,否,492501,template_miss,shadow,
RKLZ,1h,2026-03-09 06:24:02,sell_purple_cry,紫色哭脸,live,no_hit,否,492501,already_active,none,
RKLZ,1h,2026-03-09 06:24:02,sell_purple_exit,紫色卖出,shadow,no_hit,否,492501,template_miss,shadow,
RKLZ,2h,2026-03-09 06:24:39,buy_core,笑笑砖策略,live,no_hit,否,246250,pattern_not_met,none,
RKLZ,2h,2026-03-09 06:24:39,buy_plus_red_diamond,买+红砖石,shadow,no_hit,否,,red_ratio_low,shadow,
RKLZ,2h,2026-03-09 06:24:39,buy_purple_bottom,紫抄,shadow,no_hit,否,246250,template_miss,shadow,
RKLZ,2h,2026-03-09 06:24:39,sell_purple_cry,紫色哭脸,live,no_hit,否,246250,template_miss,none,
RKLZ,2h,2026-03-09 06:24:39,sell_purple_exit,紫色卖出,shadow,no_hit,否,246250,template_miss,shadow,
RKLZ,3h,2026-03-09 06:24:57,buy_core,笑笑砖策略,live,no_hit,否,164166,pattern_not_met,none,
RKLZ,3h,2026-03-09 06:24:57,buy_plus_red_diamond,买+红砖石,shadow,no_hit,否,,red_ratio_low,shadow,
RKLZ,3h,2026-03-09 06:24:57,buy_purple_bottom,紫抄,shadow,no_hit,否,164166,template_miss,shadow,
RKLZ,3h,2026-03-09 06:24:57,sell_purple_cry,紫色哭脸,live,no_hit,否,164166,already_active,none,
RKLZ,3h,2026-03-09 06:24:57,sell_purple_exit,紫色卖出,shadow,no_hit,否,164166,template_miss,shadow,
RKLZ,4h,2026-03-09 06:25:25,buy_core,笑笑砖策略,live,no_hit,否,123124,pattern_not_met,none,
RKLZ,4h,2026-03-09 06:25:25,buy_plus_red_diamond,买+红砖石,shadow,no_hit,否,,red_ratio_low,shadow,
RKLZ,4h,2026-03-09 06:25:25,buy_purple_bottom,紫抄,shadow,no_hit,否,123124,template_miss,shadow,
RKLZ,4h,2026-03-09 06:25:25,sell_purple_cry,紫色哭脸,live,no_hit,否,123124,already_active,none,
RKLZ,4h,2026-03-09 06:25:25,sell_purple_exit,紫色卖出,shadow,no_hit,否,123124,template_miss,shadow,
RZLV,1h,2026-03-09 06:26:35,buy_core,笑笑砖策略,live,no_hit,否,492501,pattern_not_met,none,
RZLV,1h,2026-03-09 06:26:35,buy_plus_red_diamond,买+红砖石,shadow,no_hit,否,,red_ratio_low,shadow,
RZLV,1h,2026-03-09 06:26:35,buy_purple_bottom,紫抄,shadow,no_hit,否,492501,template_miss,shadow,
RZLV,1h,2026-03-09 06:26:35,sell_purple_cry,紫色哭脸,live,no_hit,否,492501,template_miss,none,
RZLV,1h,2026-03-09 06:26:35,sell_purple_exit,紫色卖出,shadow,no_hit,否,492501,template_miss,shadow,
RZLV,2h,2026-03-09 06:27:26,buy_core,笑笑砖策略,live,no_hit,否,246250,pattern_not_met,none,
RZLV,2h,2026-03-09 06:27:26,buy_plus_red_diamond,买+红砖石,shadow,no_hit,否,,red_ratio_low,shadow,
RZLV,2h,2026-03-09 06:27:26,buy_purple_bottom,紫抄,shadow,no_hit,否,246250,template_miss,shadow,
RZLV,2h,2026-03-09 06:27:26,sell_purple_cry,紫色哭脸,live,no_hit,否,246250,template_miss,none,
RZLV,2h,2026-03-09 06:27:26,sell_purple_exit,紫色卖出,shadow,no_hit,否,246250,template_miss,shadow,
RZLV,3h,2026-03-09 06:27:44,buy_core,笑笑砖策略,live,no_hit,否,164166,pattern_not_met,none,
RZLV,3h,2026-03-09 06:27:44,buy_plus_red_diamond,买+红砖石,shadow,no_hit,否,,red_ratio_low,shadow,
RZLV,3h,2026-03-09 06:27:44,buy_purple_bottom,紫抄,shadow,no_hit,否,164166,template_miss,shadow,
RZLV,3h,2026-03-09 06:27:44,sell_purple_cry,紫色哭脸,live,no_hit,否,164166,already_active,none,
RZLV,3h,2026-03-09 06:27:44,sell_purple_exit,紫色卖出,shadow,no_hit,否,164166,template_miss,shadow,
RZLV,4h,2026-03-09 06:28:22,buy_core,笑笑砖策略,live,no_hit,否,123124,pattern_not_met,none,
RZLV,4h,2026-03-09 06:28:22,buy_plus_red_diamond,买+红砖石,shadow,no_hit,否,,red_ratio_low,shadow,
RZLV,4h,2026-03-09 06:28:22,buy_purple_bottom,紫抄,shadow,no_hit,否,123124,template_miss,shadow,
RZLV,4h,2026-03-09 06:28:22,sell_purple_cry,紫色哭脸,live,no_hit,否,123124,template_miss,none,
RZLV,4h,2026-03-09 06:28:22,sell_purple_exit,紫色卖出,shadow,no_hit,否,123124,template_miss,shadow,
SOXS,1h,2026-03-09 06:29:17,buy_core,笑笑砖策略,live,no_hit,否,492501,pattern_not_met,none,
SOXS,1h,2026-03-09 06:29:17,buy_plus_red_diamond,买+红砖石,shadow,no_hit,否,,red_ratio_low,shadow,
SOXS,1h,2026-03-09 06:29:17,buy_purple_bottom,紫抄,shadow,no_hit,否,492501,template_miss,shadow,
SOXS,1h,2026-03-09 06:29:17,sell_purple_cry,紫色哭脸,live,no_hit,否,492501,template_miss,none,
SOXS,1h,2026-03-09 06:29:17,sell_purple_exit,紫色卖出,shadow,no_hit,否,492501,template_miss,shadow,
SOXS,2h,2026-03-09 06:29:56,buy_core,笑笑砖策略,live,no_hit,否,246250,pattern_not_met,none,
SOXS,2h,2026-03-09 06:29:56,buy_plus_red_diamond,买+红砖石,shadow,no_hit,否,,red_ratio_low,shadow,
SOXS,2h,2026-03-09 06:29:56,buy_purple_bottom,紫抄,shadow,no_hit,否,246250,template_miss,shadow,
SOXS,2h,2026-03-09 06:29:56,sell_purple_cry,紫色哭脸,live,no_hit,否,246250,template_miss,none,
SOXS,2h,2026-03-09 06:29:56,sell_purple_exit,紫色卖出,shadow,no_hit,否,246250,template_miss,shadow,
SOXS,3h,2026-03-09 06:30:29,buy_core,笑笑砖策略,live,no_hit,否,164166,pattern_not_met,none,
SOXS,3h,2026-03-09 06:30:29,buy_plus_red_diamond,买+红砖石,shadow,no_hit,否,,red_ratio_low,shadow,
SOXS,3h,2026-03-09 06:30:29,buy_purple_bottom,紫抄,shadow,no_hit,否,164166,template_miss,shadow,
SOXS,3h,2026-03-09 06:30:29,sell_purple_cry,紫色哭脸,live,no_hit,否,164166,template_miss,none,
SOXS,3h,2026-03-09 06:30:29,sell_purple_exit,紫色卖出,shadow,no_hit,否,164166,template_miss,shadow,
SOXS,4h,2026-03-09 06:30:56,buy_core,笑笑砖策略,live,no_hit,否,123124,pattern_not_met,none,
SOXS,4h,2026-03-09 06:30:56,buy_plus_red_diamond,买+红砖石,shadow,no_hit,否,,red_ratio_low,shadow,
SOXS,4h,2026-03-09 06:30:56,buy_purple_bottom,紫抄,shadow,no_hit,否,123124,template_miss,shadow,
SOXS,4h,2026-03-09 06:30:56,sell_purple_cry,紫色哭脸,live,no_hit,否,123124,purple_ratio_low,none,
SOXS,4h,2026-03-09 06:30:56,sell_purple_exit,紫色卖出,shadow,no_hit,否,123124,template_miss,shadow,
STM,1h,2026-03-09 06:31:43,buy_core,笑笑砖策略,live,no_hit,否,492501,pattern_not_met,none,
STM,1h,2026-03-09 06:31:43,buy_plus_red_diamond,买+红砖石,shadow,no_hit,否,,red_ratio_low,shadow,
STM,1h,2026-03-09 06:31:43,buy_purple_bottom,紫抄,shadow,no_hit,否,492501,template_miss,shadow,
STM,1h,2026-03-09 06:31:43,sell_purple_cry,紫色哭脸,live,no_hit,否,492501,template_miss,none,
STM,1h,2026-03-09 06:31:43,sell_purple_exit,紫色卖出,shadow,no_hit,否,492501,template_miss,shadow,
STM,2h,2026-03-09 06:32:15,buy_core,笑笑砖策略,live,no_hit,否,246250,pattern_not_met,none,
STM,2h,2026-03-09 06:32:15,buy_plus_red_diamond,买+红砖石,shadow,no_hit,否,,red_ratio_low,shadow,
STM,2h,2026-03-09 06:32:15,buy_purple_bottom,紫抄,shadow,no_hit,否,246250,template_miss,shadow,
STM,2h,2026-03-09 06:32:15,sell_purple_cry,紫色哭脸,live,no_hit,否,246250,template_miss,none,
STM,2h,2026-03-09 06:32:15,sell_purple_exit,紫色卖出,shadow,no_hit,否,246250,template_miss,shadow,
STM,3h,2026-03-09 06:33:21,buy_core,笑笑砖策略,live,no_hit,否,164166,pattern_not_met,none,
STM,3h,2026-03-09 06:33:21,buy_plus_red_diamond,买+红砖石,shadow,no_hit,否,,red_ratio_low,shadow,
STM,3h,2026-03-09 06:33:21,buy_purple_bottom,紫抄,shadow,no_hit,否,164166,template_miss,shadow,
STM,3h,2026-03-09 06:33:21,sell_purple_cry,紫色哭脸,live,no_hit,否,164166,template_miss,none,
STM,3h,2026-03-09 06:33:21,sell_purple_exit,紫色卖出,shadow,no_hit,否,164166,template_miss,shadow,
STM,4h,2026-03-09 06:34:45,buy_core,笑笑砖策略,live,no_hit,否,123124,pattern_not_met,none,
STM,4h,2026-03-09 06:34:45,buy_plus_red_diamond,买+红砖石,shadow,no_hit,否,,red_ratio_low,shadow,
STM,4h,2026-03-09 06:34:45,buy_purple_bottom,紫抄,shadow,no_hit,否,123124,template_miss,shadow,
STM,4h,2026-03-09 06:34:45,sell_purple_cry,紫色哭脸,live,no_hit,否,123124,template_miss,none,
STM,4h,2026-03-09 06:34:45,sell_purple_exit,紫色卖出,shadow,no_hit,否,123124,template_miss,shadow,
TSLA,1h,2026-03-09 06:35:17,buy_core,笑笑砖策略,live,no_hit,否,492501,pattern_not_met,none,
TSLA,1h,2026-03-09 06:35:17,buy_plus_red_diamond,买+红砖石,shadow,no_hit,否,,template_miss,shadow,
TSLA,1h,2026-03-09 06:35:17,buy_purple_bottom,紫抄,shadow,no_hit,否,492501,template_miss,shadow,
TSLA,1h,2026-03-09 06:35:17,sell_purple_cry,紫色哭脸,live,no_hit,否,492501,template_miss,none,
TSLA,1h,2026-03-09 06:35:17,sell_purple_exit,紫色卖出,shadow,no_hit,否,492501,template_miss,shadow,
TSLA,2h,2026-03-09 06:35:57,buy_core,笑笑砖策略,live,no_hit,否,246250,pattern_not_met,none,
TSLA,2h,2026-03-09 06:35:57,buy_plus_red_diamond,买+红砖石,shadow,no_hit,否,,red_ratio_low,shadow,
TSLA,2h,2026-03-09 06:35:57,buy_purple_bottom,紫抄,shadow,no_hit,否,246250,template_miss,shadow,
TSLA,2h,2026-03-09 06:35:57,sell_purple_cry,紫色哭脸,live,no_hit,否,246250,template_miss,none,
TSLA,2h,2026-03-09 06:35:57,sell_purple_exit,紫色卖出,shadow,no_hit,否,246250,template_miss,shadow,
TSLA,3h,2026-03-09 06:36:30,buy_core,笑笑砖策略,live,no_hit,否,164166,pattern_not_met,none,
TSLA,3h,2026-03-09 06:36:30,buy_plus_red_diamond,买+红砖石,shadow,no_hit,否,,template_miss,shadow,
TSLA,3h,2026-03-09 06:36:30,buy_purple_bottom,紫抄,shadow,no_hit,否,164166,template_miss,shadow,
TSLA,3h,2026-03-09 06:36:30,sell_purple_cry,紫色哭脸,live,no_hit,否,164166,template_miss,none,
TSLA,3h,2026-03-09 06:36:30,sell_purple_exit,紫色卖出,shadow,no_hit,否,164166,template_miss,shadow,
TSLA,4h,2026-03-09 06:37:08,buy_core,笑笑砖策略,live,no_hit,否,123124,pattern_not_met,none,
TSLA,4h,2026-03-09 06:37:08,buy_plus_red_diamond,买+红砖石,shadow,no_hit,否,,red_ratio_low,shadow,
TSLA,4h,2026-03-09 06:37:08,buy_purple_bottom,紫抄,shadow,no_hit,否,123124,template_miss,shadow,
TSLA,4h,2026-03-09 06:37:08,sell_purple_cry,紫色哭脸,live,no_hit,否,123124,template_miss,none,
TSLA,4h,2026-03-09 06:37:08,sell_purple_exit,紫色卖出,shadow,no_hit,否,123124,template_miss,shadow,
TSLQ,1h,2026-03-09 06:38:03,buy_core,笑笑砖策略,live,no_hit,否,492501,pattern_not_met,none,
TSLQ,1h,2026-03-09 06:38:03,buy_plus_red_diamond,买+红砖石,shadow,no_hit,否,,template_miss,shadow,
TSLQ,1h,2026-03-09 06:38:03,buy_purple_bottom,紫抄,shadow,no_hit,否,492501,template_miss,shadow,
TSLQ,1h,2026-03-09 06:38:03,sell_purple_cry,紫色哭脸,live,no_hit,否,492501,template_miss,none,
TSLQ,1h,2026-03-09 06:38:03,sell_purple_exit,紫色卖出,shadow,no_hit,否,492501,template_miss,shadow,
TSLQ,2h,2026-03-09 06:38:53,buy_core,笑笑砖策略,live,no_hit,否,246250,pattern_not_met,none,
TSLQ,2h,2026-03-09 06:38:53,buy_plus_red_diamond,买+红砖石,shadow,no_hit,否,,red_ratio_low,shadow,
TSLQ,2h,2026-03-09 06:38:53,buy_purple_bottom,紫抄,shadow,no_hit,否,246250,template_miss,shadow,
TSLQ,2h,2026-03-09 06:38:53,sell_purple_cry,紫色哭脸,live,no_hit,否,246250,template_miss,none,
TSLQ,2h,2026-03-09 06:38:53,sell_purple_exit,紫色卖出,shadow,no_hit,否,246250,template_miss,shadow,
TSLQ,3h,2026-03-09 06:39:42,buy_core,笑笑砖策略,live,no_hit,否,164166,pattern_not_met,none,
TSLQ,3h,2026-03-09 06:39:42,buy_plus_red_diamond,买+红砖石,shadow,no_hit,否,,red_ratio_low,shadow,
TSLQ,3h,2026-03-09 06:39:42,buy_purple_bottom,紫抄,shadow,no_hit,否,164166,template_miss,shadow,
TSLQ,3h,2026-03-09 06:39:42,sell_purple_cry,紫色哭脸,live,no_hit,否,164166,template_miss,none,
TSLQ,3h,2026-03-09 06:39:42,sell_purple_exit,紫色卖出,shadow,no_hit,否,164166,template_miss,shadow,
TSLQ,4h,2026-03-09 06:40:27,buy_core,笑笑砖策略,live,no_hit,否,123124,pattern_not_met,none,
TSLQ,4h,2026-03-09 06:40:27,buy_plus_red_diamond,买+红砖石,shadow,no_hit,否,,red_ratio_low,shadow,
TSLQ,4h,2026-03-09 06:40:27,buy_purple_bottom,紫抄,shadow,no_hit,否,123124,template_miss,shadow,
TSLQ,4h,2026-03-09 06:40:27,sell_purple_cry,紫色哭脸,live,no_hit,否,123124,template_miss,none,
TSLQ,4h,2026-03-09 06:40:27,sell_purple_exit,紫色卖出,shadow,no_hit,否,123124,template_miss,shadow,
UVIX,1h,2026-03-09 06:41:00,buy_core,笑笑砖策略,live,no_hit,否,492501,pattern_not_met,none,
UVIX,1h,2026-03-09 06:41:00,buy_plus_red_diamond,买+红砖石,shadow,no_hit,否,,red_ratio_low,shadow,
UVIX,1h,2026-03-09 06:41:00,buy_purple_bottom,紫抄,shadow,no_hit,否,492501,template_miss,shadow,
UVIX,1h,2026-03-09 06:41:00,sell_purple_cry,紫色哭脸,live,no_hit,否,492501,template_miss,none,
UVIX,1h,2026-03-09 06:41:00,sell_purple_exit,紫色卖出,shadow,no_hit,否,492501,template_miss,shadow,
UVIX,2h,2026-03-09 06:41:33,buy_core,笑笑砖策略,live,no_hit,否,246250,pattern_not_met,none,
UVIX,2h,2026-03-09 06:41:33,buy_plus_red_diamond,买+红砖石,shadow,no_hit,否,,red_ratio_low,shadow,
UVIX,2h,2026-03-09 06:41:33,buy_purple_bottom,紫抄,shadow,no_hit,否,246250,template_miss,shadow,
UVIX,2h,2026-03-09 06:41:33,sell_purple_cry,紫色哭脸,live,no_hit,否,246250,template_miss,none,
UVIX,2h,2026-03-09 06:41:33,sell_purple_exit,紫色卖出,shadow,no_hit,否,246250,template_miss,shadow,
UVIX,3h,2026-03-09 06:42:11,buy_core,笑笑砖策略,live,no_hit,否,164166,pattern_not_met,none,
UVIX,3h,2026-03-09 06:42:11,buy_plus_red_diamond,买+红砖石,shadow,no_hit,否,,red_ratio_low,shadow,
UVIX,3h,2026-03-09 06:42:11,buy_purple_bottom,紫抄,shadow,no_hit,否,164166,template_miss,shadow,
UVIX,3h,2026-03-09 06:42:11,sell_purple_cry,紫色哭脸,live,no_hit,否,164166,template_miss,none,
UVIX,3h,2026-03-09 06:42:11,sell_purple_exit,紫色卖出,shadow,no_hit,否,164166,template_miss,shadow,
UVIX,4h,2026-03-09 06:42:37,buy_core,笑笑砖策略,live,no_hit,否,123124,pattern_not_met,none,
UVIX,4h,2026-03-09 06:42:37,buy_plus_red_diamond,买+红砖石,shadow,no_hit,否,,red_ratio_low,shadow,
UVIX,4h,2026-03-09 06:42:37,buy_purple_bottom,紫抄,shadow,no_hit,否,123124,template_miss,shadow,
UVIX,4h,2026-03-09 06:42:37,sell_purple_cry,紫色哭脸,live,no_hit,否,123124,purple_ratio_low,none,
UVIX,4h,2026-03-09 06:42:37,sell_purple_exit,紫色卖出,shadow,no_hit,否,123124,template_miss,shadow,
WDC,1h,2026-03-09 06:43:08,buy_core,笑笑砖策略,live,no_hit,否,492501,pattern_not_met,none,
WDC,1h,2026-03-09 06:43:08,buy_plus_red_diamond,买+红砖石,shadow,no_hit,否,,red_ratio_low,shadow,
WDC,1h,2026-03-09 06:43:08,buy_purple_bottom,紫抄,shadow,no_hit,否,492501,template_miss,shadow,
WDC,1h,2026-03-09 06:43:08,sell_purple_cry,紫色哭脸,live,no_hit,否,492501,template_miss,none,
WDC,1h,2026-03-09 06:43:08,sell_purple_exit,紫色卖出,shadow,no_hit,否,492501,template_miss,shadow,
WDC,2h,2026-03-09 06:43:40,buy_core,笑笑砖策略,live,no_hit,否,246250,pattern_not_met,none,
WDC,2h,2026-03-09 06:43:40,buy_plus_red_diamond,买+红砖石,shadow,no_hit,否,,red_ratio_low,shadow,
WDC,2h,2026-03-09 06:43:40,buy_purple_bottom,紫抄,shadow,no_hit,否,246250,template_miss,shadow,
WDC,2h,2026-03-09 06:43:40,sell_purple_cry,紫色哭脸,live,no_hit,否,246250,template_miss,none,
WDC,2h,2026-03-09 06:43:40,sell_purple_exit,紫色卖出,shadow,no_hit,否,246250,template_miss,shadow,
WDC,3h,2026-03-09 06:44:12,buy_core,笑笑砖策略,live,no_hit,否,164166,pattern_not_met,none,
WDC,3h,2026-03-09 06:44:12,buy_plus_red_diamond,买+红砖石,shadow,no_hit,否,,red_ratio_low,shadow,
WDC,3h,2026-03-09 06:44:12,buy_purple_bottom,紫抄,shadow,no_hit,否,164166,template_miss,shadow,
WDC,3h,2026-03-09 06:44:12,sell_purple_cry,紫色哭脸,live,no_hit,否,164166,template_miss,none,
WDC,3h,2026-03-09 06:44:12,sell_purple_exit,紫色卖出,shadow,no_hit,否,164166,template_miss,shadow,
WDC,4h,2026-03-09 06:45:32,buy_core,笑笑砖策略,live,no_hit,否,123124,pattern_not_met,none,
WDC,4h,2026-03-09 06:45:32,buy_plus_red_diamond,买+红砖石,shadow,no_hit,否,,template_miss,shadow,
WDC,4h,2026-03-09 06:45:32,buy_purple_bottom,紫抄,shadow,no_hit,否,123124,template_miss,shadow,
WDC,4h,2026-03-09 06:45:32,sell_purple_cry,紫色哭脸,live,no_hit,否,123124,template_miss,none,
WDC,4h,2026-03-09 06:45:32,sell_purple_exit,紫色卖出,shadow,no_hit,否,123124,template_miss,shadow,
ZSL,1h,2026-03-09 06:46:05,buy_core,笑笑砖策略,live,no_hit,否,492501,pattern_not_met,none,
ZSL,1h,2026-03-09 06:46:05,buy_plus_red_diamond,买+红砖石,shadow,no_hit,否,,template_miss,shadow,
ZSL,1h,2026-03-09 06:46:05,buy_purple_bottom,紫抄,shadow,no_hit,否,492501,template_miss,shadow,
ZSL,1h,2026-03-09 06:46:05,sell_purple_cry,紫色哭脸,live,no_hit,否,492501,template_miss,none,
ZSL,1h,2026-03-09 06:46:05,sell_purple_exit,紫色卖出,shadow,no_hit,否,492501,template_miss,shadow,
ZSL,2h,2026-03-09 06:47:02,buy_core,笑笑砖策略,live,no_hit,否,246250,pattern_not_met,none,
ZSL,2h,2026-03-09 06:47:02,buy_plus_red_diamond,买+红砖石,shadow,no_hit,否,,red_ratio_low,shadow,
ZSL,2h,2026-03-09 06:47:02,buy_purple_bottom,紫抄,shadow,no_hit,否,246250,template_miss,shadow,
ZSL,2h,2026-03-09 06:47:02,sell_purple_cry,紫色哭脸,live,no_hit,否,246250,purple_ratio_low,none,
ZSL,2h,2026-03-09 06:47:02,sell_purple_exit,紫色卖出,shadow,no_hit,否,246250,template_miss,shadow,
ZSL,3h,2026-03-09 06:48:33,buy_core,笑笑砖策略,live,no_hit,否,164166,pattern_not_met,none,
ZSL,3h,2026-03-09 06:48:33,buy_plus_red_diamond,买+红砖石,shadow,no_hit,否,,red_ratio_low,shadow,
ZSL,3h,2026-03-09 06:48:33,buy_purple_bottom,紫抄,shadow,no_hit,否,164166,template_miss,shadow,
ZSL,3h,2026-03-09 06:48:33,sell_purple_cry,紫色哭脸,live,no_hit,否,164166,template_miss,none,
ZSL,3h,2026-03-09 06:48:33,sell_purple_exit,紫色卖出,shadow,no_hit,否,164166,template_miss,shadow,
ZSL,4h,2026-03-09 06:50:05,buy_core,笑笑砖策略,live,no_hit,否,123124,pattern_not_met,none,
ZSL,4h,2026-03-09 06:50:05,buy_plus_red_diamond,买+红砖石,shadow,no_hit,否,,red_ratio_low,shadow,
ZSL,4h,2026-03-09 06:50:05,buy_purple_bottom,紫抄,shadow,no_hit,否,123124,template_miss,shadow,
ZSL,4h,2026-03-09 06:50:05,sell_purple_cry,紫色哭脸,live,no_hit,否,123124,template_miss,none,
ZSL,4h,2026-03-09 06:50:05,sell_purple_exit,紫色卖出,shadow,no_hit,否,123124,template_miss,shadow,
BILI,1h,2026-03-09 07:00:33,buy_core,笑笑砖策略,live,no_hit,否,492501,pattern_not_met,none,
BILI,1h,2026-03-09 07:00:33,buy_plus_red_diamond,买+红砖石,shadow,no_hit,否,,red_ratio_low,shadow,
BILI,1h,2026-03-09 07:00:33,buy_purple_bottom,紫抄,shadow,no_hit,否,492501,template_miss,shadow,
BILI,1h,2026-03-09 07:00:33,sell_purple_cry,紫色哭脸,live,no_hit,否,492501,template_miss,none,
BILI,1h,2026-03-09 07:00:33,sell_purple_exit,紫色卖出,shadow,no_hit,否,492501,template_miss,shadow,
BILI,2h,2026-03-09 07:01:48,buy_core,笑笑砖策略,live,no_hit,否,246250,pattern_not_met,none,
BILI,2h,2026-03-09 07:01:48,buy_plus_red_diamond,买+红砖石,shadow,no_hit,否,,template_miss,shadow,
BILI,2h,2026-03-09 07:01:48,buy_purple_bottom,紫抄,shadow,no_hit,否,246250,template_miss,shadow,
BILI,2h,2026-03-09 07:01:48,sell_purple_cry,紫色哭脸,live,no_hit,否,246250,template_miss,none,
BILI,2h,2026-03-09 07:01:48,sell_purple_exit,紫色卖出,shadow,no_hit,否,246250,template_miss,shadow,
BILI,3h,2026-03-09 07:03:03,buy_core,笑笑砖策略,live,no_hit,否,164166,pattern_not_met,none,
BILI,3h,2026-03-09 07:03:03,buy_plus_red_diamond,买+红砖石,shadow,no_hit,否,,template_miss,shadow,
BILI,3h,2026-03-09 07:03:03,buy_purple_bottom,紫抄,shadow,no_hit,否,164166,template_miss,shadow,
BILI,3h,2026-03-09 07:03:03,sell_purple_cry,紫色哭脸,live,no_hit,否,164166,template_miss,none,
BILI,3h,2026-03-09 07:03:03,sell_purple_exit,紫色卖出,shadow,no_hit,否,164166,template_miss,shadow,
BILI,4h,2026-03-09 07:04:35,buy_core,笑笑砖策略,live,no_hit,否,123124,pattern_not_met,none,
BILI,4h,2026-03-09 07:04:35,buy_plus_red_diamond,买+红砖石,shadow,no_hit,否,,red_ratio_low,shadow,
BILI,4h,2026-03-09 07:04:35,buy_purple_bottom,紫抄,shadow,no_hit,否,123124,template_miss,shadow,
BILI,4h,2026-03-09 07:04:35,sell_purple_cry,紫色哭脸,live,no_hit,否,123124,template_miss,none,
BILI,4h,2026-03-09 07:04:35,sell_purple_exit,紫色卖出,shadow,no_hit,否,123124,template_miss,shadow,
CONI,1h,2026-03-09 07:05:35,buy_core,笑笑砖策略,live,no_hit,否,492502,pattern_not_met,none,
CONI,1h,2026-03-09 07:05:35,buy_plus_red_diamond,买+红砖石,shadow,no_hit,否,,red_ratio_low,shadow,
CONI,1h,2026-03-09 07:05:35,buy_purple_bottom,紫抄,shadow,no_hit,否,492502,template_miss,shadow,
CONI,1h,2026-03-09 07:05:35,sell_purple_cry,紫色哭脸,live,no_hit,否,492502,template_miss,none,
CONI,1h,2026-03-09 07:05:35,sell_purple_exit,紫色卖出,shadow,no_hit,否,492502,template_miss,shadow,
CONI,2h,2026-03-09 07:06:26,buy_core,笑笑砖策略,live,no_hit,否,246250,pattern_not_met,none,
CONI,2h,2026-03-09 07:06:26,buy_plus_red_diamond,买+红砖石,shadow,no_hit,否,,red_ratio_low,shadow,
CONI,2h,2026-03-09 07:06:26,buy_purple_bottom,紫抄,shadow,no_hit,否,246250,template_miss,shadow,
CONI,2h,2026-03-09 07:06:26,sell_purple_cry,紫色哭脸,live,no_hit,否,246250,already_active,none,
CONI,2h,2026-03-09 07:06:26,sell_purple_exit,紫色卖出,shadow,no_hit,否,246250,template_miss,shadow,
CONI,3h,2026-03-09 07:07:11,buy_core,笑笑砖策略,live,no_hit,否,164166,pattern_not_met,none,
CONI,3h,2026-03-09 07:07:11,buy_plus_red_diamond,买+红砖石,shadow,no_hit,否,,red_ratio_low,shadow,
CONI,3h,2026-03-09 07:07:11,buy_purple_bottom,紫抄,shadow,no_hit,否,164166,template_miss,shadow,
CONI,3h,2026-03-09 07:07:11,sell_purple_cry,紫色哭脸,live,no_hit,否,164166,already_active,none,
CONI,3h,2026-03-09 07:07:11,sell_purple_exit,紫色卖出,shadow,no_hit,否,164166,template_miss,shadow,
CONI,4h,2026-03-09 07:08:35,buy_core,笑笑砖策略,live,no_hit,否,123124,pattern_not_met,none,
CONI,4h,2026-03-09 07:08:35,buy_plus_red_diamond,买+红砖石,shadow,no_hit,否,,red_ratio_low,shadow,
CONI,4h,2026-03-09 07:08:35,buy_purple_bottom,紫抄,shadow,no_hit,否,123124,template_miss,shadow,
CONI,4h,2026-03-09 07:08:35,sell_purple_cry,紫色哭脸,live,no_hit,否,123124,template_miss,none,
CONI,4h,2026-03-09 07:08:35,sell_purple_exit,紫色卖出,shadow,no_hit,否,123124,template_miss,shadow,
CORD,1h,2026-03-09 07:09:14,buy_core,笑笑砖策略,live,no_hit,否,492502,pattern_not_met,none,
CORD,1h,2026-03-09 07:09:14,buy_plus_red_diamond,买+红砖石,shadow,no_hit,否,,red_ratio_low,shadow,
CORD,1h,2026-03-09 07:09:14,buy_purple_bottom,紫抄,shadow,no_hit,否,492502,template_miss,shadow,
CORD,1h,2026-03-09 07:09:14,sell_purple_cry,紫色哭脸,live,no_hit,否,492502,template_miss,none,
CORD,1h,2026-03-09 07:09:14,sell_purple_exit,紫色卖出,shadow,no_hit,否,492502,template_miss,shadow,
CORD,2h,2026-03-09 07:10:02,buy_core,笑笑砖策略,live,no_hit,否,246250,pattern_not_met,none,
CORD,2h,2026-03-09 07:10:02,buy_plus_red_diamond,买+红砖石,shadow,no_hit,否,,red_ratio_low,shadow,
CORD,2h,2026-03-09 07:10:02,buy_purple_bottom,紫抄,shadow,no_hit,否,246250,template_miss,shadow,
CORD,2h,2026-03-09 07:10:02,sell_purple_cry,紫色哭脸,live,no_hit,否,246250,purple_ratio_low,none,
CORD,2h,2026-03-09 07:10:02,sell_purple_exit,紫色卖出,shadow,no_hit,否,246250,template_miss,shadow,
CORD,3h,2026-03-09 07:10:45,buy_core,笑笑砖策略,live,no_hit,否,164166,pattern_not_met,none,
CORD,3h,2026-03-09 07:10:45,buy_plus_red_diamond,买+红砖石,shadow,no_hit,否,,red_ratio_low,shadow,
CORD,3h,2026-03-09 07:10:45,buy_purple_bottom,紫抄,shadow,no_hit,否,164166,template_miss,shadow,
CORD,3h,2026-03-09 07:10:45,sell_purple_cry,紫色哭脸,live,no_hit,否,164166,already_active,none,
CORD,3h,2026-03-09 07:10:45,sell_purple_exit,紫色卖出,shadow,no_hit,否,164166,template_miss,shadow,
CORD,4h,2026-03-09 07:11:36,buy_core,笑笑砖策略,live,no_hit,否,123124,pattern_not_met,none,
CORD,4h,2026-03-09 07:11:36,buy_plus_red_diamond,买+红砖石,shadow,no_hit,否,,red_ratio_low,shadow,
CORD,4h,2026-03-09 07:11:36,buy_purple_bottom,紫抄,shadow,no_hit,否,123124,template_miss,shadow,
CORD,4h,2026-03-09 07:11:36,sell_purple_cry,紫色哭脸,live,no_hit,否,123124,already_active,none,
CORD,4h,2026-03-09 07:11:36,sell_purple_exit,紫色卖出,shadow,no_hit,否,123124,template_miss,shadow,
CRCD,1h,2026-03-09 07:12:23,buy_core,笑笑砖策略,live,no_hit,否,492502,pattern_not_met,none,
CRCD,1h,2026-03-09 07:12:23,buy_plus_red_diamond,买+红砖石,shadow,no_hit,否,,template_miss,shadow,
CRCD,1h,2026-03-09 07:12:23,buy_purple_bottom,紫抄,shadow,no_hit,否,492502,template_miss,shadow,
CRCD,1h,2026-03-09 07:12:23,sell_purple_cry,紫色哭脸,live,no_hit,否,492502,template_miss,none,
CRCD,1h,2026-03-09 07:12:23,sell_purple_exit,紫色卖出,shadow,no_hit,否,492502,template_miss,shadow,
CRCD,2h,2026-03-09 07:13:22,buy_core,笑笑砖策略,live,no_hit,否,246250,pattern_not_met,none,
CRCD,2h,2026-03-09 07:13:22,buy_plus_red_diamond,买+红砖石,shadow,no_hit,否,,red_ratio_low,shadow,
CRCD,2h,2026-03-09 07:13:22,buy_purple_bottom,紫抄,shadow,no_hit,否,246250,template_miss,shadow,
CRCD,2h,2026-03-09 07:13:22,sell_purple_cry,紫色哭脸,live,no_hit,否,246250,already_active,none,
CRCD,2h,2026-03-09 07:13:22,sell_purple_exit,紫色卖出,shadow,no_hit,否,246250,template_miss,shadow,
CRCD,3h,2026-03-09 07:14:22,buy_core,笑笑砖策略,live,no_hit,否,164166,pattern_not_met,none,
CRCD,3h,2026-03-09 07:14:22,buy_plus_red_diamond,买+红砖石,shadow,no_hit,否,,red_ratio_low,shadow,
CRCD,3h,2026-03-09 07:14:22,buy_purple_bottom,紫抄,shadow,no_hit,否,164166,template_miss,shadow,
CRCD,3h,2026-03-09 07:14:22,sell_purple_cry,紫色哭脸,live,no_hit,否,164166,already_active,none,
CRCD,3h,2026-03-09 07:14:22,sell_purple_exit,紫色卖出,shadow,no_hit,否,164166,template_miss,shadow,
CRCD,4h,2026-03-09 07:15:34,buy_core,笑笑砖策略,live,no_hit,否,123124,pattern_not_met,none,
CRCD,4h,2026-03-09 07:15:34,buy_plus_red_diamond,买+红砖石,shadow,no_hit,否,,red_ratio_low,shadow,
CRCD,4h,2026-03-09 07:15:34,buy_purple_bottom,紫抄,shadow,no_hit,否,123124,template_miss,shadow,
CRCD,4h,2026-03-09 07:15:34,sell_purple_cry,紫色哭脸,live,no_hit,否,123124,template_miss,none,
CRCD,4h,2026-03-09 07:15:34,sell_purple_exit,紫色卖出,shadow,no_hit,否,123124,template_miss,shadow,
CRCL,1h,2026-03-09 07:17:05,buy_core,笑笑砖策略,live,no_hit,否,492502,pattern_not_met,none,
CRCL,1h,2026-03-09 07:17:05,buy_plus_red_diamond,买+红砖石,shadow,no_hit,否,,red_ratio_low,shadow,
CRCL,1h,2026-03-09 07:17:05,buy_purple_bottom,紫抄,shadow,no_hit,否,492502,template_miss,shadow,
CRCL,1h,2026-03-09 07:17:05,sell_purple_cry,紫色哭脸,live,no_hit,否,492502,template_miss,none,
CRCL,1h,2026-03-09 07:17:05,sell_purple_exit,紫色卖出,shadow,no_hit,否,492502,template_miss,shadow,
CRCL,2h,2026-03-09 07:18:18,buy_core,笑笑砖策略,live,no_hit,否,246250,pattern_not_met,none,
CRCL,2h,2026-03-09 07:18:18,buy_plus_red_diamond,买+红砖石,shadow,no_hit,否,,red_ratio_low,shadow,
CRCL,2h,2026-03-09 07:18:18,buy_purple_bottom,紫抄,shadow,no_hit,否,246250,template_miss,shadow,
CRCL,2h,2026-03-09 07:18:18,sell_purple_cry,紫色哭脸,live,no_hit,否,246250,template_miss,none,
CRCL,2h,2026-03-09 07:18:18,sell_purple_exit,紫色卖出,shadow,no_hit,否,246250,template_miss,shadow,
CRCL,3h,2026-03-09 07:19:29,buy_core,笑笑砖策略,live,no_hit,否,164166,pattern_not_met,none,
CRCL,3h,2026-03-09 07:19:29,buy_plus_red_diamond,买+红砖石,shadow,no_hit,否,,red_ratio_low,shadow,
CRCL,3h,2026-03-09 07:19:29,buy_purple_bottom,紫抄,shadow,no_hit,否,164166,template_miss,shadow,
CRCL,3h,2026-03-09 07:19:29,sell_purple_cry,紫色哭脸,live,no_hit,否,164166,template_miss,none,
CRCL,3h,2026-03-09 07:19:29,sell_purple_exit,紫色卖出,shadow,no_hit,否,164166,template_miss,shadow,
CRCL,4h,2026-03-09 07:20:11,buy_core,笑笑砖策略,live,no_hit,否,123124,pattern_not_met,none,
CRCL,4h,2026-03-09 07:20:11,buy_plus_red_diamond,买+红砖石,shadow,no_hit,否,,red_ratio_low,shadow,
CRCL,4h,2026-03-09 07:20:11,buy_purple_bottom,紫抄,shadow,no_hit,否,123124,template_miss,shadow,
CRCL,4h,2026-03-09 07:20:11,sell_purple_cry,紫色哭脸,live,no_hit,否,123124,already_active,none,
CRCL,4h,2026-03-09 07:20:11,sell_purple_exit,紫色卖出,shadow,no_hit,否,123124,template_miss,shadow,
CRDO,1h,2026-03-09 07:20:43,buy_core,笑笑砖策略,live,no_hit,否,492502,pattern_not_met,none,
CRDO,1h,2026-03-09 07:20:43,buy_plus_red_diamond,买+红砖石,shadow,no_hit,否,,red_ratio_low,shadow,
CRDO,1h,2026-03-09 07:20:43,buy_purple_bottom,紫抄,shadow,no_hit,否,492502,template_miss,shadow,
CRDO,1h,2026-03-09 07:20:43,sell_purple_cry,紫色哭脸,live,no_hit,否,492502,template_miss,none,
CRDO,1h,2026-03-09 07:20:43,sell_purple_exit,紫色卖出,shadow,no_hit,否,492502,template_miss,shadow,
CRDO,2h,2026-03-09 07:21:15,buy_core,笑笑砖策略,live,no_hit,否,246250,pattern_not_met,none,
CRDO,2h,2026-03-09 07:21:15,buy_plus_red_diamond,买+红砖石,shadow,no_hit,否,,red_ratio_low,shadow,
CRDO,2h,2026-03-09 07:21:15,buy_purple_bottom,紫抄,shadow,no_hit,否,246250,template_miss,shadow,
CRDO,2h,2026-03-09 07:21:15,sell_purple_cry,紫色哭脸,live,no_hit,否,246250,template_miss,none,
CRDO,2h,2026-03-09 07:21:15,sell_purple_exit,紫色卖出,shadow,no_hit,否,246250,template_miss,shadow,
CRDO,3h,2026-03-09 07:22:31,buy_core,笑笑砖策略,live,no_hit,否,164166,pattern_not_met,none,
CRDO,3h,2026-03-09 07:22:31,buy_plus_red_diamond,买+红砖石,shadow,no_hit,否,,red_ratio_low,shadow,
CRDO,3h,2026-03-09 07:22:31,buy_purple_bottom,紫抄,shadow,no_hit,否,164166,template_miss,shadow,
CRDO,3h,2026-03-09 07:22:31,sell_purple_cry,紫色哭脸,live,no_hit,否,164166,template_miss,none,
CRDO,3h,2026-03-09 07:22:31,sell_purple_exit,紫色卖出,shadow,no_hit,否,164166,template_miss,shadow,
CRDO,4h,2026-03-09 07:22:59,buy_core,笑笑砖策略,live,no_hit,否,123124,pattern_not_met,none,
CRDO,4h,2026-03-09 07:22:59,buy_plus_red_diamond,买+红砖石,shadow,no_hit,否,,red_ratio_low,shadow,
CRDO,4h,2026-03-09 07:22:59,buy_purple_bottom,紫抄,shadow,no_hit,否,123124,template_miss,shadow,
CRDO,4h,2026-03-09 07:22:59,sell_purple_cry,紫色哭脸,live,no_hit,否,123124,template_miss,none,
CRDO,4h,2026-03-09 07:22:59,sell_purple_exit,紫色卖出,shadow,no_hit,否,123124,template_miss,shadow,
CRML,1h,2026-03-09 07:23:17,buy_core,笑笑砖策略,live,no_hit,否,492502,pattern_not_met,none,
CRML,1h,2026-03-09 07:23:17,buy_plus_red_diamond,买+红砖石,shadow,no_hit,否,,red_ratio_low,shadow,
CRML,1h,2026-03-09 07:23:17,buy_purple_bottom,紫抄,shadow,no_hit,否,492502,template_miss,shadow,
CRML,1h,2026-03-09 07:23:17,sell_purple_cry,紫色哭脸,live,no_hit,否,492502,template_miss,none,
CRML,1h,2026-03-09 07:23:17,sell_purple_exit,紫色卖出,shadow,no_hit,否,492502,template_miss,shadow,
CRML,2h,2026-03-09 07:23:38,buy_core,笑笑砖策略,live,no_hit,否,246250,pattern_not_met,none,
CRML,2h,2026-03-09 07:23:38,buy_plus_red_diamond,买+红砖石,shadow,no_hit,否,,red_ratio_low,shadow,
CRML,2h,2026-03-09 07:23:38,buy_purple_bottom,紫抄,shadow,no_hit,否,246250,template_miss,shadow,
CRML,2h,2026-03-09 07:23:38,sell_purple_cry,紫色哭脸,live,no_hit,否,246250,template_miss,none,
CRML,2h,2026-03-09 07:23:38,sell_purple_exit,紫色卖出,shadow,no_hit,否,246250,template_miss,shadow,
CRML,3h,2026-03-09 07:23:59,buy_core,笑笑砖策略,live,no_hit,否,164166,pattern_not_met,none,
CRML,3h,2026-03-09 07:23:59,buy_plus_red_diamond,买+红砖石,shadow,no_hit,否,,red_ratio_low,shadow,
CRML,3h,2026-03-09 07:23:59,buy_purple_bottom,紫抄,shadow,no_hit,否,164166,template_miss,shadow,
CRML,3h,2026-03-09 07:23:59,sell_purple_cry,紫色哭脸,live,no_hit,否,164166,template_miss,none,
CRML,3h,2026-03-09 07:23:59,sell_purple_exit,紫色卖出,shadow,no_hit,否,164166,template_miss,shadow,
CRML,4h,2026-03-09 07:24:56,buy_core,笑笑砖策略,live,no_hit,否,123124,pattern_not_met,none,
CRML,4h,2026-03-09 07:24:56,buy_plus_red_diamond,买+红砖石,shadow,no_hit,否,,red_ratio_low,shadow,
CRML,4h,2026-03-09 07:24:56,buy_purple_bottom,紫抄,shadow,no_hit,否,123124,template_miss,shadow,
CRML,4h,2026-03-09 07:24:56,sell_purple_cry,紫色哭脸,live,no_hit,否,123124,template_miss,none,
CRML,4h,2026-03-09 07:24:56,sell_purple_exit,紫色卖出,shadow,no_hit,否,123124,template_miss,shadow,
DJT,1h,2026-03-09 07:25:20,buy_core,笑笑砖策略,live,no_hit,否,492502,pattern_not_met,none,
DJT,1h,2026-03-09 07:25:20,buy_plus_red_diamond,买+红砖石,shadow,no_hit,否,,red_ratio_low,shadow,
DJT,1h,2026-03-09 07:25:20,buy_purple_bottom,紫抄,shadow,no_hit,否,492502,template_miss,shadow,
DJT,1h,2026-03-09 07:25:20,sell_purple_cry,紫色哭脸,live,no_hit,否,492502,template_miss,none,
DJT,1h,2026-03-09 07:25:20,sell_purple_exit,紫色卖出,shadow,no_hit,否,492502,template_miss,shadow,
DJT,2h,2026-03-09 07:26:52,buy_core,笑笑砖策略,live,no_hit,否,246250,pattern_not_met,none,
DJT,2h,2026-03-09 07:26:52,buy_plus_red_diamond,买+红砖石,shadow,no_hit,否,,red_ratio_low,shadow,
DJT,2h,2026-03-09 07:26:52,buy_purple_bottom,紫抄,shadow,no_hit,否,246250,template_miss,shadow,
DJT,2h,2026-03-09 07:26:52,sell_purple_cry,紫色哭脸,live,no_hit,否,246250,template_miss,none,
DJT,2h,2026-03-09 07:26:52,sell_purple_exit,紫色卖出,shadow,no_hit,否,246250,template_miss,shadow,
DJT,3h,2026-03-09 07:27:31,buy_core,笑笑砖策略,live,no_hit,否,164166,pattern_not_met,none,
DJT,3h,2026-03-09 07:27:31,buy_plus_red_diamond,买+红砖石,shadow,no_hit,否,,red_ratio_low,shadow,
DJT,3h,2026-03-09 07:27:31,buy_purple_bottom,紫抄,shadow,no_hit,否,164166,template_miss,shadow,
DJT,3h,2026-03-09 07:27:31,sell_purple_cry,紫色哭脸,live,no_hit,否,164166,template_miss,none,
DJT,3h,2026-03-09 07:27:31,sell_purple_exit,紫色卖出,shadow,no_hit,否,164166,template_miss,shadow,
DJT,4h,2026-03-09 07:29:04,buy_core,笑笑砖策略,live,no_hit,否,123124,pattern_not_met,none,
DJT,4h,2026-03-09 07:29:04,buy_plus_red_diamond,买+红砖石,shadow,no_hit,否,,red_ratio_low,shadow,
DJT,4h,2026-03-09 07:29:04,buy_purple_bottom,紫抄,shadow,no_hit,否,123124,template_miss,shadow,
DJT,4h,2026-03-09 07:29:04,sell_purple_cry,紫色哭脸,live,no_hit,否,123124,template_miss,none,
DJT,4h,2026-03-09 07:29:04,sell_purple_exit,紫色卖出,shadow,no_hit,否,123124,template_miss,shadow,
DPST,1h,2026-03-09 07:30:15,buy_core,笑笑砖策略,live,no_hit,否,492502,pattern_not_met,none,
DPST,1h,2026-03-09 07:30:15,buy_plus_red_diamond,买+红砖石,shadow,no_hit,否,,template_miss,shadow,
DPST,1h,2026-03-09 07:30:15,buy_purple_bottom,紫抄,shadow,no_hit,否,492502,template_miss,shadow,
DPST,1h,2026-03-09 07:30:15,sell_purple_cry,紫色哭脸,live,no_hit,否,492502,template_miss,none,
DPST,1h,2026-03-09 07:30:15,sell_purple_exit,紫色卖出,shadow,no_hit,否,492502,template_miss,shadow,
DPST,2h,2026-03-09 07:30:52,buy_core,笑笑砖策略,live,no_hit,否,246250,pattern_not_met,none,
DPST,2h,2026-03-09 07:30:52,buy_plus_red_diamond,买+红砖石,shadow,no_hit,否,,red_ratio_low,shadow,
DPST,2h,2026-03-09 07:30:52,buy_purple_bottom,紫抄,shadow,no_hit,否,246250,template_miss,shadow,
DPST,2h,2026-03-09 07:30:52,sell_purple_cry,紫色哭脸,live,no_hit,否,246250,template_miss,none,
DPST,2h,2026-03-09 07:30:52,sell_purple_exit,紫色卖出,shadow,no_hit,否,246250,template_miss,shadow,
DPST,3h,2026-03-09 07:31:15,buy_core,笑笑砖策略,live,no_hit,否,164166,pattern_not_met,none,
DPST,3h,2026-03-09 07:31:15,buy_plus_red_diamond,买+红砖石,shadow,no_hit,否,,red_ratio_low,shadow,
DPST,3h,2026-03-09 07:31:15,buy_purple_bottom,紫抄,shadow,no_hit,否,164166,template_miss,shadow,
DPST,3h,2026-03-09 07:31:15,sell_purple_cry,紫色哭脸,live,no_hit,否,164166,template_miss,none,
DPST,3h,2026-03-09 07:31:15,sell_purple_exit,紫色卖出,shadow,no_hit,否,164166,template_miss,shadow,
DPST,4h,2026-03-09 07:31:36,buy_core,笑笑砖策略,live,no_hit,否,123124,pattern_not_met,none,
DPST,4h,2026-03-09 07:31:36,buy_plus_red_diamond,买+红砖石,shadow,no_hit,否,,red_ratio_low,shadow,
DPST,4h,2026-03-09 07:31:36,buy_purple_bottom,紫抄,shadow,no_hit,否,123124,template_miss,shadow,
DPST,4h,2026-03-09 07:31:36,sell_purple_cry,紫色哭脸,live,no_hit,否,123124,purple_ratio_low,none,
DPST,4h,2026-03-09 07:31:36,sell_purple_exit,紫色卖出,shadow,no_hit,否,123124,template_miss,shadow,
INTC,1h,2026-03-09 07:32:14,buy_core,笑笑砖策略,live,no_hit,否,492502,pattern_not_met,none,
INTC,1h,2026-03-09 07:32:14,buy_plus_red_diamond,买+红砖石,shadow,no_hit,否,,red_ratio_low,shadow,
INTC,1h,2026-03-09 07:32:14,buy_purple_bottom,紫抄,shadow,no_hit,否,492502,template_miss,shadow,
INTC,1h,2026-03-09 07:32:14,sell_purple_cry,紫色哭脸,live,no_hit,否,492502,template_miss,none,
INTC,1h,2026-03-09 07:32:14,sell_purple_exit,紫色卖出,shadow,no_hit,否,492502,template_miss,shadow,
INTC,2h,2026-03-09 07:32:53,buy_core,笑笑砖策略,live,no_hit,否,246250,pattern_not_met,none,
INTC,2h,2026-03-09 07:32:53,buy_plus_red_diamond,买+红砖石,shadow,no_hit,否,,red_ratio_low,shadow,
INTC,2h,2026-03-09 07:32:53,buy_purple_bottom,紫抄,shadow,no_hit,否,246250,template_miss,shadow,
INTC,2h,2026-03-09 07:32:53,sell_purple_cry,紫色哭脸,live,no_hit,否,246250,template_miss,none,
INTC,2h,2026-03-09 07:32:53,sell_purple_exit,紫色卖出,shadow,no_hit,否,246250,template_miss,shadow,
INTC,3h,2026-03-09 07:34:18,buy_core,笑笑砖策略,live,no_hit,否,164166,pattern_not_met,none,
INTC,3h,2026-03-09 07:34:18,buy_plus_red_diamond,买+红砖石,shadow,no_hit,否,,red_ratio_low,shadow,
INTC,3h,2026-03-09 07:34:18,buy_purple_bottom,紫抄,shadow,no_hit,否,164166,template_miss,shadow,
INTC,3h,2026-03-09 07:34:18,sell_purple_cry,紫色哭脸,live,no_hit,否,164166,template_miss,none,
INTC,3h,2026-03-09 07:34:18,sell_purple_exit,紫色卖出,shadow,no_hit,否,164166,template_miss,shadow,
INTC,4h,2026-03-09 07:34:36,buy_core,笑笑砖策略,live,no_hit,否,123124,pattern_not_met,none,
INTC,4h,2026-03-09 07:34:36,buy_plus_red_diamond,买+红砖石,shadow,no_hit,否,,red_ratio_low,shadow,
INTC,4h,2026-03-09 07:34:36,buy_purple_bottom,紫抄,shadow,no_hit,否,123124,template_miss,shadow,
INTC,4h,2026-03-09 07:34:36,sell_purple_cry,紫色哭脸,live,no_hit,否,123124,already_active,none,
INTC,4h,2026-03-09 07:34:36,sell_purple_exit,紫色卖出,shadow,no_hit,否,123124,template_miss,shadow,
KOLD,1h,2026-03-09 07:35:25,buy_core,笑笑砖策略,live,no_hit,否,492502,pattern_not_met,none,
KOLD,1h,2026-03-09 07:35:25,buy_plus_red_diamond,买+红砖石,shadow,no_hit,否,,red_ratio_low,shadow,
KOLD,1h,2026-03-09 07:35:25,buy_purple_bottom,紫抄,shadow,no_hit,否,492502,template_miss,shadow,
KOLD,1h,2026-03-09 07:35:25,sell_purple_cry,紫色哭脸,live,no_hit,否,492502,template_miss,none,
KOLD,1h,2026-03-09 07:35:25,sell_purple_exit,紫色卖出,shadow,no_hit,否,492502,template_miss,shadow,
KOLD,2h,2026-03-09 07:35:50,buy_core,笑笑砖策略,live,no_hit,否,246250,pattern_not_met,none,
KOLD,2h,2026-03-09 07:35:50,buy_plus_red_diamond,买+红砖石,shadow,no_hit,否,,red_ratio_low,shadow,
KOLD,2h,2026-03-09 07:35:50,buy_purple_bottom,紫抄,shadow,no_hit,否,246250,template_miss,shadow,
KOLD,2h,2026-03-09 07:35:50,sell_purple_cry,紫色哭脸,live,no_hit,否,246250,template_miss,none,
KOLD,2h,2026-03-09 07:35:50,sell_purple_exit,紫色卖出,shadow,no_hit,否,246250,template_miss,shadow,
KOLD,3h,2026-03-09 07:37:03,buy_core,笑笑砖策略,live,no_hit,否,164166,pattern_not_met,none,
KOLD,3h,2026-03-09 07:37:03,buy_plus_red_diamond,买+红砖石,shadow,no_hit,否,,red_ratio_low,shadow,
KOLD,3h,2026-03-09 07:37:03,buy_purple_bottom,紫抄,shadow,no_hit,否,164166,template_miss,shadow,
KOLD,3h,2026-03-09 07:37:03,sell_purple_cry,紫色哭脸,live,no_hit,否,164166,template_miss,none,
KOLD,3h,2026-03-09 07:37:03,sell_purple_exit,紫色卖出,shadow,no_hit,否,164166,template_miss,shadow,
KOLD,4h,2026-03-09 07:37:25,buy_core,笑笑砖策略,live,no_hit,否,123124,pattern_not_met,none,
KOLD,4h,2026-03-09 07:37:25,buy_plus_red_diamond,买+红砖石,shadow,no_hit,否,,red_ratio_low,shadow,
KOLD,4h,2026-03-09 07:37:25,buy_purple_bottom,紫抄,shadow,no_hit,否,123124,template_miss,shadow,
KOLD,4h,2026-03-09 07:37:25,sell_purple_cry,紫色哭脸,live,no_hit,否,123124,template_miss,none,
KOLD,4h,2026-03-09 07:37:25,sell_purple_exit,紫色卖出,shadow,no_hit,否,123124,template_miss,shadow,
LMND,1h,2026-03-09 07:38:20,buy_core,笑笑砖策略,live,no_hit,否,492502,pattern_not_met,none,
LMND,1h,2026-03-09 07:38:20,buy_plus_red_diamond,买+红砖石,shadow,no_hit,否,,red_ratio_low,shadow,
LMND,1h,2026-03-09 07:38:20,buy_purple_bottom,紫抄,shadow,no_hit,否,492502,template_miss,shadow,
LMND,1h,2026-03-09 07:38:20,sell_purple_cry,紫色哭脸,live,no_hit,否,492502,template_miss,none,
LMND,1h,2026-03-09 07:38:20,sell_purple_exit,紫色卖出,shadow,no_hit,否,492502,template_miss,shadow,
LMND,2h,2026-03-09 07:39:00,buy_core,笑笑砖策略,live,no_hit,否,246250,pattern_not_met,none,
LMND,2h,2026-03-09 07:39:00,buy_plus_red_diamond,买+红砖石,shadow,no_hit,否,,red_ratio_low,shadow,
LMND,2h,2026-03-09 07:39:00,buy_purple_bottom,紫抄,shadow,no_hit,否,246250,template_miss,shadow,
LMND,2h,2026-03-09 07:39:00,sell_purple_cry,紫色哭脸,live,no_hit,否,246250,already_active,none,
LMND,2h,2026-03-09 07:39:00,sell_purple_exit,紫色卖出,shadow,no_hit,否,246250,template_miss,shadow,
LMND,3h,2026-03-09 07:40:29,buy_core,笑笑砖策略,live,no_hit,否,164166,pattern_not_met,none,
LMND,3h,2026-03-09 07:40:29,buy_plus_red_diamond,买+红砖石,shadow,no_hit,否,,template_miss,shadow,
LMND,3h,2026-03-09 07:40:29,buy_purple_bottom,紫抄,shadow,no_hit,否,164166,template_miss,shadow,
LMND,3h,2026-03-09 07:40:29,sell_purple_cry,紫色哭脸,live,no_hit,否,164166,template_miss,none,
LMND,3h,2026-03-09 07:40:29,sell_purple_exit,紫色卖出,shadow,no_hit,否,164166,template_miss,shadow,
LMND,4h,2026-03-09 07:41:00,buy_core,笑笑砖策略,live,no_hit,否,123124,pattern_not_met,none,
LMND,4h,2026-03-09 07:41:00,buy_plus_red_diamond,买+红砖石,shadow,no_hit,否,,red_ratio_low,shadow,
LMND,4h,2026-03-09 07:41:00,buy_purple_bottom,紫抄,shadow,no_hit,否,123124,template_miss,shadow,
LMND,4h,2026-03-09 07:41:00,sell_purple_cry,紫色哭脸,live,no_hit,否,123124,already_active,none,
LMND,4h,2026-03-09 07:41:00,sell_purple_exit,紫色卖出,shadow,no_hit,否,123124,template_miss,shadow,
MP,1h,2026-03-09 07:41:55,buy_core,笑笑砖策略,live,no_hit,否,492502,pattern_not_met,none,
MP,1h,2026-03-09 07:41:55,buy_plus_red_diamond,买+红砖石,shadow,no_hit,否,,template_miss,shadow,
MP,1h,2026-03-09 07:41:55,buy_purple_bottom,紫抄,shadow,no_hit,否,492502,template_miss,shadow,
MP,1h,2026-03-09 07:41:55,sell_purple_cry,紫色哭脸,live,no_hit,否,492502,template_miss,none,
MP,1h,2026-03-09 07:41:55,sell_purple_exit,紫色卖出,shadow,no_hit,否,492502,template_miss,shadow,
MP,2h,2026-03-09 07:42:50,buy_core,笑笑砖策略,live,no_hit,否,246250,pattern_not_met,none,
MP,2h,2026-03-09 07:42:50,buy_plus_red_diamond,买+红砖石,shadow,no_hit,否,,template_miss,shadow,
MP,2h,2026-03-09 07:42:50,buy_purple_bottom,紫抄,shadow,no_hit,否,246250,template_miss,shadow,
MP,2h,2026-03-09 07:42:50,sell_purple_cry,紫色哭脸,live,no_hit,否,246250,template_miss,none,
MP,2h,2026-03-09 07:42:50,sell_purple_exit,紫色卖出,shadow,no_hit,否,246250,template_miss,shadow,
MP,3h,2026-03-09 07:43:53,buy_core,笑笑砖策略,live,no_hit,否,164166,pattern_not_met,none,
MP,3h,2026-03-09 07:43:53,buy_plus_red_diamond,买+红砖石,shadow,no_hit,否,,template_miss,shadow,
MP,3h,2026-03-09 07:43:53,buy_purple_bottom,紫抄,shadow,no_hit,否,164166,template_miss,shadow,
MP,3h,2026-03-09 07:43:53,sell_purple_cry,紫色哭脸,live,no_hit,否,164166,template_miss,none,
MP,3h,2026-03-09 07:43:53,sell_purple_exit,紫色卖出,shadow,no_hit,否,164166,template_miss,shadow,
MP,4h,2026-03-09 07:44:14,buy_core,笑笑砖策略,live,hit,是,123124,repeat_suppressed,repeat_suppressed,C:\Users\Administrator\Desktop\futu_combo_watch\output\hit_MP_4h_buy_core_20260309_074353.png
MP,4h,2026-03-09 07:44:14,buy_plus_red_diamond,买+红砖石,shadow,no_hit,否,,buy_red_no_pair,shadow,C:\Users\Administrator\Desktop\futu_combo_watch\output\hit_MP_4h_buy_core_20260309_074353.png
MP,4h,2026-03-09 07:44:14,buy_purple_bottom,紫抄,shadow,no_hit,否,123124,template_miss,shadow,C:\Users\Administrator\Desktop\futu_combo_watch\output\hit_MP_4h_buy_core_20260309_074353.png
MP,4h,2026-03-09 07:44:14,sell_purple_cry,紫色哭脸,live,no_hit,否,123124,purple_ratio_low,none,C:\Users\Administrator\Desktop\futu_combo_watch\output\hit_MP_4h_buy_core_20260309_074353.png
MP,4h,2026-03-09 07:44:14,sell_purple_exit,紫色卖出,shadow,no_hit,否,123124,template_miss,shadow,C:\Users\Administrator\Desktop\futu_combo_watch\output\hit_MP_4h_buy_core_20260309_074353.png
MU,1h,2026-03-09 07:44:45,buy_core,笑笑砖策略,live,no_hit,否,492502,pattern_not_met,none,
MU,1h,2026-03-09 07:44:45,buy_plus_red_diamond,买+红砖石,shadow,no_hit,否,,red_ratio_low,shadow,
MU,1h,2026-03-09 07:44:45,buy_purple_bottom,紫抄,shadow,no_hit,否,492502,template_miss,shadow,
MU,1h,2026-03-09 07:44:45,sell_purple_cry,紫色哭脸,live,no_hit,否,492502,template_miss,none,
MU,1h,2026-03-09 07:44:45,sell_purple_exit,紫色卖出,shadow,no_hit,否,492502,template_miss,shadow,
MU,2h,2026-03-09 07:45:22,buy_core,笑笑砖策略,live,no_hit,否,246250,pattern_not_met,none,
MU,2h,2026-03-09 07:45:22,buy_plus_red_diamond,买+红砖石,shadow,no_hit,否,,red_ratio_low,shadow,
MU,2h,2026-03-09 07:45:22,buy_purple_bottom,紫抄,shadow,no_hit,否,246250,template_miss,shadow,
MU,2h,2026-03-09 07:45:22,sell_purple_cry,紫色哭脸,live,no_hit,否,246250,template_miss,none,
MU,2h,2026-03-09 07:45:22,sell_purple_exit,紫色卖出,shadow,no_hit,否,246250,template_miss,shadow,
MU,3h,2026-03-09 07:45:59,buy_core,笑笑砖策略,live,no_hit,否,164166,pattern_not_met,none,
MU,3h,2026-03-09 07:45:59,buy_plus_red_diamond,买+红砖石,shadow,no_hit,否,,red_ratio_low,shadow,
MU,3h,2026-03-09 07:45:59,buy_purple_bottom,紫抄,shadow,no_hit,否,164166,template_miss,shadow,
MU,3h,2026-03-09 07:45:59,sell_purple_cry,紫色哭脸,live,no_hit,否,164166,template_miss,none,
MU,3h,2026-03-09 07:45:59,sell_purple_exit,紫色卖出,shadow,no_hit,否,164166,template_miss,shadow,
MU,4h,2026-03-09 07:46:36,buy_core,笑笑砖策略,live,no_hit,否,123124,pattern_not_met,none,
MU,4h,2026-03-09 07:46:36,buy_plus_red_diamond,买+红砖石,shadow,no_hit,否,,red_ratio_low,shadow,
MU,4h,2026-03-09 07:46:36,buy_purple_bottom,紫抄,shadow,no_hit,否,123124,template_miss,shadow,
MU,4h,2026-03-09 07:46:36,sell_purple_cry,紫色哭脸,live,no_hit,否,123124,template_miss,none,
MU,4h,2026-03-09 07:46:36,sell_purple_exit,紫色卖出,shadow,no_hit,否,123124,template_miss,shadow,
NBIS,1h,2026-03-09 07:47:14,buy_core,笑笑砖策略,live,no_hit,否,492502,pattern_not_met,none,
NBIS,1h,2026-03-09 07:47:14,buy_plus_red_diamond,买+红砖石,shadow,no_hit,否,,red_ratio_low,shadow,
NBIS,1h,2026-03-09 07:47:14,buy_purple_bottom,紫抄,shadow,no_hit,否,492502,template_miss,shadow,
NBIS,1h,2026-03-09 07:47:14,sell_purple_cry,紫色哭脸,live,no_hit,否,492502,template_miss,none,
NBIS,1h,2026-03-09 07:47:14,sell_purple_exit,紫色卖出,shadow,no_hit,否,492502,template_miss,shadow,
NBIS,2h,2026-03-09 07:48:27,buy_core,笑笑砖策略,live,no_hit,否,246250,pattern_not_met,none,
NBIS,2h,2026-03-09 07:48:27,buy_plus_red_diamond,买+红砖石,shadow,no_hit,否,,red_ratio_low,shadow,
NBIS,2h,2026-03-09 07:48:27,buy_purple_bottom,紫抄,shadow,no_hit,否,246250,template_miss,shadow,
NBIS,2h,2026-03-09 07:48:27,sell_purple_cry,紫色哭脸,live,no_hit,否,246250,template_miss,none,
NBIS,2h,2026-03-09 07:48:27,sell_purple_exit,紫色卖出,shadow,no_hit,否,246250,template_miss,shadow,
NBIS,3h,2026-03-09 07:48:50,buy_core,笑笑砖策略,live,no_hit,否,164166,pattern_not_met,none,
NBIS,3h,2026-03-09 07:48:50,buy_plus_red_diamond,买+红砖石,shadow,no_hit,否,,red_ratio_low,shadow,
NBIS,3h,2026-03-09 07:48:50,buy_purple_bottom,紫抄,shadow,no_hit,否,164166,template_miss,shadow,
NBIS,3h,2026-03-09 07:48:50,sell_purple_cry,紫色哭脸,live,no_hit,否,164166,purple_ratio_low,none,
NBIS,3h,2026-03-09 07:48:50,sell_purple_exit,紫色卖出,shadow,no_hit,否,164166,template_miss,shadow,
NBIS,4h,2026-03-09 07:50:16,buy_core,笑笑砖策略,live,no_hit,否,123124,pattern_not_met,none,
NBIS,4h,2026-03-09 07:50:16,buy_plus_red_diamond,买+红砖石,shadow,no_hit,否,,red_ratio_low,shadow,
NBIS,4h,2026-03-09 07:50:16,buy_purple_bottom,紫抄,shadow,no_hit,否,123124,template_miss,shadow,
NBIS,4h,2026-03-09 07:50:16,sell_purple_cry,紫色哭脸,live,no_hit,否,123124,template_miss,none,
NBIS,4h,2026-03-09 07:50:16,sell_purple_exit,紫色卖出,shadow,no_hit,否,123124,template_miss,shadow,
NBIZ,1h,2026-03-09 07:51:17,buy_core,笑笑砖策略,live,no_hit,否,492502,pattern_not_met,none,
NBIZ,1h,2026-03-09 07:51:17,buy_plus_red_diamond,买+红砖石,shadow,no_hit,否,,red_ratio_low,shadow,
NBIZ,1h,2026-03-09 07:51:17,buy_purple_bottom,紫抄,shadow,no_hit,否,492502,template_miss,shadow,
NBIZ,1h,2026-03-09 07:51:17,sell_purple_cry,紫色哭脸,live,no_hit,否,492502,template_miss,none,
NBIZ,1h,2026-03-09 07:51:17,sell_purple_exit,紫色卖出,shadow,no_hit,否,492502,template_miss,shadow,
NBIZ,2h,2026-03-09 07:52:03,buy_core,笑笑砖策略,live,no_hit,否,246250,pattern_not_met,none,
NBIZ,2h,2026-03-09 07:52:03,buy_plus_red_diamond,买+红砖石,shadow,no_hit,否,,template_miss,shadow,
NBIZ,2h,2026-03-09 07:52:03,buy_purple_bottom,紫抄,shadow,no_hit,否,246250,template_miss,shadow,
NBIZ,2h,2026-03-09 07:52:03,sell_purple_cry,紫色哭脸,live,no_hit,否,246250,template_miss,none,
NBIZ,2h,2026-03-09 07:52:03,sell_purple_exit,紫色卖出,shadow,no_hit,否,246250,template_miss,shadow,
NBIZ,3h,2026-03-09 07:53:39,buy_core,笑笑砖策略,live,no_hit,否,164166,pattern_not_met,none,
NBIZ,3h,2026-03-09 07:53:39,buy_plus_red_diamond,买+红砖石,shadow,no_hit,否,,template_miss,shadow,
NBIZ,3h,2026-03-09 07:53:39,buy_purple_bottom,紫抄,shadow,no_hit,否,164166,template_miss,shadow,
NBIZ,3h,2026-03-09 07:53:39,sell_purple_cry,紫色哭脸,live,no_hit,否,164166,template_miss,none,
NBIZ,3h,2026-03-09 07:53:39,sell_purple_exit,紫色卖出,shadow,no_hit,否,164166,template_miss,shadow,
NBIZ,4h,2026-03-09 07:54:49,buy_core,笑笑砖策略,live,no_hit,否,123124,pattern_not_met,none,
NBIZ,4h,2026-03-09 07:54:49,buy_plus_red_diamond,买+红砖石,shadow,no_hit,否,,template_miss,shadow,
NBIZ,4h,2026-03-09 07:54:49,buy_purple_bottom,紫抄,shadow,no_hit,否,123124,template_miss,shadow,
NBIZ,4h,2026-03-09 07:54:49,sell_purple_cry,紫色哭脸,live,no_hit,否,123124,template_miss,none,
NBIZ,4h,2026-03-09 07:54:49,sell_purple_exit,紫色卖出,shadow,no_hit,否,123124,template_miss,shadow,
NVDA,1h,2026-03-09 07:55:27,buy_core,笑笑砖策略,live,no_hit,否,492502,pattern_not_met,none,
NVDA,1h,2026-03-09 07:55:27,buy_plus_red_diamond,买+红砖石,shadow,no_hit,否,,red_ratio_low,shadow,
NVDA,1h,2026-03-09 07:55:27,buy_purple_bottom,紫抄,shadow,no_hit,否,492502,template_miss,shadow,
NVDA,1h,2026-03-09 07:55:27,sell_purple_cry,紫色哭脸,live,no_hit,否,492502,template_miss,none,
NVDA,1h,2026-03-09 07:55:27,sell_purple_exit,紫色卖出,shadow,no_hit,否,492502,template_miss,shadow,
NVDA,2h,2026-03-09 07:56:07,buy_core,笑笑砖策略,live,no_hit,否,246250,pattern_not_met,none,
NVDA,2h,2026-03-09 07:56:07,buy_plus_red_diamond,买+红砖石,shadow,no_hit,否,,template_miss,shadow,
NVDA,2h,2026-03-09 07:56:07,buy_purple_bottom,紫抄,shadow,no_hit,否,246250,template_miss,shadow,
NVDA,2h,2026-03-09 07:56:07,sell_purple_cry,紫色哭脸,live,no_hit,否,246250,template_miss,none,
NVDA,2h,2026-03-09 07:56:07,sell_purple_exit,紫色卖出,shadow,no_hit,否,246250,template_miss,shadow,
NVDA,3h,2026-03-09 07:56:36,buy_core,笑笑砖策略,live,no_hit,否,164166,pattern_not_met,none,
NVDA,3h,2026-03-09 07:56:36,buy_plus_red_diamond,买+红砖石,shadow,no_hit,否,,template_miss,shadow,
NVDA,3h,2026-03-09 07:56:36,buy_purple_bottom,紫抄,shadow,no_hit,否,164166,template_miss,shadow,
NVDA,3h,2026-03-09 07:56:36,sell_purple_cry,紫色哭脸,live,no_hit,否,164166,template_miss,none,
NVDA,3h,2026-03-09 07:56:36,sell_purple_exit,紫色卖出,shadow,no_hit,否,164166,template_miss,shadow,
NVDA,4h,2026-03-09 07:58:02,buy_core,笑笑砖策略,live,no_hit,否,123124,pattern_not_met,none,
NVDA,4h,2026-03-09 07:58:02,buy_plus_red_diamond,买+红砖石,shadow,no_hit,否,,template_miss,shadow,
NVDA,4h,2026-03-09 07:58:02,buy_purple_bottom,紫抄,shadow,no_hit,否,123124,template_miss,shadow,
NVDA,4h,2026-03-09 07:58:02,sell_purple_cry,紫色哭脸,live,no_hit,否,123124,template_miss,none,
NVDA,4h,2026-03-09 07:58:02,sell_purple_exit,紫色卖出,shadow,no_hit,否,123124,template_miss,shadow,
OKLO,1h,2026-03-09 07:58:43,buy_core,笑笑砖策略,live,no_hit,否,492502,pattern_not_met,none,
OKLO,1h,2026-03-09 07:58:43,buy_plus_red_diamond,买+红砖石,shadow,no_hit,否,,red_ratio_low,shadow,
OKLO,1h,2026-03-09 07:58:43,buy_purple_bottom,紫抄,shadow,no_hit,否,492502,template_miss,shadow,
OKLO,1h,2026-03-09 07:58:43,sell_purple_cry,紫色哭脸,live,no_hit,否,492502,template_miss,none,
OKLO,1h,2026-03-09 07:58:43,sell_purple_exit,紫色卖出,shadow,no_hit,否,492502,template_miss,shadow,
OKLO,2h,2026-03-09 07:59:20,buy_core,笑笑砖策略,live,no_hit,否,246250,pattern_not_met,none,
OKLO,2h,2026-03-09 07:59:20,buy_plus_red_diamond,买+红砖石,shadow,no_hit,否,,red_ratio_low,shadow,
OKLO,2h,2026-03-09 07:59:20,buy_purple_bottom,紫抄,shadow,no_hit,否,246250,template_miss,shadow,
OKLO,2h,2026-03-09 07:59:20,sell_purple_cry,紫色哭脸,live,no_hit,否,246250,template_miss,none,
OKLO,2h,2026-03-09 07:59:20,sell_purple_exit,紫色卖出,shadow,no_hit,否,246250,template_miss,shadow,
OKLO,3h,2026-03-09 07:59:52,buy_core,笑笑砖策略,live,no_hit,否,164166,pattern_not_met,none,
OKLO,3h,2026-03-09 07:59:52,buy_plus_red_diamond,买+红砖石,shadow,no_hit,否,,red_ratio_low,shadow,
OKLO,3h,2026-03-09 07:59:52,buy_purple_bottom,紫抄,shadow,no_hit,否,164166,template_miss,shadow,
OKLO,3h,2026-03-09 07:59:52,sell_purple_cry,紫色哭脸,live,no_hit,否,164166,template_miss,none,
OKLO,3h,2026-03-09 07:59:52,sell_purple_exit,紫色卖出,shadow,no_hit,否,164166,template_miss,shadow,
OKLO,4h,2026-03-09 08:01:15,buy_core,笑笑砖策略,live,no_hit,否,123124,pattern_not_met,none,
OKLO,4h,2026-03-09 08:01:15,buy_plus_red_diamond,买+红砖石,shadow,no_hit,否,,red_ratio_low,shadow,
OKLO,4h,2026-03-09 08:01:15,buy_purple_bottom,紫抄,shadow,no_hit,否,123124,template_miss,shadow,
OKLO,4h,2026-03-09 08:01:15,sell_purple_cry,紫色哭脸,live,no_hit,否,123124,template_miss,none,
OKLO,4h,2026-03-09 08:01:15,sell_purple_exit,紫色卖出,shadow,no_hit,否,123124,template_miss,shadow,
OKLS,1h,2026-03-09 08:02:05,buy_core,笑笑砖策略,live,no_hit,否,492503,pattern_not_met,none,
OKLS,1h,2026-03-09 08:02:05,buy_plus_red_diamond,买+红砖石,shadow,no_hit,否,,red_ratio_low,shadow,
OKLS,1h,2026-03-09 08:02:05,buy_purple_bottom,紫抄,shadow,no_hit,否,492503,template_miss,shadow,
OKLS,1h,2026-03-09 08:02:05,sell_purple_cry,紫色哭脸,live,no_hit,否,492503,template_miss,none,
OKLS,1h,2026-03-09 08:02:05,sell_purple_exit,紫色卖出,shadow,no_hit,否,492503,template_miss,shadow,
OKLS,2h,2026-03-09 08:03:03,buy_core,笑笑砖策略,live,no_hit,否,246251,pattern_not_met,none,
OKLS,2h,2026-03-09 08:03:03,buy_plus_red_diamond,买+红砖石,shadow,no_hit,否,,red_ratio_low,shadow,
OKLS,2h,2026-03-09 08:03:03,buy_purple_bottom,紫抄,shadow,no_hit,否,246251,template_miss,shadow,
OKLS,2h,2026-03-09 08:03:03,sell_purple_cry,紫色哭脸,live,no_hit,否,246251,template_miss,none,
OKLS,2h,2026-03-09 08:03:03,sell_purple_exit,紫色卖出,shadow,no_hit,否,246251,template_miss,shadow,
OKLS,3h,2026-03-09 08:03:41,buy_core,笑笑砖策略,live,no_hit,否,164167,pattern_not_met,none,
OKLS,3h,2026-03-09 08:03:41,buy_plus_red_diamond,买+红砖石,shadow,no_hit,否,,red_ratio_low,shadow,
OKLS,3h,2026-03-09 08:03:41,buy_purple_bottom,紫抄,shadow,no_hit,否,164167,template_miss,shadow,
OKLS,3h,2026-03-09 08:03:41,sell_purple_cry,紫色哭脸,live,no_hit,否,164167,template_miss,none,
OKLS,3h,2026-03-09 08:03:41,sell_purple_exit,紫色卖出,shadow,no_hit,否,164167,template_miss,shadow,
OKLS,4h,2026-03-09 08:04:38,buy_core,笑笑砖策略,live,no_hit,否,123125,pattern_not_met,none,
OKLS,4h,2026-03-09 08:04:38,buy_plus_red_diamond,买+红砖石,shadow,no_hit,否,,red_ratio_low,shadow,
OKLS,4h,2026-03-09 08:04:38,buy_purple_bottom,紫抄,shadow,no_hit,否,123125,template_miss,shadow,
OKLS,4h,2026-03-09 08:04:38,sell_purple_cry,紫色哭脸,live,no_hit,否,123125,template_miss,none,
OKLS,4h,2026-03-09 08:04:38,sell_purple_exit,紫色卖出,shadow,no_hit,否,123125,template_miss,shadow,
