股票名称,周期,时间,是否命中,命中策略,策略状态摘要,图
BILI,1h,2026-03-08 13:00:28,否,-,笑笑砖策略:no_hit(pattern_not_met) | 紫抄:no_hit(template_miss) | 买+红砖石:no_hit(red_ratio_low) | 紫色哭脸:no_hit(template_miss) | 紫色卖出:no_hit(template_miss),
BILI,2h,2026-03-08 13:01:37,否,-,笑笑砖策略:no_hit(pattern_not_met) | 紫抄:no_hit(template_miss) | 买+红砖石:no_hit(template_miss) | 紫色哭脸:no_hit(template_miss) | 紫色卖出:no_hit(template_miss),
BILI,3h,2026-03-08 13:02:46,否,-,笑笑砖策略:no_hit(pattern_not_met) | 紫抄:no_hit(template_miss) | 买+红砖石:no_hit(template_miss) | 紫色哭脸:no_hit(template_miss) | 紫色卖出:no_hit(template_miss),
BILI,4h,2026-03-08 13:04:11,否,-,笑笑砖策略:no_hit(pattern_not_met) | 紫抄:no_hit(template_miss) | 买+红砖石:no_hit(red_ratio_low) | 紫色哭脸:no_hit(template_miss) | 紫色卖出:no_hit(template_miss),
CONI,1h,2026-03-08 13:05:05,否,-,笑笑砖策略:no_hit(pattern_not_met) | 紫抄:no_hit(template_miss) | 买+红砖石:no_hit(red_ratio_low) | 紫色哭脸:no_hit(template_miss) | 紫色卖出:no_hit(template_miss),
CONI,2h,2026-03-08 13:05:52,否,-,笑笑砖策略:no_hit(pattern_not_met) | 紫抄:no_hit(template_miss) | 买+红砖石:no_hit(red_ratio_low) | 紫色哭脸:no_hit(already_active) | 紫色卖出:no_hit(template_miss),
CONI,3h,2026-03-08 13:06:34,否,-,笑笑砖策略:no_hit(pattern_not_met) | 紫抄:no_hit(template_miss) | 买+红砖石:no_hit(red_ratio_low) | 紫色哭脸:no_hit(already_active) | 紫色卖出:no_hit(template_miss),
CONI,4h,2026-03-08 13:07:51,否,-,笑笑砖策略:no_hit(pattern_not_met) | 紫抄:no_hit(template_miss) | 买+红砖石:no_hit(red_ratio_low) | 紫色哭脸:no_hit(template_miss) | 紫色卖出:no_hit(template_miss),
CORD,1h,2026-03-08 13:08:30,否,-,笑笑砖策略:no_hit(pattern_not_met) | 紫抄:no_hit(template_miss) | 买+红砖石:no_hit(red_ratio_low) | 紫色哭脸:no_hit(template_miss) | 紫色卖出:no_hit(template_miss),
CORD,2h,2026-03-08 13:09:14,否,-,笑笑砖策略:no_hit(pattern_not_met) | 紫抄:no_hit(template_miss) | 买+红砖石:no_hit(red_ratio_low) | 紫色哭脸:no_hit(purple_ratio_low) | 紫色卖出:no_hit(template_miss),
CORD,3h,2026-03-08 13:09:54,否,-,笑笑砖策略:no_hit(pattern_not_met) | 紫抄:no_hit(template_miss) | 买+红砖石:no_hit(red_ratio_low) | 紫色哭脸:no_hit(already_active) | 紫色卖出:no_hit(template_miss),
CORD,4h,2026-03-08 13:10:41,否,-,笑笑砖策略:no_hit(pattern_not_met) | 紫抄:no_hit(template_miss) | 买+红砖石:no_hit(red_ratio_low) | 紫色哭脸:no_hit(already_active) | 紫色卖出:no_hit(template_miss),
CRCD,1h,2026-03-08 13:11:24,否,-,笑笑砖策略:no_hit(pattern_not_met) | 紫抄:no_hit(template_miss) | 买+红砖石:no_hit(template_miss) | 紫色哭脸:no_hit(template_miss) | 紫色卖出:no_hit(template_miss),
CRCD,2h,2026-03-08 13:12:19,否,-,笑笑砖策略:no_hit(pattern_not_met) | 紫抄:no_hit(template_miss) | 买+红砖石:no_hit(red_ratio_low) | 紫色哭脸:no_hit(already_active) | 紫色卖出:no_hit(template_miss),
CRCD,3h,2026-03-08 13:13:14,否,-,笑笑砖策略:no_hit(pattern_not_met) | 紫抄:no_hit(template_miss) | 买+红砖石:no_hit(red_ratio_low) | 紫色哭脸:no_hit(already_active) | 紫色卖出:no_hit(template_miss),
CRCD,4h,2026-03-08 13:14:20,否,-,笑笑砖策略:no_hit(pattern_not_met) | 紫抄:no_hit(template_miss) | 买+红砖石:no_hit(red_ratio_low) | 紫色哭脸:no_hit(template_miss) | 紫色卖出:no_hit(template_miss),
CRCL,1h,2026-03-08 13:15:43,否,-,笑笑砖策略:no_hit(pattern_not_met) | 紫抄:no_hit(template_miss) | 买+红砖石:no_hit(red_ratio_low) | 紫色哭脸:no_hit(template_miss) | 紫色卖出:no_hit(template_miss),
CRCL,2h,2026-03-08 13:16:50,否,-,笑笑砖策略:no_hit(pattern_not_met) | 紫抄:no_hit(template_miss) | 买+红砖石:no_hit(red_ratio_low) | 紫色哭脸:no_hit(template_miss) | 紫色卖出:no_hit(template_miss),
CRCL,3h,2026-03-08 13:17:55,否,-,笑笑砖策略:no_hit(pattern_not_met) | 紫抄:no_hit(template_miss) | 买+红砖石:no_hit(red_ratio_low) | 紫色哭脸:no_hit(template_miss) | 紫色卖出:no_hit(template_miss),
CRCL,4h,2026-03-08 13:18:33,否,-,笑笑砖策略:no_hit(pattern_not_met) | 紫抄:no_hit(template_miss) | 买+红砖石:no_hit(red_ratio_low) | 紫色哭脸:no_hit(already_active) | 紫色卖出:no_hit(template_miss),
CRDO,1h,2026-03-08 13:19:02,否,-,笑笑砖策略:no_hit(pattern_not_met) | 紫抄:no_hit(template_miss) | 买+红砖石:no_hit(red_ratio_low) | 紫色哭脸:no_hit(template_miss) | 紫色卖出:no_hit(template_miss),
CRDO,2h,2026-03-08 13:19:32,否,-,笑笑砖策略:no_hit(pattern_not_met) | 紫抄:no_hit(template_miss) | 买+红砖石:no_hit(red_ratio_low) | 紫色哭脸:no_hit(template_miss) | 紫色卖出:no_hit(template_miss),
CRDO,3h,2026-03-08 13:20:41,否,-,笑笑砖策略:no_hit(pattern_not_met) | 紫抄:no_hit(template_miss) | 买+红砖石:no_hit(red_ratio_low) | 紫色哭脸:no_hit(template_miss) | 紫色卖出:no_hit(template_miss),
CRDO,4h,2026-03-08 13:21:07,否,-,笑笑砖策略:no_hit(pattern_not_met) | 紫抄:no_hit(template_miss) | 买+红砖石:no_hit(red_ratio_low) | 紫色哭脸:no_hit(template_miss) | 紫色卖出:no_hit(template_miss),
CRML,1h,2026-03-08 13:21:24,否,-,笑笑砖策略:no_hit(pattern_not_met) | 紫抄:no_hit(template_miss) | 买+红砖石:no_hit(red_ratio_low) | 紫色哭脸:no_hit(template_miss) | 紫色卖出:no_hit(template_miss),
CRML,2h,2026-03-08 13:21:44,否,-,笑笑砖策略:no_hit(pattern_not_met) | 紫抄:no_hit(template_miss) | 买+红砖石:no_hit(red_ratio_low) | 紫色哭脸:no_hit(template_miss) | 紫色卖出:no_hit(template_miss),
CRML,3h,2026-03-08 13:22:04,否,-,笑笑砖策略:no_hit(pattern_not_met) | 紫抄:no_hit(template_miss) | 买+红砖石:no_hit(red_ratio_low) | 紫色哭脸:no_hit(template_miss) | 紫色卖出:no_hit(template_miss),
CRML,4h,2026-03-08 13:22:57,否,-,笑笑砖策略:no_hit(pattern_not_met) | 紫抄:no_hit(template_miss) | 买+红砖石:no_hit(red_ratio_low) | 紫色哭脸:no_hit(template_miss) | 紫色卖出:no_hit(template_miss),
DJT,1h,2026-03-08 13:23:19,否,-,笑笑砖策略:no_hit(pattern_not_met) | 紫抄:no_hit(template_miss) | 买+红砖石:no_hit(red_ratio_low) | 紫色哭脸:no_hit(template_miss) | 紫色卖出:no_hit(template_miss),
DJT,2h,2026-03-08 13:24:43,否,-,笑笑砖策略:no_hit(pattern_not_met) | 紫抄:no_hit(template_miss) | 买+红砖石:no_hit(red_ratio_low) | 紫色哭脸:no_hit(template_miss) | 紫色卖出:no_hit(template_miss),
DJT,3h,2026-03-08 13:25:20,否,-,笑笑砖策略:no_hit(pattern_not_met) | 紫抄:no_hit(template_miss) | 买+红砖石:no_hit(red_ratio_low) | 紫色哭脸:no_hit(template_miss) | 紫色卖出:no_hit(template_miss),
DJT,4h,2026-03-08 13:26:45,否,-,笑笑砖策略:no_hit(pattern_not_met) | 紫抄:no_hit(template_miss) | 买+红砖石:no_hit(red_ratio_low) | 紫色哭脸:no_hit(template_miss) | 紫色卖出:no_hit(template_miss),
DPST,1h,2026-03-08 13:27:49,否,-,笑笑砖策略:no_hit(pattern_not_met) | 紫抄:no_hit(template_miss) | 买+红砖石:no_hit(template_miss) | 紫色哭脸:no_hit(template_miss) | 紫色卖出:no_hit(template_miss),
DPST,2h,2026-03-08 13:28:23,否,-,笑笑砖策略:no_hit(pattern_not_met) | 紫抄:no_hit(template_miss) | 买+红砖石:no_hit(red_ratio_low) | 紫色哭脸:no_hit(template_miss) | 紫色卖出:no_hit(template_miss),
DPST,3h,2026-03-08 13:28:46,否,-,笑笑砖策略:no_hit(pattern_not_met) | 紫抄:no_hit(template_miss) | 买+红砖石:no_hit(red_ratio_low) | 紫色哭脸:no_hit(template_miss) | 紫色卖出:no_hit(template_miss),
DPST,4h,2026-03-08 13:29:05,否,-,笑笑砖策略:no_hit(pattern_not_met) | 紫抄:no_hit(template_miss) | 买+红砖石:no_hit(red_ratio_low) | 紫色哭脸:no_hit(purple_ratio_low) | 紫色卖出:no_hit(template_miss),
INTC,1h,2026-03-08 13:29:40,否,-,笑笑砖策略:no_hit(pattern_not_met) | 紫抄:no_hit(template_miss) | 买+红砖石:no_hit(red_ratio_low) | 紫色哭脸:no_hit(template_miss) | 紫色卖出:no_hit(template_miss),
INTC,2h,2026-03-08 13:30:17,否,-,笑笑砖策略:no_hit(pattern_not_met) | 紫抄:no_hit(template_miss) | 买+红砖石:no_hit(red_ratio_low) | 紫色哭脸:no_hit(template_miss) | 紫色卖出:no_hit(template_miss),
INTC,3h,2026-03-08 13:31:34,否,-,笑笑砖策略:no_hit(pattern_not_met) | 紫抄:no_hit(template_miss) | 买+红砖石:no_hit(red_ratio_low) | 紫色哭脸:no_hit(template_miss) | 紫色卖出:no_hit(template_miss),
INTC,4h,2026-03-08 13:31:51,否,-,笑笑砖策略:no_hit(pattern_not_met) | 紫抄:no_hit(template_miss) | 买+红砖石:no_hit(red_ratio_low) | 紫色哭脸:no_hit(already_active) | 紫色卖出:no_hit(template_miss),
KOLD,1h,2026-03-08 13:32:41,否,-,笑笑砖策略:no_hit(pattern_not_met) | 紫抄:no_hit(template_miss) | 买+红砖石:no_hit(red_ratio_low) | 紫色哭脸:no_hit(template_miss) | 紫色卖出:no_hit(template_miss),
KOLD,2h,2026-03-08 13:33:04,否,-,笑笑砖策略:no_hit(pattern_not_met) | 紫抄:no_hit(template_miss) | 买+红砖石:no_hit(red_ratio_low) | 紫色哭脸:no_hit(template_miss) | 紫色卖出:no_hit(template_miss),
KOLD,3h,2026-03-08 13:34:12,否,-,笑笑砖策略:no_hit(pattern_not_met) | 紫抄:no_hit(template_miss) | 买+红砖石:no_hit(red_ratio_low) | 紫色哭脸:no_hit(template_miss) | 紫色卖出:no_hit(template_miss),
KOLD,4h,2026-03-08 13:34:32,否,-,笑笑砖策略:no_hit(pattern_not_met) | 紫抄:no_hit(template_miss) | 买+红砖石:no_hit(red_ratio_low) | 紫色哭脸:no_hit(template_miss) | 紫色卖出:no_hit(template_miss),
LMND,1h,2026-03-08 13:35:20,否,-,笑笑砖策略:no_hit(pattern_not_met) | 紫抄:no_hit(template_miss) | 买+红砖石:no_hit(red_ratio_low) | 紫色哭脸:no_hit(template_miss) | 紫色卖出:no_hit(template_miss),
LMND,2h,2026-03-08 13:35:57,否,-,笑笑砖策略:no_hit(pattern_not_met) | 紫抄:no_hit(template_miss) | 买+红砖石:no_hit(red_ratio_low) | 紫色哭脸:no_hit(already_active) | 紫色卖出:no_hit(template_miss),
LMND,3h,2026-03-08 13:37:18,否,-,笑笑砖策略:no_hit(pattern_not_met) | 紫抄:no_hit(template_miss) | 买+红砖石:no_hit(template_miss) | 紫色哭脸:no_hit(template_miss) | 紫色卖出:no_hit(template_miss),
LMND,4h,2026-03-08 13:37:47,否,-,笑笑砖策略:no_hit(pattern_not_met) | 紫抄:no_hit(template_miss) | 买+红砖石:no_hit(red_ratio_low) | 紫色哭脸:no_hit(already_active) | 紫色卖出:no_hit(template_miss),
MP,1h,2026-03-08 13:38:38,否,-,笑笑砖策略:no_hit(pattern_not_met) | 紫抄:no_hit(template_miss) | 买+红砖石:no_hit(template_miss) | 紫色哭脸:no_hit(template_miss) | 紫色卖出:no_hit(template_miss),
MP,2h,2026-03-08 13:39:28,否,-,笑笑砖策略:no_hit(pattern_not_met) | 紫抄:no_hit(template_miss) | 买+红砖石:no_hit(template_miss) | 紫色哭脸:no_hit(template_miss) | 紫色卖出:no_hit(template_miss),
MP,3h,2026-03-08 13:40:27,否,-,笑笑砖策略:no_hit(pattern_not_met) | 紫抄:no_hit(template_miss) | 买+红砖石:no_hit(template_miss) | 紫色哭脸:no_hit(template_miss) | 紫色卖出:no_hit(template_miss),
MP,4h,2026-03-08 13:40:47,是,笑笑砖策略,笑笑砖策略:hit(repeat_suppressed) | 紫抄:no_hit(template_miss) | 买+红砖石:no_hit(buy_red_no_pair) | 紫色哭脸:no_hit(purple_ratio_low) | 紫色卖出:no_hit(template_miss),C:\Users\Administrator\Desktop\futu_combo_watch\output\hit_MP_4h_buy_core_20260308_134027.png
MU,1h,2026-03-08 13:41:17,否,-,笑笑砖策略:no_hit(pattern_not_met) | 紫抄:no_hit(template_miss) | 买+红砖石:no_hit(red_ratio_low) | 紫色哭脸:no_hit(template_miss) | 紫色卖出:no_hit(template_miss),
MU,2h,2026-03-08 13:41:51,否,-,笑笑砖策略:no_hit(pattern_not_met) | 紫抄:no_hit(template_miss) | 买+红砖石:no_hit(red_ratio_low) | 紫色哭脸:no_hit(template_miss) | 紫色卖出:no_hit(template_miss),
MU,3h,2026-03-08 13:42:25,否,-,笑笑砖策略:no_hit(pattern_not_met) | 紫抄:no_hit(template_miss) | 买+红砖石:no_hit(red_ratio_low) | 紫色哭脸:no_hit(template_miss) | 紫色卖出:no_hit(template_miss),
MU,4h,2026-03-08 13:43:00,否,-,笑笑砖策略:no_hit(pattern_not_met) | 紫抄:no_hit(template_miss) | 买+红砖石:no_hit(red_ratio_low) | 紫色哭脸:no_hit(template_miss) | 紫色卖出:no_hit(template_miss),
NBIS,1h,2026-03-08 13:43:36,否,-,笑笑砖策略:no_hit(pattern_not_met) | 紫抄:no_hit(template_miss) | 买+红砖石:no_hit(red_ratio_low) | 紫色哭脸:no_hit(template_miss) | 紫色卖出:no_hit(template_miss),
NBIS,2h,2026-03-08 13:44:44,否,-,笑笑砖策略:no_hit(pattern_not_met) | 紫抄:no_hit(template_miss) | 买+红砖石:no_hit(red_ratio_low) | 紫色哭脸:no_hit(template_miss) | 紫色卖出:no_hit(template_miss),
NBIS,3h,2026-03-08 13:45:05,否,-,笑笑砖策略:no_hit(pattern_not_met) | 紫抄:no_hit(template_miss) | 买+红砖石:no_hit(red_ratio_low) | 紫色哭脸:no_hit(purple_ratio_low) | 紫色卖出:no_hit(template_miss),
NBIS,4h,2026-03-08 13:46:24,否,-,笑笑砖策略:no_hit(pattern_not_met) | 紫抄:no_hit(template_miss) | 买+红砖石:no_hit(red_ratio_low) | 紫色哭脸:no_hit(template_miss) | 紫色卖出:no_hit(template_miss),
NBIZ,1h,2026-03-08 13:47:21,否,-,笑笑砖策略:no_hit(pattern_not_met) | 紫抄:no_hit(template_miss) | 买+红砖石:no_hit(red_ratio_low) | 紫色哭脸:no_hit(template_miss) | 紫色卖出:no_hit(template_miss),
NBIZ,2h,2026-03-08 13:48:04,否,-,笑笑砖策略:no_hit(pattern_not_met) | 紫抄:no_hit(template_miss) | 买+红砖石:no_hit(template_miss) | 紫色哭脸:no_hit(template_miss) | 紫色卖出:no_hit(template_miss),
NBIZ,3h,2026-03-08 13:49:32,否,-,笑笑砖策略:no_hit(pattern_not_met) | 紫抄:no_hit(template_miss) | 买+红砖石:no_hit(template_miss) | 紫色哭脸:no_hit(template_miss) | 紫色卖出:no_hit(template_miss),
NBIZ,4h,2026-03-08 13:50:36,否,-,笑笑砖策略:no_hit(pattern_not_met) | 紫抄:no_hit(template_miss) | 买+红砖石:no_hit(template_miss) | 紫色哭脸:no_hit(template_miss) | 紫色卖出:no_hit(template_miss),
NVDA,1h,2026-03-08 13:51:11,否,-,笑笑砖策略:no_hit(pattern_not_met) | 紫抄:no_hit(template_miss) | 买+红砖石:no_hit(red_ratio_low) | 紫色哭脸:no_hit(template_miss) | 紫色卖出:no_hit(template_miss),
NVDA,2h,2026-03-08 13:51:49,否,-,笑笑砖策略:no_hit(pattern_not_met) | 紫抄:no_hit(template_miss) | 买+红砖石:no_hit(template_miss) | 紫色哭脸:no_hit(template_miss) | 紫色卖出:no_hit(template_miss),
NVDA,3h,2026-03-08 13:52:17,否,-,笑笑砖策略:no_hit(pattern_not_met) | 紫抄:no_hit(template_miss) | 买+红砖石:no_hit(template_miss) | 紫色哭脸:no_hit(template_miss) | 紫色卖出:no_hit(template_miss),
NVDA,4h,2026-03-08 13:53:36,否,-,笑笑砖策略:no_hit(pattern_not_met) | 紫抄:no_hit(template_miss) | 买+红砖石:no_hit(template_miss) | 紫色哭脸:no_hit(template_miss) | 紫色卖出:no_hit(template_miss),
OKLO,1h,2026-03-08 13:54:15,否,-,笑笑砖策略:no_hit(pattern_not_met) | 紫抄:no_hit(template_miss) | 买+红砖石:no_hit(red_ratio_low) | 紫色哭脸:no_hit(template_miss) | 紫色卖出:no_hit(template_miss),
OKLO,2h,2026-03-08 13:54:49,否,-,笑笑砖策略:no_hit(pattern_not_met) | 紫抄:no_hit(template_miss) | 买+红砖石:no_hit(red_ratio_low) | 紫色哭脸:no_hit(template_miss) | 紫色卖出:no_hit(template_miss),
OKLO,3h,2026-03-08 13:55:19,否,-,笑笑砖策略:no_hit(pattern_not_met) | 紫抄:no_hit(template_miss) | 买+红砖石:no_hit(red_ratio_low) | 紫色哭脸:no_hit(template_miss) | 紫色卖出:no_hit(template_miss),
OKLO,4h,2026-03-08 13:56:36,否,-,笑笑砖策略:no_hit(pattern_not_met) | 紫抄:no_hit(template_miss) | 买+红砖石:no_hit(red_ratio_low) | 紫色哭脸:no_hit(template_miss) | 紫色卖出:no_hit(template_miss),
OKLS,1h,2026-03-08 13:57:23,否,-,笑笑砖策略:no_hit(pattern_not_met) | 紫抄:no_hit(template_miss) | 买+红砖石:no_hit(red_ratio_low) | 紫色哭脸:no_hit(template_miss) | 紫色卖出:no_hit(template_miss),
OKLS,2h,2026-03-08 13:58:16,否,-,笑笑砖策略:no_hit(pattern_not_met) | 紫抄:no_hit(template_miss) | 买+红砖石:no_hit(red_ratio_low) | 紫色哭脸:no_hit(template_miss) | 紫色卖出:no_hit(template_miss),
OKLS,3h,2026-03-08 13:58:52,否,-,笑笑砖策略:no_hit(pattern_not_met) | 紫抄:no_hit(template_miss) | 买+红砖石:no_hit(red_ratio_low) | 紫色哭脸:no_hit(template_miss) | 紫色卖出:no_hit(template_miss),
OKLS,4h,2026-03-08 13:59:45,否,-,笑笑砖策略:no_hit(pattern_not_met) | 紫抄:no_hit(template_miss) | 买+红砖石:no_hit(red_ratio_low) | 紫色哭脸:no_hit(template_miss) | 紫色卖出:no_hit(template_miss),
PLTR,1h,2026-03-08 14:01:01,否,-,笑笑砖策略:no_hit(pattern_not_met) | 紫抄:no_hit(template_miss) | 买+红砖石:no_hit(red_ratio_low) | 紫色哭脸:no_hit(template_miss) | 紫色卖出:no_hit(template_miss),
PLTR,2h,2026-03-08 14:02:10,否,-,笑笑砖策略:no_hit(pattern_not_met) | 紫抄:no_hit(template_miss) | 买+红砖石:no_hit(template_miss) | 紫色哭脸:no_hit(template_miss) | 紫色卖出:no_hit(template_miss),
PLTR,3h,2026-03-08 14:03:16,否,-,笑笑砖策略:no_hit(pattern_not_met) | 紫抄:no_hit(template_miss) | 买+红砖石:no_hit(template_miss) | 紫色哭脸:no_hit(template_miss) | 紫色卖出:no_hit(template_miss),
PLTR,4h,2026-03-08 14:04:35,否,-,笑笑砖策略:no_hit(pattern_not_met) | 紫抄:no_hit(template_miss) | 买+红砖石:no_hit(template_miss) | 紫色哭脸:no_hit(template_miss) | 紫色卖出:no_hit(template_miss),
PLTZ,1h,2026-03-08 14:05:55,否,-,笑笑砖策略:no_hit(pattern_not_met) | 紫抄:no_hit(template_miss) | 买+红砖石:no_hit(red_ratio_low) | 紫色哭脸:no_hit(template_miss) | 紫色卖出:no_hit(template_miss),
PLTZ,2h,2026-03-08 14:07:04,否,-,笑笑砖策略:no_hit(pattern_not_met) | 紫抄:no_hit(template_miss) | 买+红砖石:no_hit(template_miss) | 紫色哭脸:no_hit(template_miss) | 紫色卖出:no_hit(template_miss),
PLTZ,3h,2026-03-08 14:08:12,否,-,笑笑砖策略:no_hit(pattern_not_met) | 紫抄:no_hit(template_miss) | 买+红砖石:no_hit(red_ratio_low) | 紫色哭脸:no_hit(template_miss) | 紫色卖出:no_hit(template_miss),
PLTZ,4h,2026-03-08 14:08:33,否,-,笑笑砖策略:no_hit(pattern_not_met) | 紫抄:no_hit(template_miss) | 买+红砖石:no_hit(red_ratio_low) | 紫色哭脸:no_hit(template_miss) | 紫色卖出:no_hit(template_miss),
RDW,1h,2026-03-08 14:09:11,否,-,笑笑砖策略:no_hit(pattern_not_met) | 紫抄:no_hit(template_miss) | 买+红砖石:no_hit(red_ratio_low) | 紫色哭脸:no_hit(template_miss) | 紫色卖出:no_hit(template_miss),
RDW,2h,2026-03-08 14:09:41,否,-,笑笑砖策略:no_hit(pattern_not_met) | 紫抄:no_hit(template_miss) | 买+红砖石:no_hit(red_ratio_low) | 紫色哭脸:no_hit(template_miss) | 紫色卖出:no_hit(template_miss),
RDW,3h,2026-03-08 14:10:10,否,-,笑笑砖策略:no_hit(pattern_not_met) | 紫抄:no_hit(template_miss) | 买+红砖石:no_hit(red_ratio_low) | 紫色哭脸:no_hit(template_miss) | 紫色卖出:no_hit(template_miss),
RDW,4h,2026-03-08 14:10:44,否,-,笑笑砖策略:no_hit(pattern_not_met) | 紫抄:no_hit(template_miss) | 买+红砖石:no_hit(red_ratio_low) | 紫色哭脸:no_hit(template_miss) | 紫色卖出:no_hit(template_miss),
RGTZ,1h,2026-03-08 14:11:15,否,-,笑笑砖策略:no_hit(pattern_not_met) | 紫抄:no_hit(template_miss) | 买+红砖石:no_hit(red_ratio_low) | 紫色哭脸:no_hit(already_active) | 紫色卖出:no_hit(template_miss),
RGTZ,2h,2026-03-08 14:11:58,否,-,笑笑砖策略:no_hit(pattern_not_met) | 紫抄:no_hit(template_miss) | 买+红砖石:no_hit(red_ratio_low) | 紫色哭脸:no_hit(template_miss) | 紫色卖出:no_hit(template_miss),
RGTZ,3h,2026-03-08 14:12:51,否,-,笑笑砖策略:no_hit(pattern_not_met) | 紫抄:no_hit(template_miss) | 买+红砖石:no_hit(red_ratio_low) | 紫色哭脸:no_hit(purple_ratio_low) | 紫色卖出:no_hit(template_miss),
RGTZ,4h,2026-03-08 14:13:15,否,-,笑笑砖策略:no_hit(pattern_not_met) | 紫抄:no_hit(template_miss) | 买+红砖石:no_hit(red_ratio_low) | 紫色哭脸:no_hit(purple_ratio_low) | 紫色卖出:no_hit(template_miss),
RKLB,1h,2026-03-08 14:14:26,否,-,笑笑砖策略:no_hit(pattern_not_met) | 紫抄:no_hit(template_miss) | 买+红砖石:no_hit(red_ratio_low) | 紫色哭脸:no_hit(template_miss) | 紫色卖出:no_hit(template_miss),
RKLB,2h,2026-03-08 14:15:05,否,-,笑笑砖策略:no_hit(pattern_not_met) | 紫抄:no_hit(template_miss) | 买+红砖石:no_hit(red_ratio_low) | 紫色哭脸:no_hit(already_active) | 紫色卖出:no_hit(template_miss),
RKLB,3h,2026-03-08 14:15:58,否,-,笑笑砖策略:no_hit(pattern_not_met) | 紫抄:no_hit(template_miss) | 买+红砖石:no_hit(red_ratio_low) | 紫色哭脸:no_hit(template_miss) | 紫色卖出:no_hit(template_miss),
RKLB,4h,2026-03-08 14:16:27,否,-,笑笑砖策略:no_hit(pattern_not_met) | 紫抄:no_hit(template_miss) | 买+红砖石:no_hit(red_ratio_low) | 紫色哭脸:no_hit(purple_ratio_low) | 紫色卖出:no_hit(template_miss),
RKLZ,1h,2026-03-08 14:17:32,否,-,笑笑砖策略:no_hit(pattern_not_met) | 紫抄:no_hit(template_miss) | 买+红砖石:no_hit(red_ratio_low) | 紫色哭脸:no_hit(already_active) | 紫色卖出:no_hit(template_miss),
RKLZ,2h,2026-03-08 14:18:06,否,-,笑笑砖策略:no_hit(pattern_not_met) | 紫抄:no_hit(template_miss) | 买+红砖石:no_hit(red_ratio_low) | 紫色哭脸:no_hit(template_miss) | 紫色卖出:no_hit(template_miss),
RKLZ,3h,2026-03-08 14:18:23,否,-,笑笑砖策略:no_hit(pattern_not_met) | 紫抄:no_hit(template_miss) | 买+红砖石:no_hit(red_ratio_low) | 紫色哭脸:no_hit(already_active) | 紫色卖出:no_hit(template_miss),
RKLZ,4h,2026-03-08 14:18:49,否,-,笑笑砖策略:no_hit(pattern_not_met) | 紫抄:no_hit(template_miss) | 买+红砖石:no_hit(red_ratio_low) | 紫色哭脸:no_hit(already_active) | 紫色卖出:no_hit(template_miss),
RZLV,1h,2026-03-08 14:19:53,否,-,笑笑砖策略:no_hit(pattern_not_met) | 紫抄:no_hit(template_miss) | 买+红砖石:no_hit(red_ratio_low) | 紫色哭脸:no_hit(template_miss) | 紫色卖出:no_hit(template_miss),
RZLV,2h,2026-03-08 14:20:40,否,-,笑笑砖策略:no_hit(pattern_not_met) | 紫抄:no_hit(template_miss) | 买+红砖石:no_hit(red_ratio_low) | 紫色哭脸:no_hit(template_miss) | 紫色卖出:no_hit(template_miss),
RZLV,3h,2026-03-08 14:20:58,否,-,笑笑砖策略:no_hit(pattern_not_met) | 紫抄:no_hit(template_miss) | 买+红砖石:no_hit(red_ratio_low) | 紫色哭脸:no_hit(already_active) | 紫色卖出:no_hit(template_miss),
RZLV,4h,2026-03-08 14:21:33,否,-,笑笑砖策略:no_hit(pattern_not_met) | 紫抄:no_hit(template_miss) | 买+红砖石:no_hit(red_ratio_low) | 紫色哭脸:no_hit(template_miss) | 紫色卖出:no_hit(template_miss),
SOXS,1h,2026-03-08 14:22:23,否,-,笑笑砖策略:no_hit(pattern_not_met) | 紫抄:no_hit(template_miss) | 买+红砖石:no_hit(red_ratio_low) | 紫色哭脸:no_hit(template_miss) | 紫色卖出:no_hit(template_miss),
SOXS,2h,2026-03-08 14:23:00,否,-,笑笑砖策略:no_hit(pattern_not_met) | 紫抄:no_hit(template_miss) | 买+红砖石:no_hit(red_ratio_low) | 紫色哭脸:no_hit(template_miss) | 紫色卖出:no_hit(template_miss),
SOXS,3h,2026-03-08 14:23:30,否,-,笑笑砖策略:no_hit(pattern_not_met) | 紫抄:no_hit(template_miss) | 买+红砖石:no_hit(red_ratio_low) | 紫色哭脸:no_hit(template_miss) | 紫色卖出:no_hit(template_miss),
SOXS,4h,2026-03-08 14:23:56,否,-,笑笑砖策略:no_hit(pattern_not_met) | 紫抄:no_hit(template_miss) | 买+红砖石:no_hit(red_ratio_low) | 紫色哭脸:no_hit(purple_ratio_low) | 紫色卖出:no_hit(template_miss),
STM,1h,2026-03-08 14:24:40,否,-,笑笑砖策略:no_hit(pattern_not_met) | 紫抄:no_hit(template_miss) | 买+红砖石:no_hit(red_ratio_low) | 紫色哭脸:no_hit(template_miss) | 紫色卖出:no_hit(template_miss),
STM,2h,2026-03-08 14:25:09,否,-,笑笑砖策略:no_hit(pattern_not_met) | 紫抄:no_hit(template_miss) | 买+红砖石:no_hit(red_ratio_low) | 紫色哭脸:no_hit(template_miss) | 紫色卖出:no_hit(template_miss),
STM,3h,2026-03-08 14:26:09,否,-,笑笑砖策略:no_hit(pattern_not_met) | 紫抄:no_hit(template_miss) | 买+红砖石:no_hit(red_ratio_low) | 紫色哭脸:no_hit(template_miss) | 紫色卖出:no_hit(template_miss),
STM,4h,2026-03-08 14:27:26,否,-,笑笑砖策略:no_hit(pattern_not_met) | 紫抄:no_hit(template_miss) | 买+红砖石:no_hit(red_ratio_low) | 紫色哭脸:no_hit(template_miss) | 紫色卖出:no_hit(template_miss),
TSLA,1h,2026-03-08 14:27:56,否,-,笑笑砖策略:no_hit(pattern_not_met) | 紫抄:no_hit(template_miss) | 买+红砖石:no_hit(template_miss) | 紫色哭脸:no_hit(template_miss) | 紫色卖出:no_hit(template_miss),
TSLA,2h,2026-03-08 14:28:33,否,-,笑笑砖策略:no_hit(pattern_not_met) | 紫抄:no_hit(template_miss) | 买+红砖石:no_hit(red_ratio_low) | 紫色哭脸:no_hit(template_miss) | 紫色卖出:no_hit(template_miss),
TSLA,3h,2026-03-08 14:29:04,否,-,笑笑砖策略:no_hit(pattern_not_met) | 紫抄:no_hit(template_miss) | 买+红砖石:no_hit(template_miss) | 紫色哭脸:no_hit(template_miss) | 紫色卖出:no_hit(template_miss),
TSLA,4h,2026-03-08 14:29:40,否,-,笑笑砖策略:no_hit(pattern_not_met) | 紫抄:no_hit(template_miss) | 买+红砖石:no_hit(red_ratio_low) | 紫色哭脸:no_hit(template_miss) | 紫色卖出:no_hit(template_miss),
TSLQ,1h,2026-03-08 14:30:31,否,-,笑笑砖策略:no_hit(pattern_not_met) | 紫抄:no_hit(template_miss) | 买+红砖石:no_hit(template_miss) | 紫色哭脸:no_hit(template_miss) | 紫色卖出:no_hit(template_miss),
TSLQ,2h,2026-03-08 14:31:17,否,-,笑笑砖策略:no_hit(pattern_not_met) | 紫抄:no_hit(template_miss) | 买+红砖石:no_hit(red_ratio_low) | 紫色哭脸:no_hit(template_miss) | 紫色卖出:no_hit(template_miss),
TSLQ,3h,2026-03-08 14:32:03,否,-,笑笑砖策略:no_hit(pattern_not_met) | 紫抄:no_hit(template_miss) | 买+红砖石:no_hit(red_ratio_low) | 紫色哭脸:no_hit(template_miss) | 紫色卖出:no_hit(template_miss),
TSLQ,4h,2026-03-08 14:32:45,否,-,笑笑砖策略:no_hit(pattern_not_met) | 紫抄:no_hit(template_miss) | 买+红砖石:no_hit(red_ratio_low) | 紫色哭脸:no_hit(template_miss) | 紫色卖出:no_hit(template_miss),
UVIX,1h,2026-03-08 14:33:17,否,-,笑笑砖策略:no_hit(pattern_not_met) | 紫抄:no_hit(template_miss) | 买+红砖石:no_hit(red_ratio_low) | 紫色哭脸:no_hit(template_miss) | 紫色卖出:no_hit(template_miss),
UVIX,2h,2026-03-08 14:33:47,否,-,笑笑砖策略:no_hit(pattern_not_met) | 紫抄:no_hit(template_miss) | 买+红砖石:no_hit(red_ratio_low) | 紫色哭脸:no_hit(template_miss) | 紫色卖出:no_hit(template_miss),
UVIX,3h,2026-03-08 14:34:23,否,-,笑笑砖策略:no_hit(pattern_not_met) | 紫抄:no_hit(template_miss) | 买+红砖石:no_hit(red_ratio_low) | 紫色哭脸:no_hit(template_miss) | 紫色卖出:no_hit(template_miss),
UVIX,4h,2026-03-08 14:34:48,否,-,笑笑砖策略:no_hit(pattern_not_met) | 紫抄:no_hit(template_miss) | 买+红砖石:no_hit(red_ratio_low) | 紫色哭脸:no_hit(purple_ratio_low) | 紫色卖出:no_hit(template_miss),
WDC,1h,2026-03-08 14:35:16,否,-,笑笑砖策略:no_hit(pattern_not_met) | 紫抄:no_hit(template_miss) | 买+红砖石:no_hit(red_ratio_low) | 紫色哭脸:no_hit(template_miss) | 紫色卖出:no_hit(template_miss),
WDC,2h,2026-03-08 14:35:46,否,-,笑笑砖策略:no_hit(pattern_not_met) | 紫抄:no_hit(template_miss) | 买+红砖石:no_hit(red_ratio_low) | 紫色哭脸:no_hit(template_miss) | 紫色卖出:no_hit(template_miss),
WDC,3h,2026-03-08 14:36:16,否,-,笑笑砖策略:no_hit(pattern_not_met) | 紫抄:no_hit(template_miss) | 买+红砖石:no_hit(red_ratio_low) | 紫色哭脸:no_hit(template_miss) | 紫色卖出:no_hit(template_miss),
WDC,4h,2026-03-08 14:37:28,否,-,笑笑砖策略:no_hit(pattern_not_met) | 紫抄:no_hit(template_miss) | 买+红砖石:no_hit(template_miss) | 紫色哭脸:no_hit(template_miss) | 紫色卖出:no_hit(template_miss),
ZSL,1h,2026-03-08 14:38:00,否,-,笑笑砖策略:no_hit(pattern_not_met) | 紫抄:no_hit(template_miss) | 买+红砖石:no_hit(template_miss) | 紫色哭脸:no_hit(template_miss) | 紫色卖出:no_hit(template_miss),
ZSL,2h,2026-03-08 14:38:51,否,-,笑笑砖策略:no_hit(pattern_not_met) | 紫抄:no_hit(template_miss) | 买+红砖石:no_hit(red_ratio_low) | 紫色哭脸:no_hit(purple_ratio_low) | 紫色卖出:no_hit(template_miss),
ZSL,3h,2026-03-08 14:40:16,否,-,笑笑砖策略:no_hit(pattern_not_met) | 紫抄:no_hit(template_miss) | 买+红砖石:no_hit(red_ratio_low) | 紫色哭脸:no_hit(template_miss) | 紫色卖出:no_hit(template_miss),
ZSL,4h,2026-03-08 14:41:40,否,-,笑笑砖策略:no_hit(pattern_not_met) | 紫抄:no_hit(template_miss) | 买+红砖石:no_hit(red_ratio_low) | 紫色哭脸:no_hit(template_miss) | 紫色卖出:no_hit(template_miss),
BILI,1h,2026-03-08 15:00:28,否,-,笑笑砖策略:no_hit(pattern_not_met) | 紫抄:no_hit(template_miss) | 买+红砖石:no_hit(red_ratio_low) | 紫色哭脸:no_hit(template_miss) | 紫色卖出:no_hit(template_miss),
BILI,2h,2026-03-08 15:01:38,否,-,笑笑砖策略:no_hit(pattern_not_met) | 紫抄:no_hit(template_miss) | 买+红砖石:no_hit(template_miss) | 紫色哭脸:no_hit(template_miss) | 紫色卖出:no_hit(template_miss),
BILI,3h,2026-03-08 15:02:47,否,-,笑笑砖策略:no_hit(pattern_not_met) | 紫抄:no_hit(template_miss) | 买+红砖石:no_hit(template_miss) | 紫色哭脸:no_hit(template_miss) | 紫色卖出:no_hit(template_miss),
BILI,4h,2026-03-08 15:04:12,否,-,笑笑砖策略:no_hit(pattern_not_met) | 紫抄:no_hit(template_miss) | 买+红砖石:no_hit(red_ratio_low) | 紫色哭脸:no_hit(template_miss) | 紫色卖出:no_hit(template_miss),
CONI,1h,2026-03-08 15:05:07,否,-,笑笑砖策略:no_hit(pattern_not_met) | 紫抄:no_hit(template_miss) | 买+红砖石:no_hit(red_ratio_low) | 紫色哭脸:no_hit(template_miss) | 紫色卖出:no_hit(template_miss),
CONI,2h,2026-03-08 15:05:54,否,-,笑笑砖策略:no_hit(pattern_not_met) | 紫抄:no_hit(template_miss) | 买+红砖石:no_hit(red_ratio_low) | 紫色哭脸:no_hit(already_active) | 紫色卖出:no_hit(template_miss),
CONI,3h,2026-03-08 15:06:35,否,-,笑笑砖策略:no_hit(pattern_not_met) | 紫抄:no_hit(template_miss) | 买+红砖石:no_hit(red_ratio_low) | 紫色哭脸:no_hit(already_active) | 紫色卖出:no_hit(template_miss),
CONI,4h,2026-03-08 15:07:53,否,-,笑笑砖策略:no_hit(pattern_not_met) | 紫抄:no_hit(template_miss) | 买+红砖石:no_hit(red_ratio_low) | 紫色哭脸:no_hit(template_miss) | 紫色卖出:no_hit(template_miss),
CORD,1h,2026-03-08 15:08:29,否,-,笑笑砖策略:no_hit(pattern_not_met) | 紫抄:no_hit(template_miss) | 买+红砖石:no_hit(red_ratio_low) | 紫色哭脸:no_hit(template_miss) | 紫色卖出:no_hit(template_miss),
CORD,2h,2026-03-08 15:09:13,否,-,笑笑砖策略:no_hit(pattern_not_met) | 紫抄:no_hit(template_miss) | 买+红砖石:no_hit(red_ratio_low) | 紫色哭脸:no_hit(purple_ratio_low) | 紫色卖出:no_hit(template_miss),
CORD,3h,2026-03-08 15:09:53,否,-,笑笑砖策略:no_hit(pattern_not_met) | 紫抄:no_hit(template_miss) | 买+红砖石:no_hit(red_ratio_low) | 紫色哭脸:no_hit(already_active) | 紫色卖出:no_hit(template_miss),
CORD,4h,2026-03-08 15:10:39,否,-,笑笑砖策略:no_hit(pattern_not_met) | 紫抄:no_hit(template_miss) | 买+红砖石:no_hit(red_ratio_low) | 紫色哭脸:no_hit(already_active) | 紫色卖出:no_hit(template_miss),
CRCD,1h,2026-03-08 15:11:23,否,-,笑笑砖策略:no_hit(pattern_not_met) | 紫抄:no_hit(template_miss) | 买+红砖石:no_hit(template_miss) | 紫色哭脸:no_hit(template_miss) | 紫色卖出:no_hit(template_miss),
CRCD,2h,2026-03-08 15:12:17,否,-,笑笑砖策略:no_hit(pattern_not_met) | 紫抄:no_hit(template_miss) | 买+红砖石:no_hit(red_ratio_low) | 紫色哭脸:no_hit(already_active) | 紫色卖出:no_hit(template_miss),
CRCD,3h,2026-03-08 15:13:12,否,-,笑笑砖策略:no_hit(pattern_not_met) | 紫抄:no_hit(template_miss) | 买+红砖石:no_hit(red_ratio_low) | 紫色哭脸:no_hit(already_active) | 紫色卖出:no_hit(template_miss),
CRCD,4h,2026-03-08 15:14:18,否,-,笑笑砖策略:no_hit(pattern_not_met) | 紫抄:no_hit(template_miss) | 买+红砖石:no_hit(red_ratio_low) | 紫色哭脸:no_hit(template_miss) | 紫色卖出:no_hit(template_miss),
CRCL,1h,2026-03-08 15:15:41,否,-,笑笑砖策略:no_hit(pattern_not_met) | 紫抄:no_hit(template_miss) | 买+红砖石:no_hit(red_ratio_low) | 紫色哭脸:no_hit(template_miss) | 紫色卖出:no_hit(template_miss),
CRCL,2h,2026-03-08 15:16:49,否,-,笑笑砖策略:no_hit(pattern_not_met) | 紫抄:no_hit(template_miss) | 买+红砖石:no_hit(red_ratio_low) | 紫色哭脸:no_hit(template_miss) | 紫色卖出:no_hit(template_miss),
CRCL,3h,2026-03-08 15:17:54,否,-,笑笑砖策略:no_hit(pattern_not_met) | 紫抄:no_hit(template_miss) | 买+红砖石:no_hit(red_ratio_low) | 紫色哭脸:no_hit(template_miss) | 紫色卖出:no_hit(template_miss),
CRCL,4h,2026-03-08 15:18:32,否,-,笑笑砖策略:no_hit(pattern_not_met) | 紫抄:no_hit(template_miss) | 买+红砖石:no_hit(red_ratio_low) | 紫色哭脸:no_hit(already_active) | 紫色卖出:no_hit(template_miss),
CRDO,1h,2026-03-08 15:19:00,否,-,笑笑砖策略:no_hit(pattern_not_met) | 紫抄:no_hit(template_miss) | 买+红砖石:no_hit(red_ratio_low) | 紫色哭脸:no_hit(template_miss) | 紫色卖出:no_hit(template_miss),
CRDO,2h,2026-03-08 15:19:31,否,-,笑笑砖策略:no_hit(pattern_not_met) | 紫抄:no_hit(template_miss) | 买+红砖石:no_hit(red_ratio_low) | 紫色哭脸:no_hit(template_miss) | 紫色卖出:no_hit(template_miss),
CRDO,3h,2026-03-08 15:20:40,否,-,笑笑砖策略:no_hit(pattern_not_met) | 紫抄:no_hit(template_miss) | 买+红砖石:no_hit(red_ratio_low) | 紫色哭脸:no_hit(template_miss) | 紫色卖出:no_hit(template_miss),
CRDO,4h,2026-03-08 15:21:06,否,-,笑笑砖策略:no_hit(pattern_not_met) | 紫抄:no_hit(template_miss) | 买+红砖石:no_hit(red_ratio_low) | 紫色哭脸:no_hit(template_miss) | 紫色卖出:no_hit(template_miss),
CRML,1h,2026-03-08 15:21:23,否,-,笑笑砖策略:no_hit(pattern_not_met) | 紫抄:no_hit(template_miss) | 买+红砖石:no_hit(red_ratio_low) | 紫色哭脸:no_hit(template_miss) | 紫色卖出:no_hit(template_miss),
CRML,2h,2026-03-08 15:21:43,否,-,笑笑砖策略:no_hit(pattern_not_met) | 紫抄:no_hit(template_miss) | 买+红砖石:no_hit(red_ratio_low) | 紫色哭脸:no_hit(template_miss) | 紫色卖出:no_hit(template_miss),
CRML,3h,2026-03-08 15:22:03,否,-,笑笑砖策略:no_hit(pattern_not_met) | 紫抄:no_hit(template_miss) | 买+红砖石:no_hit(red_ratio_low) | 紫色哭脸:no_hit(template_miss) | 紫色卖出:no_hit(template_miss),
CRML,4h,2026-03-08 15:22:55,否,-,笑笑砖策略:no_hit(pattern_not_met) | 紫抄:no_hit(template_miss) | 买+红砖石:no_hit(red_ratio_low) | 紫色哭脸:no_hit(template_miss) | 紫色卖出:no_hit(template_miss),
DJT,1h,2026-03-08 15:23:17,否,-,笑笑砖策略:no_hit(pattern_not_met) | 紫抄:no_hit(template_miss) | 买+红砖石:no_hit(red_ratio_low) | 紫色哭脸:no_hit(template_miss) | 紫色卖出:no_hit(template_miss),
DJT,2h,2026-03-08 15:24:41,否,-,笑笑砖策略:no_hit(pattern_not_met) | 紫抄:no_hit(template_miss) | 买+红砖石:no_hit(red_ratio_low) | 紫色哭脸:no_hit(template_miss) | 紫色卖出:no_hit(template_miss),
DJT,3h,2026-03-08 15:25:18,否,-,笑笑砖策略:no_hit(pattern_not_met) | 紫抄:no_hit(template_miss) | 买+红砖石:no_hit(red_ratio_low) | 紫色哭脸:no_hit(template_miss) | 紫色卖出:no_hit(template_miss),
DJT,4h,2026-03-08 15:26:43,否,-,笑笑砖策略:no_hit(pattern_not_met) | 紫抄:no_hit(template_miss) | 买+红砖石:no_hit(red_ratio_low) | 紫色哭脸:no_hit(template_miss) | 紫色卖出:no_hit(template_miss),
DPST,1h,2026-03-08 15:27:47,否,-,笑笑砖策略:no_hit(pattern_not_met) | 紫抄:no_hit(template_miss) | 买+红砖石:no_hit(template_miss) | 紫色哭脸:no_hit(template_miss) | 紫色卖出:no_hit(template_miss),
DPST,2h,2026-03-08 15:28:22,否,-,笑笑砖策略:no_hit(pattern_not_met) | 紫抄:no_hit(template_miss) | 买+红砖石:no_hit(red_ratio_low) | 紫色哭脸:no_hit(template_miss) | 紫色卖出:no_hit(template_miss),
DPST,3h,2026-03-08 15:28:44,否,-,笑笑砖策略:no_hit(pattern_not_met) | 紫抄:no_hit(template_miss) | 买+红砖石:no_hit(red_ratio_low) | 紫色哭脸:no_hit(template_miss) | 紫色卖出:no_hit(template_miss),
DPST,4h,2026-03-08 15:29:04,否,-,笑笑砖策略:no_hit(pattern_not_met) | 紫抄:no_hit(template_miss) | 买+红砖石:no_hit(red_ratio_low) | 紫色哭脸:no_hit(purple_ratio_low) | 紫色卖出:no_hit(template_miss),
INTC,1h,2026-03-08 15:29:39,否,-,笑笑砖策略:no_hit(pattern_not_met) | 紫抄:no_hit(template_miss) | 买+红砖石:no_hit(red_ratio_low) | 紫色哭脸:no_hit(template_miss) | 紫色卖出:no_hit(template_miss),
INTC,2h,2026-03-08 15:30:16,否,-,笑笑砖策略:no_hit(pattern_not_met) | 紫抄:no_hit(template_miss) | 买+红砖石:no_hit(red_ratio_low) | 紫色哭脸:no_hit(template_miss) | 紫色卖出:no_hit(template_miss),
INTC,3h,2026-03-08 15:31:33,否,-,笑笑砖策略:no_hit(pattern_not_met) | 紫抄:no_hit(template_miss) | 买+红砖石:no_hit(red_ratio_low) | 紫色哭脸:no_hit(template_miss) | 紫色卖出:no_hit(template_miss),
INTC,4h,2026-03-08 15:31:51,否,-,笑笑砖策略:no_hit(pattern_not_met) | 紫抄:no_hit(template_miss) | 买+红砖石:no_hit(red_ratio_low) | 紫色哭脸:no_hit(already_active) | 紫色卖出:no_hit(template_miss),
KOLD,1h,2026-03-08 15:32:38,否,-,笑笑砖策略:no_hit(pattern_not_met) | 紫抄:no_hit(template_miss) | 买+红砖石:no_hit(red_ratio_low) | 紫色哭脸:no_hit(template_miss) | 紫色卖出:no_hit(template_miss),
KOLD,2h,2026-03-08 15:33:02,否,-,笑笑砖策略:no_hit(pattern_not_met) | 紫抄:no_hit(template_miss) | 买+红砖石:no_hit(red_ratio_low) | 紫色哭脸:no_hit(template_miss) | 紫色卖出:no_hit(template_miss),
KOLD,3h,2026-03-08 15:34:09,否,-,笑笑砖策略:no_hit(pattern_not_met) | 紫抄:no_hit(template_miss) | 买+红砖石:no_hit(red_ratio_low) | 紫色哭脸:no_hit(template_miss) | 紫色卖出:no_hit(template_miss),
KOLD,4h,2026-03-08 15:34:29,否,-,笑笑砖策略:no_hit(pattern_not_met) | 紫抄:no_hit(template_miss) | 买+红砖石:no_hit(red_ratio_low) | 紫色哭脸:no_hit(template_miss) | 紫色卖出:no_hit(template_miss),
LMND,1h,2026-03-08 15:35:18,否,-,笑笑砖策略:no_hit(pattern_not_met) | 紫抄:no_hit(template_miss) | 买+红砖石:no_hit(red_ratio_low) | 紫色哭脸:no_hit(template_miss) | 紫色卖出:no_hit(template_miss),
LMND,2h,2026-03-08 15:35:55,否,-,笑笑砖策略:no_hit(pattern_not_met) | 紫抄:no_hit(template_miss) | 买+红砖石:no_hit(red_ratio_low) | 紫色哭脸:no_hit(already_active) | 紫色卖出:no_hit(template_miss),
LMND,3h,2026-03-08 15:37:15,否,-,笑笑砖策略:no_hit(pattern_not_met) | 紫抄:no_hit(template_miss) | 买+红砖石:no_hit(template_miss) | 紫色哭脸:no_hit(template_miss) | 紫色卖出:no_hit(template_miss),
LMND,4h,2026-03-08 15:37:45,否,-,笑笑砖策略:no_hit(pattern_not_met) | 紫抄:no_hit(template_miss) | 买+红砖石:no_hit(red_ratio_low) | 紫色哭脸:no_hit(already_active) | 紫色卖出:no_hit(template_miss),
MP,1h,2026-03-08 15:38:35,否,-,笑笑砖策略:no_hit(pattern_not_met) | 紫抄:no_hit(template_miss) | 买+红砖石:no_hit(template_miss) | 紫色哭脸:no_hit(template_miss) | 紫色卖出:no_hit(template_miss),
MP,2h,2026-03-08 15:39:26,否,-,笑笑砖策略:no_hit(pattern_not_met) | 紫抄:no_hit(template_miss) | 买+红砖石:no_hit(template_miss) | 紫色哭脸:no_hit(template_miss) | 紫色卖出:no_hit(template_miss),
MP,3h,2026-03-08 15:40:25,否,-,笑笑砖策略:no_hit(pattern_not_met) | 紫抄:no_hit(template_miss) | 买+红砖石:no_hit(template_miss) | 紫色哭脸:no_hit(template_miss) | 紫色卖出:no_hit(template_miss),
MP,4h,2026-03-08 15:40:45,是,笑笑砖策略,笑笑砖策略:hit(repeat_suppressed) | 紫抄:no_hit(template_miss) | 买+红砖石:no_hit(buy_red_no_pair) | 紫色哭脸:no_hit(purple_ratio_low) | 紫色卖出:no_hit(template_miss),C:\Users\Administrator\Desktop\futu_combo_watch\output\hit_MP_4h_buy_core_20260308_154025.png
MU,1h,2026-03-08 15:41:17,否,-,笑笑砖策略:no_hit(pattern_not_met) | 紫抄:no_hit(template_miss) | 买+红砖石:no_hit(red_ratio_low) | 紫色哭脸:no_hit(template_miss) | 紫色卖出:no_hit(template_miss),
MU,2h,2026-03-08 15:41:52,否,-,笑笑砖策略:no_hit(pattern_not_met) | 紫抄:no_hit(template_miss) | 买+红砖石:no_hit(red_ratio_low) | 紫色哭脸:no_hit(template_miss) | 紫色卖出:no_hit(template_miss),
MU,3h,2026-03-08 15:42:26,否,-,笑笑砖策略:no_hit(pattern_not_met) | 紫抄:no_hit(template_miss) | 买+红砖石:no_hit(red_ratio_low) | 紫色哭脸:no_hit(template_miss) | 紫色卖出:no_hit(template_miss),
MU,4h,2026-03-08 15:43:01,否,-,笑笑砖策略:no_hit(pattern_not_met) | 紫抄:no_hit(template_miss) | 买+红砖石:no_hit(red_ratio_low) | 紫色哭脸:no_hit(template_miss) | 紫色卖出:no_hit(template_miss),
NBIS,1h,2026-03-08 15:43:37,否,-,笑笑砖策略:no_hit(pattern_not_met) | 紫抄:no_hit(template_miss) | 买+红砖石:no_hit(red_ratio_low) | 紫色哭脸:no_hit(template_miss) | 紫色卖出:no_hit(template_miss),
NBIS,2h,2026-03-08 15:44:44,否,-,笑笑砖策略:no_hit(pattern_not_met) | 紫抄:no_hit(template_miss) | 买+红砖石:no_hit(red_ratio_low) | 紫色哭脸:no_hit(template_miss) | 紫色卖出:no_hit(template_miss),
NBIS,3h,2026-03-08 15:45:06,否,-,笑笑砖策略:no_hit(pattern_not_met) | 紫抄:no_hit(template_miss) | 买+红砖石:no_hit(red_ratio_low) | 紫色哭脸:no_hit(purple_ratio_low) | 紫色卖出:no_hit(template_miss),
NBIS,4h,2026-03-08 15:46:24,否,-,笑笑砖策略:no_hit(pattern_not_met) | 紫抄:no_hit(template_miss) | 买+红砖石:no_hit(red_ratio_low) | 紫色哭脸:no_hit(template_miss) | 紫色卖出:no_hit(template_miss),
NBIZ,1h,2026-03-08 15:47:21,否,-,笑笑砖策略:no_hit(pattern_not_met) | 紫抄:no_hit(template_miss) | 买+红砖石:no_hit(red_ratio_low) | 紫色哭脸:no_hit(template_miss) | 紫色卖出:no_hit(template_miss),
NBIZ,2h,2026-03-08 15:48:04,否,-,笑笑砖策略:no_hit(pattern_not_met) | 紫抄:no_hit(template_miss) | 买+红砖石:no_hit(template_miss) | 紫色哭脸:no_hit(template_miss) | 紫色卖出:no_hit(template_miss),
NBIZ,3h,2026-03-08 15:49:32,否,-,笑笑砖策略:no_hit(pattern_not_met) | 紫抄:no_hit(template_miss) | 买+红砖石:no_hit(template_miss) | 紫色哭脸:no_hit(template_miss) | 紫色卖出:no_hit(template_miss),
NBIZ,4h,2026-03-08 15:50:36,否,-,笑笑砖策略:no_hit(pattern_not_met) | 紫抄:no_hit(template_miss) | 买+红砖石:no_hit(template_miss) | 紫色哭脸:no_hit(template_miss) | 紫色卖出:no_hit(template_miss),
NVDA,1h,2026-03-08 15:51:12,否,-,笑笑砖策略:no_hit(pattern_not_met) | 紫抄:no_hit(template_miss) | 买+红砖石:no_hit(red_ratio_low) | 紫色哭脸:no_hit(template_miss) | 紫色卖出:no_hit(template_miss),
NVDA,2h,2026-03-08 15:51:49,否,-,笑笑砖策略:no_hit(pattern_not_met) | 紫抄:no_hit(template_miss) | 买+红砖石:no_hit(template_miss) | 紫色哭脸:no_hit(template_miss) | 紫色卖出:no_hit(template_miss),
NVDA,3h,2026-03-08 15:52:17,否,-,笑笑砖策略:no_hit(pattern_not_met) | 紫抄:no_hit(template_miss) | 买+红砖石:no_hit(template_miss) | 紫色哭脸:no_hit(template_miss) | 紫色卖出:no_hit(template_miss),
NVDA,4h,2026-03-08 15:53:37,否,-,笑笑砖策略:no_hit(pattern_not_met) | 紫抄:no_hit(template_miss) | 买+红砖石:no_hit(template_miss) | 紫色哭脸:no_hit(template_miss) | 紫色卖出:no_hit(template_miss),
OKLO,1h,2026-03-08 15:54:15,否,-,笑笑砖策略:no_hit(pattern_not_met) | 紫抄:no_hit(template_miss) | 买+红砖石:no_hit(red_ratio_low) | 紫色哭脸:no_hit(template_miss) | 紫色卖出:no_hit(template_miss),
OKLO,2h,2026-03-08 15:54:49,否,-,笑笑砖策略:no_hit(pattern_not_met) | 紫抄:no_hit(template_miss) | 买+红砖石:no_hit(red_ratio_low) | 紫色哭脸:no_hit(template_miss) | 紫色卖出:no_hit(template_miss),
OKLO,3h,2026-03-08 15:55:19,否,-,笑笑砖策略:no_hit(pattern_not_met) | 紫抄:no_hit(template_miss) | 买+红砖石:no_hit(red_ratio_low) | 紫色哭脸:no_hit(template_miss) | 紫色卖出:no_hit(template_miss),
OKLO,4h,2026-03-08 15:56:36,否,-,笑笑砖策略:no_hit(pattern_not_met) | 紫抄:no_hit(template_miss) | 买+红砖石:no_hit(red_ratio_low) | 紫色哭脸:no_hit(template_miss) | 紫色卖出:no_hit(template_miss),
OKLS,1h,2026-03-08 15:57:24,否,-,笑笑砖策略:no_hit(pattern_not_met) | 紫抄:no_hit(template_miss) | 买+红砖石:no_hit(red_ratio_low) | 紫色哭脸:no_hit(template_miss) | 紫色卖出:no_hit(template_miss),
OKLS,2h,2026-03-08 15:58:17,否,-,笑笑砖策略:no_hit(pattern_not_met) | 紫抄:no_hit(template_miss) | 买+红砖石:no_hit(red_ratio_low) | 紫色哭脸:no_hit(template_miss) | 紫色卖出:no_hit(template_miss),
OKLS,3h,2026-03-08 15:58:53,否,-,笑笑砖策略:no_hit(pattern_not_met) | 紫抄:no_hit(template_miss) | 买+红砖石:no_hit(red_ratio_low) | 紫色哭脸:no_hit(template_miss) | 紫色卖出:no_hit(template_miss),
OKLS,4h,2026-03-08 15:59:46,否,-,笑笑砖策略:no_hit(pattern_not_met) | 紫抄:no_hit(template_miss) | 买+红砖石:no_hit(red_ratio_low) | 紫色哭脸:no_hit(template_miss) | 紫色卖出:no_hit(template_miss),
PLTR,1h,2026-03-08 16:01:01,否,-,笑笑砖策略:no_hit(pattern_not_met) | 紫抄:no_hit(template_miss) | 买+红砖石:no_hit(red_ratio_low) | 紫色哭脸:no_hit(template_miss) | 紫色卖出:no_hit(template_miss),
PLTR,2h,2026-03-08 16:02:10,否,-,笑笑砖策略:no_hit(pattern_not_met) | 紫抄:no_hit(template_miss) | 买+红砖石:no_hit(template_miss) | 紫色哭脸:no_hit(template_miss) | 紫色卖出:no_hit(template_miss),
PLTR,3h,2026-03-08 16:03:16,否,-,笑笑砖策略:no_hit(pattern_not_met) | 紫抄:no_hit(template_miss) | 买+红砖石:no_hit(template_miss) | 紫色哭脸:no_hit(template_miss) | 紫色卖出:no_hit(template_miss),
PLTR,4h,2026-03-08 16:04:35,否,-,笑笑砖策略:no_hit(pattern_not_met) | 紫抄:no_hit(template_miss) | 买+红砖石:no_hit(template_miss) | 紫色哭脸:no_hit(template_miss) | 紫色卖出:no_hit(template_miss),
PLTZ,1h,2026-03-08 16:05:56,否,-,笑笑砖策略:no_hit(pattern_not_met) | 紫抄:no_hit(template_miss) | 买+红砖石:no_hit(red_ratio_low) | 紫色哭脸:no_hit(template_miss) | 紫色卖出:no_hit(template_miss),
PLTZ,2h,2026-03-08 16:07:05,否,-,笑笑砖策略:no_hit(pattern_not_met) | 紫抄:no_hit(template_miss) | 买+红砖石:no_hit(template_miss) | 紫色哭脸:no_hit(template_miss) | 紫色卖出:no_hit(template_miss),
PLTZ,3h,2026-03-08 16:08:13,否,-,笑笑砖策略:no_hit(pattern_not_met) | 紫抄:no_hit(template_miss) | 买+红砖石:no_hit(red_ratio_low) | 紫色哭脸:no_hit(template_miss) | 紫色卖出:no_hit(template_miss),
PLTZ,4h,2026-03-08 16:08:34,否,-,笑笑砖策略:no_hit(pattern_not_met) | 紫抄:no_hit(template_miss) | 买+红砖石:no_hit(red_ratio_low) | 紫色哭脸:no_hit(template_miss) | 紫色卖出:no_hit(template_miss),
RDW,1h,2026-03-08 16:09:12,否,-,笑笑砖策略:no_hit(pattern_not_met) | 紫抄:no_hit(template_miss) | 买+红砖石:no_hit(red_ratio_low) | 紫色哭脸:no_hit(template_miss) | 紫色卖出:no_hit(template_miss),
RDW,2h,2026-03-08 16:09:42,否,-,笑笑砖策略:no_hit(pattern_not_met) | 紫抄:no_hit(template_miss) | 买+红砖石:no_hit(red_ratio_low) | 紫色哭脸:no_hit(template_miss) | 紫色卖出:no_hit(template_miss),
RDW,3h,2026-03-08 16:10:11,否,-,笑笑砖策略:no_hit(pattern_not_met) | 紫抄:no_hit(template_miss) | 买+红砖石:no_hit(red_ratio_low) | 紫色哭脸:no_hit(template_miss) | 紫色卖出:no_hit(template_miss),
RDW,4h,2026-03-08 16:10:45,否,-,笑笑砖策略:no_hit(pattern_not_met) | 紫抄:no_hit(template_miss) | 买+红砖石:no_hit(red_ratio_low) | 紫色哭脸:no_hit(template_miss) | 紫色卖出:no_hit(template_miss),
RGTZ,1h,2026-03-08 16:11:16,否,-,笑笑砖策略:no_hit(pattern_not_met) | 紫抄:no_hit(template_miss) | 买+红砖石:no_hit(red_ratio_low) | 紫色哭脸:no_hit(already_active) | 紫色卖出:no_hit(template_miss),
RGTZ,2h,2026-03-08 16:11:59,否,-,笑笑砖策略:no_hit(pattern_not_met) | 紫抄:no_hit(template_miss) | 买+红砖石:no_hit(red_ratio_low) | 紫色哭脸:no_hit(template_miss) | 紫色卖出:no_hit(template_miss),
RGTZ,3h,2026-03-08 16:12:53,否,-,笑笑砖策略:no_hit(pattern_not_met) | 紫抄:no_hit(template_miss) | 买+红砖石:no_hit(red_ratio_low) | 紫色哭脸:no_hit(purple_ratio_low) | 紫色卖出:no_hit(template_miss),
RGTZ,4h,2026-03-08 16:13:17,否,-,笑笑砖策略:no_hit(pattern_not_met) | 紫抄:no_hit(template_miss) | 买+红砖石:no_hit(red_ratio_low) | 紫色哭脸:no_hit(purple_ratio_low) | 紫色卖出:no_hit(template_miss),
RKLB,1h,2026-03-08 16:14:28,否,-,笑笑砖策略:no_hit(pattern_not_met) | 紫抄:no_hit(template_miss) | 买+红砖石:no_hit(red_ratio_low) | 紫色哭脸:no_hit(template_miss) | 紫色卖出:no_hit(template_miss),
RKLB,2h,2026-03-08 16:15:07,否,-,笑笑砖策略:no_hit(pattern_not_met) | 紫抄:no_hit(template_miss) | 买+红砖石:no_hit(red_ratio_low) | 紫色哭脸:no_hit(already_active) | 紫色卖出:no_hit(template_miss),
RKLB,3h,2026-03-08 16:16:00,否,-,笑笑砖策略:no_hit(pattern_not_met) | 紫抄:no_hit(template_miss) | 买+红砖石:no_hit(red_ratio_low) | 紫色哭脸:no_hit(template_miss) | 紫色卖出:no_hit(template_miss),
RKLB,4h,2026-03-08 16:16:29,否,-,笑笑砖策略:no_hit(pattern_not_met) | 紫抄:no_hit(template_miss) | 买+红砖石:no_hit(red_ratio_low) | 紫色哭脸:no_hit(purple_ratio_low) | 紫色卖出:no_hit(template_miss),
RKLZ,1h,2026-03-08 16:17:01,否,-,笑笑砖策略:no_hit(pattern_not_met) | 紫抄:no_hit(template_miss) | 买+红砖石:no_hit(red_ratio_low) | 紫色哭脸:no_hit(already_active) | 紫色卖出:no_hit(template_miss),
RKLZ,2h,2026-03-08 16:17:35,否,-,笑笑砖策略:no_hit(pattern_not_met) | 紫抄:no_hit(template_miss) | 买+红砖石:no_hit(red_ratio_low) | 紫色哭脸:no_hit(template_miss) | 紫色卖出:no_hit(template_miss),
RKLZ,3h,2026-03-08 16:17:52,否,-,笑笑砖策略:no_hit(pattern_not_met) | 紫抄:no_hit(template_miss) | 买+红砖石:no_hit(red_ratio_low) | 紫色哭脸:no_hit(already_active) | 紫色卖出:no_hit(template_miss),
RKLZ,4h,2026-03-08 16:18:19,否,-,笑笑砖策略:no_hit(pattern_not_met) | 紫抄:no_hit(template_miss) | 买+红砖石:no_hit(red_ratio_low) | 紫色哭脸:no_hit(already_active) | 紫色卖出:no_hit(template_miss),
RZLV,1h,2026-03-08 16:19:23,否,-,笑笑砖策略:no_hit(pattern_not_met) | 紫抄:no_hit(template_miss) | 买+红砖石:no_hit(red_ratio_low) | 紫色哭脸:no_hit(template_miss) | 紫色卖出:no_hit(template_miss),
RZLV,2h,2026-03-08 16:20:10,否,-,笑笑砖策略:no_hit(pattern_not_met) | 紫抄:no_hit(template_miss) | 买+红砖石:no_hit(red_ratio_low) | 紫色哭脸:no_hit(template_miss) | 紫色卖出:no_hit(template_miss),
RZLV,3h,2026-03-08 16:20:27,否,-,笑笑砖策略:no_hit(pattern_not_met) | 紫抄:no_hit(template_miss) | 买+红砖石:no_hit(red_ratio_low) | 紫色哭脸:no_hit(already_active) | 紫色卖出:no_hit(template_miss),
RZLV,4h,2026-03-08 16:21:02,否,-,笑笑砖策略:no_hit(pattern_not_met) | 紫抄:no_hit(template_miss) | 买+红砖石:no_hit(red_ratio_low) | 紫色哭脸:no_hit(template_miss) | 紫色卖出:no_hit(template_miss),
SOXS,1h,2026-03-08 16:21:52,否,-,笑笑砖策略:no_hit(pattern_not_met) | 紫抄:no_hit(template_miss) | 买+红砖石:no_hit(red_ratio_low) | 紫色哭脸:no_hit(template_miss) | 紫色卖出:no_hit(template_miss),
SOXS,2h,2026-03-08 16:22:29,否,-,笑笑砖策略:no_hit(pattern_not_met) | 紫抄:no_hit(template_miss) | 买+红砖石:no_hit(red_ratio_low) | 紫色哭脸:no_hit(template_miss) | 紫色卖出:no_hit(template_miss),
SOXS,3h,2026-03-08 16:22:59,否,-,笑笑砖策略:no_hit(pattern_not_met) | 紫抄:no_hit(template_miss) | 买+红砖石:no_hit(red_ratio_low) | 紫色哭脸:no_hit(template_miss) | 紫色卖出:no_hit(template_miss),
SOXS,4h,2026-03-08 16:23:25,否,-,笑笑砖策略:no_hit(pattern_not_met) | 紫抄:no_hit(template_miss) | 买+红砖石:no_hit(red_ratio_low) | 紫色哭脸:no_hit(purple_ratio_low) | 紫色卖出:no_hit(template_miss),
STM,1h,2026-03-08 16:24:09,否,-,笑笑砖策略:no_hit(pattern_not_met) | 紫抄:no_hit(template_miss) | 买+红砖石:no_hit(red_ratio_low) | 紫色哭脸:no_hit(template_miss) | 紫色卖出:no_hit(template_miss),
STM,2h,2026-03-08 16:24:39,否,-,笑笑砖策略:no_hit(pattern_not_met) | 紫抄:no_hit(template_miss) | 买+红砖石:no_hit(red_ratio_low) | 紫色哭脸:no_hit(template_miss) | 紫色卖出:no_hit(template_miss),
STM,3h,2026-03-08 16:25:39,否,-,笑笑砖策略:no_hit(pattern_not_met) | 紫抄:no_hit(template_miss) | 买+红砖石:no_hit(red_ratio_low) | 紫色哭脸:no_hit(template_miss) | 紫色卖出:no_hit(template_miss),
STM,4h,2026-03-08 16:26:56,否,-,笑笑砖策略:no_hit(pattern_not_met) | 紫抄:no_hit(template_miss) | 买+红砖石:no_hit(red_ratio_low) | 紫色哭脸:no_hit(template_miss) | 紫色卖出:no_hit(template_miss),
TSLA,1h,2026-03-08 16:27:26,否,-,笑笑砖策略:no_hit(pattern_not_met) | 紫抄:no_hit(template_miss) | 买+红砖石:no_hit(template_miss) | 紫色哭脸:no_hit(template_miss) | 紫色卖出:no_hit(template_miss),
TSLA,2h,2026-03-08 16:28:03,否,-,笑笑砖策略:no_hit(pattern_not_met) | 紫抄:no_hit(template_miss) | 买+红砖石:no_hit(red_ratio_low) | 紫色哭脸:no_hit(template_miss) | 紫色卖出:no_hit(template_miss),
TSLA,3h,2026-03-08 16:28:34,否,-,笑笑砖策略:no_hit(pattern_not_met) | 紫抄:no_hit(template_miss) | 买+红砖石:no_hit(template_miss) | 紫色哭脸:no_hit(template_miss) | 紫色卖出:no_hit(template_miss),
TSLA,4h,2026-03-08 16:29:09,否,-,笑笑砖策略:no_hit(pattern_not_met) | 紫抄:no_hit(template_miss) | 买+红砖石:no_hit(red_ratio_low) | 紫色哭脸:no_hit(template_miss) | 紫色卖出:no_hit(template_miss),
TSLQ,1h,2026-03-08 16:29:59,否,-,笑笑砖策略:no_hit(pattern_not_met) | 紫抄:no_hit(template_miss) | 买+红砖石:no_hit(template_miss) | 紫色哭脸:no_hit(template_miss) | 紫色卖出:no_hit(template_miss),
TSLQ,2h,2026-03-08 16:30:45,否,-,笑笑砖策略:no_hit(pattern_not_met) | 紫抄:no_hit(template_miss) | 买+红砖石:no_hit(red_ratio_low) | 紫色哭脸:no_hit(template_miss) | 紫色卖出:no_hit(template_miss),
TSLQ,3h,2026-03-08 16:31:31,否,-,笑笑砖策略:no_hit(pattern_not_met) | 紫抄:no_hit(template_miss) | 买+红砖石:no_hit(red_ratio_low) | 紫色哭脸:no_hit(template_miss) | 紫色卖出:no_hit(template_miss),
TSLQ,4h,2026-03-08 16:32:14,否,-,笑笑砖策略:no_hit(pattern_not_met) | 紫抄:no_hit(template_miss) | 买+红砖石:no_hit(red_ratio_low) | 紫色哭脸:no_hit(template_miss) | 紫色卖出:no_hit(template_miss),
UVIX,1h,2026-03-08 16:32:45,否,-,笑笑砖策略:no_hit(pattern_not_met) | 紫抄:no_hit(template_miss) | 买+红砖石:no_hit(red_ratio_low) | 紫色哭脸:no_hit(template_miss) | 紫色卖出:no_hit(template_miss),
UVIX,2h,2026-03-08 16:33:15,否,-,笑笑砖策略:no_hit(pattern_not_met) | 紫抄:no_hit(template_miss) | 买+红砖石:no_hit(red_ratio_low) | 紫色哭脸:no_hit(template_miss) | 紫色卖出:no_hit(template_miss),
UVIX,3h,2026-03-08 16:33:51,否,-,笑笑砖策略:no_hit(pattern_not_met) | 紫抄:no_hit(template_miss) | 买+红砖石:no_hit(red_ratio_low) | 紫色哭脸:no_hit(template_miss) | 紫色卖出:no_hit(template_miss),
UVIX,4h,2026-03-08 16:34:16,否,-,笑笑砖策略:no_hit(pattern_not_met) | 紫抄:no_hit(template_miss) | 买+红砖石:no_hit(red_ratio_low) | 紫色哭脸:no_hit(purple_ratio_low) | 紫色卖出:no_hit(template_miss),
WDC,1h,2026-03-08 16:34:44,否,-,笑笑砖策略:no_hit(pattern_not_met) | 紫抄:no_hit(template_miss) | 买+红砖石:no_hit(red_ratio_low) | 紫色哭脸:no_hit(template_miss) | 紫色卖出:no_hit(template_miss),
WDC,2h,2026-03-08 16:35:14,否,-,笑笑砖策略:no_hit(pattern_not_met) | 紫抄:no_hit(template_miss) | 买+红砖石:no_hit(red_ratio_low) | 紫色哭脸:no_hit(template_miss) | 紫色卖出:no_hit(template_miss),
WDC,3h,2026-03-08 16:35:44,否,-,笑笑砖策略:no_hit(pattern_not_met) | 紫抄:no_hit(template_miss) | 买+红砖石:no_hit(red_ratio_low) | 紫色哭脸:no_hit(template_miss) | 紫色卖出:no_hit(template_miss),
WDC,4h,2026-03-08 16:36:56,否,-,笑笑砖策略:no_hit(pattern_not_met) | 紫抄:no_hit(template_miss) | 买+红砖石:no_hit(template_miss) | 紫色哭脸:no_hit(template_miss) | 紫色卖出:no_hit(template_miss),
ZSL,1h,2026-03-08 16:37:28,否,-,笑笑砖策略:no_hit(pattern_not_met) | 紫抄:no_hit(template_miss) | 买+红砖石:no_hit(template_miss) | 紫色哭脸:no_hit(template_miss) | 紫色卖出:no_hit(template_miss),
ZSL,2h,2026-03-08 16:38:19,否,-,笑笑砖策略:no_hit(pattern_not_met) | 紫抄:no_hit(template_miss) | 买+红砖石:no_hit(red_ratio_low) | 紫色哭脸:no_hit(purple_ratio_low) | 紫色卖出:no_hit(template_miss),
ZSL,3h,2026-03-08 16:39:43,否,-,笑笑砖策略:no_hit(pattern_not_met) | 紫抄:no_hit(template_miss) | 买+红砖石:no_hit(red_ratio_low) | 紫色哭脸:no_hit(template_miss) | 紫色卖出:no_hit(template_miss),
ZSL,4h,2026-03-08 16:41:08,否,-,笑笑砖策略:no_hit(pattern_not_met) | 紫抄:no_hit(template_miss) | 买+红砖石:no_hit(red_ratio_low) | 紫色哭脸:no_hit(template_miss) | 紫色卖出:no_hit(template_miss),
BILI,1h,2026-03-08 17:00:35,否,-,笑笑砖策略:no_hit(pattern_not_met) | 紫抄:no_hit(template_miss) | 买+红砖石:no_hit(red_ratio_low) | 紫色哭脸:no_hit(template_miss) | 紫色卖出:no_hit(template_miss),
BILI,2h,2026-03-08 17:01:51,否,-,笑笑砖策略:no_hit(pattern_not_met) | 紫抄:no_hit(template_miss) | 买+红砖石:no_hit(template_miss) | 紫色哭脸:no_hit(template_miss) | 紫色卖出:no_hit(template_miss),
BILI,3h,2026-03-08 17:03:06,否,-,笑笑砖策略:no_hit(pattern_not_met) | 紫抄:no_hit(template_miss) | 买+红砖石:no_hit(template_miss) | 紫色哭脸:no_hit(template_miss) | 紫色卖出:no_hit(template_miss),
BILI,4h,2026-03-08 17:04:38,否,-,笑笑砖策略:no_hit(pattern_not_met) | 紫抄:no_hit(template_miss) | 买+红砖石:no_hit(red_ratio_low) | 紫色哭脸:no_hit(template_miss) | 紫色卖出:no_hit(template_miss),
CONI,1h,2026-03-08 17:05:39,否,-,笑笑砖策略:no_hit(pattern_not_met) | 紫抄:no_hit(template_miss) | 买+红砖石:no_hit(red_ratio_low) | 紫色哭脸:no_hit(template_miss) | 紫色卖出:no_hit(template_miss),
CONI,2h,2026-03-08 17:06:30,否,-,笑笑砖策略:no_hit(pattern_not_met) | 紫抄:no_hit(template_miss) | 买+红砖石:no_hit(red_ratio_low) | 紫色哭脸:no_hit(already_active) | 紫色卖出:no_hit(template_miss),
CONI,3h,2026-03-08 17:07:14,否,-,笑笑砖策略:no_hit(pattern_not_met) | 紫抄:no_hit(template_miss) | 买+红砖石:no_hit(red_ratio_low) | 紫色哭脸:no_hit(already_active) | 紫色卖出:no_hit(template_miss),
CONI,4h,2026-03-08 17:08:39,否,-,笑笑砖策略:no_hit(pattern_not_met) | 紫抄:no_hit(template_miss) | 买+红砖石:no_hit(red_ratio_low) | 紫色哭脸:no_hit(template_miss) | 紫色卖出:no_hit(template_miss),
CORD,1h,2026-03-08 17:09:18,否,-,笑笑砖策略:no_hit(pattern_not_met) | 紫抄:no_hit(template_miss) | 买+红砖石:no_hit(red_ratio_low) | 紫色哭脸:no_hit(template_miss) | 紫色卖出:no_hit(template_miss),
CORD,2h,2026-03-08 17:10:05,否,-,笑笑砖策略:no_hit(pattern_not_met) | 紫抄:no_hit(template_miss) | 买+红砖石:no_hit(red_ratio_low) | 紫色哭脸:no_hit(purple_ratio_low) | 紫色卖出:no_hit(template_miss),
CORD,3h,2026-03-08 17:10:49,否,-,笑笑砖策略:no_hit(pattern_not_met) | 紫抄:no_hit(template_miss) | 买+红砖石:no_hit(red_ratio_low) | 紫色哭脸:no_hit(already_active) | 紫色卖出:no_hit(template_miss),
CORD,4h,2026-03-08 17:11:40,否,-,笑笑砖策略:no_hit(pattern_not_met) | 紫抄:no_hit(template_miss) | 买+红砖石:no_hit(red_ratio_low) | 紫色哭脸:no_hit(already_active) | 紫色卖出:no_hit(template_miss),
CRCD,1h,2026-03-08 17:12:26,否,-,笑笑砖策略:no_hit(pattern_not_met) | 紫抄:no_hit(template_miss) | 买+红砖石:no_hit(template_miss) | 紫色哭脸:no_hit(template_miss) | 紫色卖出:no_hit(template_miss),
CRCD,2h,2026-03-08 17:13:25,否,-,笑笑砖策略:no_hit(pattern_not_met) | 紫抄:no_hit(template_miss) | 买+红砖石:no_hit(red_ratio_low) | 紫色哭脸:no_hit(already_active) | 紫色卖出:no_hit(template_miss),
CRCD,3h,2026-03-08 17:14:25,否,-,笑笑砖策略:no_hit(pattern_not_met) | 紫抄:no_hit(template_miss) | 买+红砖石:no_hit(red_ratio_low) | 紫色哭脸:no_hit(already_active) | 紫色卖出:no_hit(template_miss),
CRCD,4h,2026-03-08 17:15:37,否,-,笑笑砖策略:no_hit(pattern_not_met) | 紫抄:no_hit(template_miss) | 买+红砖石:no_hit(red_ratio_low) | 紫色哭脸:no_hit(template_miss) | 紫色卖出:no_hit(template_miss),
CRCL,1h,2026-03-08 17:17:07,否,-,笑笑砖策略:no_hit(pattern_not_met) | 紫抄:no_hit(template_miss) | 买+红砖石:no_hit(red_ratio_low) | 紫色哭脸:no_hit(template_miss) | 紫色卖出:no_hit(template_miss),
CRCL,2h,2026-03-08 17:18:20,否,-,笑笑砖策略:no_hit(pattern_not_met) | 紫抄:no_hit(template_miss) | 买+红砖石:no_hit(red_ratio_low) | 紫色哭脸:no_hit(template_miss) | 紫色卖出:no_hit(template_miss),
CRCL,3h,2026-03-08 17:19:30,否,-,笑笑砖策略:no_hit(pattern_not_met) | 紫抄:no_hit(template_miss) | 买+红砖石:no_hit(red_ratio_low) | 紫色哭脸:no_hit(template_miss) | 紫色卖出:no_hit(template_miss),
CRCL,4h,2026-03-08 17:20:12,否,-,笑笑砖策略:no_hit(pattern_not_met) | 紫抄:no_hit(template_miss) | 买+红砖石:no_hit(red_ratio_low) | 紫色哭脸:no_hit(already_active) | 紫色卖出:no_hit(template_miss),
CRDO,1h,2026-03-08 17:20:42,否,-,笑笑砖策略:no_hit(pattern_not_met) | 紫抄:no_hit(template_miss) | 买+红砖石:no_hit(red_ratio_low) | 紫色哭脸:no_hit(template_miss) | 紫色卖出:no_hit(template_miss),
CRDO,2h,2026-03-08 17:21:14,否,-,笑笑砖策略:no_hit(pattern_not_met) | 紫抄:no_hit(template_miss) | 买+红砖石:no_hit(red_ratio_low) | 紫色哭脸:no_hit(template_miss) | 紫色卖出:no_hit(template_miss),
CRDO,3h,2026-03-08 17:22:29,否,-,笑笑砖策略:no_hit(pattern_not_met) | 紫抄:no_hit(template_miss) | 买+红砖石:no_hit(red_ratio_low) | 紫色哭脸:no_hit(template_miss) | 紫色卖出:no_hit(template_miss),
CRDO,4h,2026-03-08 17:22:57,否,-,笑笑砖策略:no_hit(pattern_not_met) | 紫抄:no_hit(template_miss) | 买+红砖石:no_hit(red_ratio_low) | 紫色哭脸:no_hit(template_miss) | 紫色卖出:no_hit(template_miss),
CRML,1h,2026-03-08 17:23:16,否,-,笑笑砖策略:no_hit(pattern_not_met) | 紫抄:no_hit(template_miss) | 买+红砖石:no_hit(red_ratio_low) | 紫色哭脸:no_hit(template_miss) | 紫色卖出:no_hit(template_miss),
CRML,2h,2026-03-08 17:23:37,否,-,笑笑砖策略:no_hit(pattern_not_met) | 紫抄:no_hit(template_miss) | 买+红砖石:no_hit(red_ratio_low) | 紫色哭脸:no_hit(template_miss) | 紫色卖出:no_hit(template_miss),
CRML,3h,2026-03-08 17:23:58,否,-,笑笑砖策略:no_hit(pattern_not_met) | 紫抄:no_hit(template_miss) | 买+红砖石:no_hit(red_ratio_low) | 紫色哭脸:no_hit(template_miss) | 紫色卖出:no_hit(template_miss),
CRML,4h,2026-03-08 17:24:55,否,-,笑笑砖策略:no_hit(pattern_not_met) | 紫抄:no_hit(template_miss) | 买+红砖石:no_hit(red_ratio_low) | 紫色哭脸:no_hit(template_miss) | 紫色卖出:no_hit(template_miss),
DJT,1h,2026-03-08 17:25:18,否,-,笑笑砖策略:no_hit(pattern_not_met) | 紫抄:no_hit(template_miss) | 买+红砖石:no_hit(red_ratio_low) | 紫色哭脸:no_hit(template_miss) | 紫色卖出:no_hit(template_miss),
DJT,2h,2026-03-08 17:26:49,否,-,笑笑砖策略:no_hit(pattern_not_met) | 紫抄:no_hit(template_miss) | 买+红砖石:no_hit(red_ratio_low) | 紫色哭脸:no_hit(template_miss) | 紫色卖出:no_hit(template_miss),
DJT,3h,2026-03-08 17:27:29,否,-,笑笑砖策略:no_hit(pattern_not_met) | 紫抄:no_hit(template_miss) | 买+红砖石:no_hit(red_ratio_low) | 紫色哭脸:no_hit(template_miss) | 紫色卖出:no_hit(template_miss),
DJT,4h,2026-03-08 17:29:01,否,-,笑笑砖策略:no_hit(pattern_not_met) | 紫抄:no_hit(template_miss) | 买+红砖石:no_hit(red_ratio_low) | 紫色哭脸:no_hit(template_miss) | 紫色卖出:no_hit(template_miss),
DPST,1h,2026-03-08 17:30:11,否,-,笑笑砖策略:no_hit(pattern_not_met) | 紫抄:no_hit(template_miss) | 买+红砖石:no_hit(template_miss) | 紫色哭脸:no_hit(template_miss) | 紫色卖出:no_hit(template_miss),
DPST,2h,2026-03-08 17:30:48,否,-,笑笑砖策略:no_hit(pattern_not_met) | 紫抄:no_hit(template_miss) | 买+红砖石:no_hit(red_ratio_low) | 紫色哭脸:no_hit(template_miss) | 紫色卖出:no_hit(template_miss),
DPST,3h,2026-03-08 17:31:12,否,-,笑笑砖策略:no_hit(pattern_not_met) | 紫抄:no_hit(template_miss) | 买+红砖石:no_hit(red_ratio_low) | 紫色哭脸:no_hit(template_miss) | 紫色卖出:no_hit(template_miss),
DPST,4h,2026-03-08 17:31:32,否,-,笑笑砖策略:no_hit(pattern_not_met) | 紫抄:no_hit(template_miss) | 买+红砖石:no_hit(red_ratio_low) | 紫色哭脸:no_hit(purple_ratio_low) | 紫色卖出:no_hit(template_miss),
INTC,1h,2026-03-08 17:32:10,否,-,笑笑砖策略:no_hit(pattern_not_met) | 紫抄:no_hit(template_miss) | 买+红砖石:no_hit(red_ratio_low) | 紫色哭脸:no_hit(template_miss) | 紫色卖出:no_hit(template_miss),
INTC,2h,2026-03-08 17:32:50,否,-,笑笑砖策略:no_hit(pattern_not_met) | 紫抄:no_hit(template_miss) | 买+红砖石:no_hit(red_ratio_low) | 紫色哭脸:no_hit(template_miss) | 紫色卖出:no_hit(template_miss),
INTC,3h,2026-03-08 17:34:13,否,-,笑笑砖策略:no_hit(pattern_not_met) | 紫抄:no_hit(template_miss) | 买+红砖石:no_hit(red_ratio_low) | 紫色哭脸:no_hit(template_miss) | 紫色卖出:no_hit(template_miss),
INTC,4h,2026-03-08 17:34:31,否,-,笑笑砖策略:no_hit(pattern_not_met) | 紫抄:no_hit(template_miss) | 买+红砖石:no_hit(red_ratio_low) | 紫色哭脸:no_hit(already_active) | 紫色卖出:no_hit(template_miss),
KOLD,1h,2026-03-08 17:35:20,否,-,笑笑砖策略:no_hit(pattern_not_met) | 紫抄:no_hit(template_miss) | 买+红砖石:no_hit(red_ratio_low) | 紫色哭脸:no_hit(template_miss) | 紫色卖出:no_hit(template_miss),
KOLD,2h,2026-03-08 17:35:45,否,-,笑笑砖策略:no_hit(pattern_not_met) | 紫抄:no_hit(template_miss) | 买+红砖石:no_hit(red_ratio_low) | 紫色哭脸:no_hit(template_miss) | 紫色卖出:no_hit(template_miss),
KOLD,3h,2026-03-08 17:36:58,否,-,笑笑砖策略:no_hit(pattern_not_met) | 紫抄:no_hit(template_miss) | 买+红砖石:no_hit(red_ratio_low) | 紫色哭脸:no_hit(template_miss) | 紫色卖出:no_hit(template_miss),
KOLD,4h,2026-03-08 17:37:20,否,-,笑笑砖策略:no_hit(pattern_not_met) | 紫抄:no_hit(template_miss) | 买+红砖石:no_hit(red_ratio_low) | 紫色哭脸:no_hit(template_miss) | 紫色卖出:no_hit(template_miss),
LMND,1h,2026-03-08 17:38:12,否,-,笑笑砖策略:no_hit(pattern_not_met) | 紫抄:no_hit(template_miss) | 买+红砖石:no_hit(red_ratio_low) | 紫色哭脸:no_hit(template_miss) | 紫色卖出:no_hit(template_miss),
LMND,2h,2026-03-08 17:38:51,否,-,笑笑砖策略:no_hit(pattern_not_met) | 紫抄:no_hit(template_miss) | 买+红砖石:no_hit(red_ratio_low) | 紫色哭脸:no_hit(already_active) | 紫色卖出:no_hit(template_miss),
LMND,3h,2026-03-08 17:40:19,否,-,笑笑砖策略:no_hit(pattern_not_met) | 紫抄:no_hit(template_miss) | 买+红砖石:no_hit(template_miss) | 紫色哭脸:no_hit(template_miss) | 紫色卖出:no_hit(template_miss),
LMND,4h,2026-03-08 17:40:51,否,-,笑笑砖策略:no_hit(pattern_not_met) | 紫抄:no_hit(template_miss) | 买+红砖石:no_hit(red_ratio_low) | 紫色哭脸:no_hit(already_active) | 紫色卖出:no_hit(template_miss),
MP,1h,2026-03-08 17:41:46,否,-,笑笑砖策略:no_hit(pattern_not_met) | 紫抄:no_hit(template_miss) | 买+红砖石:no_hit(template_miss) | 紫色哭脸:no_hit(template_miss) | 紫色卖出:no_hit(template_miss),
MP,2h,2026-03-08 17:42:40,否,-,笑笑砖策略:no_hit(pattern_not_met) | 紫抄:no_hit(template_miss) | 买+红砖石:no_hit(template_miss) | 紫色哭脸:no_hit(template_miss) | 紫色卖出:no_hit(template_miss),
MP,3h,2026-03-08 17:43:43,否,-,笑笑砖策略:no_hit(pattern_not_met) | 紫抄:no_hit(template_miss) | 买+红砖石:no_hit(template_miss) | 紫色哭脸:no_hit(template_miss) | 紫色卖出:no_hit(template_miss),
MP,4h,2026-03-08 17:44:04,是,笑笑砖策略,笑笑砖策略:hit(repeat_suppressed) | 紫抄:no_hit(template_miss) | 买+红砖石:no_hit(buy_red_no_pair) | 紫色哭脸:no_hit(purple_ratio_low) | 紫色卖出:no_hit(template_miss),C:\Users\Administrator\Desktop\futu_combo_watch\output\hit_MP_4h_buy_core_20260308_174343.png
MU,1h,2026-03-08 17:44:36,否,-,笑笑砖策略:no_hit(pattern_not_met) | 紫抄:no_hit(template_miss) | 买+红砖石:no_hit(red_ratio_low) | 紫色哭脸:no_hit(template_miss) | 紫色卖出:no_hit(template_miss),
MU,2h,2026-03-08 17:45:12,否,-,笑笑砖策略:no_hit(pattern_not_met) | 紫抄:no_hit(template_miss) | 买+红砖石:no_hit(red_ratio_low) | 紫色哭脸:no_hit(template_miss) | 紫色卖出:no_hit(template_miss),
MU,3h,2026-03-08 17:45:49,否,-,笑笑砖策略:no_hit(pattern_not_met) | 紫抄:no_hit(template_miss) | 买+红砖石:no_hit(red_ratio_low) | 紫色哭脸:no_hit(template_miss) | 紫色卖出:no_hit(template_miss),
MU,4h,2026-03-08 17:46:26,否,-,笑笑砖策略:no_hit(pattern_not_met) | 紫抄:no_hit(template_miss) | 买+红砖石:no_hit(red_ratio_low) | 紫色哭脸:no_hit(template_miss) | 紫色卖出:no_hit(template_miss),
NBIS,1h,2026-03-08 17:47:05,否,-,笑笑砖策略:no_hit(pattern_not_met) | 紫抄:no_hit(template_miss) | 买+红砖石:no_hit(red_ratio_low) | 紫色哭脸:no_hit(template_miss) | 紫色卖出:no_hit(template_miss),
NBIS,2h,2026-03-08 17:48:17,否,-,笑笑砖策略:no_hit(pattern_not_met) | 紫抄:no_hit(template_miss) | 买+红砖石:no_hit(red_ratio_low) | 紫色哭脸:no_hit(template_miss) | 紫色卖出:no_hit(template_miss),
NBIS,3h,2026-03-08 17:48:40,否,-,笑笑砖策略:no_hit(pattern_not_met) | 紫抄:no_hit(template_miss) | 买+红砖石:no_hit(red_ratio_low) | 紫色哭脸:no_hit(purple_ratio_low) | 紫色卖出:no_hit(template_miss),
NBIS,4h,2026-03-08 17:50:06,否,-,笑笑砖策略:no_hit(pattern_not_met) | 紫抄:no_hit(template_miss) | 买+红砖石:no_hit(red_ratio_low) | 紫色哭脸:no_hit(template_miss) | 紫色卖出:no_hit(template_miss),
NBIZ,1h,2026-03-08 17:51:08,否,-,笑笑砖策略:no_hit(pattern_not_met) | 紫抄:no_hit(template_miss) | 买+红砖石:no_hit(red_ratio_low) | 紫色哭脸:no_hit(template_miss) | 紫色卖出:no_hit(template_miss),
NBIZ,2h,2026-03-08 17:51:54,否,-,笑笑砖策略:no_hit(pattern_not_met) | 紫抄:no_hit(template_miss) | 买+红砖石:no_hit(template_miss) | 紫色哭脸:no_hit(template_miss) | 紫色卖出:no_hit(template_miss),
NBIZ,3h,2026-03-08 17:53:30,否,-,笑笑砖策略:no_hit(pattern_not_met) | 紫抄:no_hit(template_miss) | 买+红砖石:no_hit(template_miss) | 紫色哭脸:no_hit(template_miss) | 紫色卖出:no_hit(template_miss),
NBIZ,4h,2026-03-08 17:54:41,否,-,笑笑砖策略:no_hit(pattern_not_met) | 紫抄:no_hit(template_miss) | 买+红砖石:no_hit(template_miss) | 紫色哭脸:no_hit(template_miss) | 紫色卖出:no_hit(template_miss),
NVDA,1h,2026-03-08 17:55:19,否,-,笑笑砖策略:no_hit(pattern_not_met) | 紫抄:no_hit(template_miss) | 买+红砖石:no_hit(red_ratio_low) | 紫色哭脸:no_hit(template_miss) | 紫色卖出:no_hit(template_miss),
NVDA,2h,2026-03-08 17:55:59,否,-,笑笑砖策略:no_hit(pattern_not_met) | 紫抄:no_hit(template_miss) | 买+红砖石:no_hit(template_miss) | 紫色哭脸:no_hit(template_miss) | 紫色卖出:no_hit(template_miss),
NVDA,3h,2026-03-08 17:56:29,否,-,笑笑砖策略:no_hit(pattern_not_met) | 紫抄:no_hit(template_miss) | 买+红砖石:no_hit(template_miss) | 紫色哭脸:no_hit(template_miss) | 紫色卖出:no_hit(template_miss),
NVDA,4h,2026-03-08 17:57:56,否,-,笑笑砖策略:no_hit(pattern_not_met) | 紫抄:no_hit(template_miss) | 买+红砖石:no_hit(template_miss) | 紫色哭脸:no_hit(template_miss) | 紫色卖出:no_hit(template_miss),
OKLO,1h,2026-03-08 17:58:37,否,-,笑笑砖策略:no_hit(pattern_not_met) | 紫抄:no_hit(template_miss) | 买+红砖石:no_hit(red_ratio_low) | 紫色哭脸:no_hit(template_miss) | 紫色卖出:no_hit(template_miss),
OKLO,2h,2026-03-08 17:59:14,否,-,笑笑砖策略:no_hit(pattern_not_met) | 紫抄:no_hit(template_miss) | 买+红砖石:no_hit(red_ratio_low) | 紫色哭脸:no_hit(template_miss) | 紫色卖出:no_hit(template_miss),
OKLO,3h,2026-03-08 17:59:46,否,-,笑笑砖策略:no_hit(pattern_not_met) | 紫抄:no_hit(template_miss) | 买+红砖石:no_hit(red_ratio_low) | 紫色哭脸:no_hit(template_miss) | 紫色卖出:no_hit(template_miss),
OKLO,4h,2026-03-08 18:01:11,否,-,笑笑砖策略:no_hit(pattern_not_met) | 紫抄:no_hit(template_miss) | 买+红砖石:no_hit(red_ratio_low) | 紫色哭脸:no_hit(template_miss) | 紫色卖出:no_hit(template_miss),
OKLS,1h,2026-03-08 18:02:01,否,-,笑笑砖策略:no_hit(pattern_not_met) | 紫抄:no_hit(template_miss) | 买+红砖石:no_hit(red_ratio_low) | 紫色哭脸:no_hit(template_miss) | 紫色卖出:no_hit(template_miss),
OKLS,2h,2026-03-08 18:02:59,否,-,笑笑砖策略:no_hit(pattern_not_met) | 紫抄:no_hit(template_miss) | 买+红砖石:no_hit(red_ratio_low) | 紫色哭脸:no_hit(template_miss) | 紫色卖出:no_hit(template_miss),
OKLS,3h,2026-03-08 18:03:36,否,-,笑笑砖策略:no_hit(pattern_not_met) | 紫抄:no_hit(template_miss) | 买+红砖石:no_hit(red_ratio_low) | 紫色哭脸:no_hit(template_miss) | 紫色卖出:no_hit(template_miss),
OKLS,4h,2026-03-08 18:04:34,否,-,笑笑砖策略:no_hit(pattern_not_met) | 紫抄:no_hit(template_miss) | 买+红砖石:no_hit(red_ratio_low) | 紫色哭脸:no_hit(template_miss) | 紫色卖出:no_hit(template_miss),
PLTR,1h,2026-03-08 18:05:56,否,-,笑笑砖策略:no_hit(pattern_not_met) | 紫抄:no_hit(template_miss) | 买+红砖石:no_hit(red_ratio_low) | 紫色哭脸:no_hit(template_miss) | 紫色卖出:no_hit(template_miss),
PLTR,2h,2026-03-08 18:07:11,否,-,笑笑砖策略:no_hit(pattern_not_met) | 紫抄:no_hit(template_miss) | 买+红砖石:no_hit(template_miss) | 紫色哭脸:no_hit(template_miss) | 紫色卖出:no_hit(template_miss),
PLTR,3h,2026-03-08 18:08:23,否,-,笑笑砖策略:no_hit(pattern_not_met) | 紫抄:no_hit(template_miss) | 买+红砖石:no_hit(template_miss) | 紫色哭脸:no_hit(template_miss) | 紫色卖出:no_hit(template_miss),
PLTR,4h,2026-03-08 18:09:49,否,-,笑笑砖策略:no_hit(pattern_not_met) | 紫抄:no_hit(template_miss) | 买+红砖石:no_hit(template_miss) | 紫色哭脸:no_hit(template_miss) | 紫色卖出:no_hit(template_miss),
PLTZ,1h,2026-03-08 18:11:16,否,-,笑笑砖策略:no_hit(pattern_not_met) | 紫抄:no_hit(template_miss) | 买+红砖石:no_hit(red_ratio_low) | 紫色哭脸:no_hit(template_miss) | 紫色卖出:no_hit(template_miss),
PLTZ,2h,2026-03-08 18:12:32,否,-,笑笑砖策略:no_hit(pattern_not_met) | 紫抄:no_hit(template_miss) | 买+红砖石:no_hit(template_miss) | 紫色哭脸:no_hit(template_miss) | 紫色卖出:no_hit(template_miss),
PLTZ,3h,2026-03-08 18:13:45,否,-,笑笑砖策略:no_hit(pattern_not_met) | 紫抄:no_hit(template_miss) | 买+红砖石:no_hit(red_ratio_low) | 紫色哭脸:no_hit(template_miss) | 紫色卖出:no_hit(template_miss),
PLTZ,4h,2026-03-08 18:14:08,否,-,笑笑砖策略:no_hit(pattern_not_met) | 紫抄:no_hit(template_miss) | 买+红砖石:no_hit(red_ratio_low) | 紫色哭脸:no_hit(template_miss) | 紫色卖出:no_hit(template_miss),
RDW,1h,2026-03-08 18:14:48,否,-,笑笑砖策略:no_hit(pattern_not_met) | 紫抄:no_hit(template_miss) | 买+红砖石:no_hit(red_ratio_low) | 紫色哭脸:no_hit(template_miss) | 紫色卖出:no_hit(template_miss),
RDW,2h,2026-03-08 18:15:20,否,-,笑笑砖策略:no_hit(pattern_not_met) | 紫抄:no_hit(template_miss) | 买+红砖石:no_hit(red_ratio_low) | 紫色哭脸:no_hit(template_miss) | 紫色卖出:no_hit(template_miss),
RDW,3h,2026-03-08 18:15:51,否,-,笑笑砖策略:no_hit(pattern_not_met) | 紫抄:no_hit(template_miss) | 买+红砖石:no_hit(red_ratio_low) | 紫色哭脸:no_hit(template_miss) | 紫色卖出:no_hit(template_miss),
RDW,4h,2026-03-08 18:16:27,否,-,笑笑砖策略:no_hit(pattern_not_met) | 紫抄:no_hit(template_miss) | 买+红砖石:no_hit(red_ratio_low) | 紫色哭脸:no_hit(template_miss) | 紫色卖出:no_hit(template_miss),
RGTZ,1h,2026-03-08 18:17:01,否,-,笑笑砖策略:no_hit(pattern_not_met) | 紫抄:no_hit(template_miss) | 买+红砖石:no_hit(red_ratio_low) | 紫色哭脸:no_hit(already_active) | 紫色卖出:no_hit(template_miss),
RGTZ,2h,2026-03-08 18:17:48,否,-,笑笑砖策略:no_hit(pattern_not_met) | 紫抄:no_hit(template_miss) | 买+红砖石:no_hit(red_ratio_low) | 紫色哭脸:no_hit(template_miss) | 紫色卖出:no_hit(template_miss),
RGTZ,3h,2026-03-08 18:18:46,否,-,笑笑砖策略:no_hit(pattern_not_met) | 紫抄:no_hit(template_miss) | 买+红砖石:no_hit(red_ratio_low) | 紫色哭脸:no_hit(purple_ratio_low) | 紫色卖出:no_hit(template_miss),
RGTZ,4h,2026-03-08 18:19:12,否,-,笑笑砖策略:no_hit(pattern_not_met) | 紫抄:no_hit(template_miss) | 买+红砖石:no_hit(red_ratio_low) | 紫色哭脸:no_hit(purple_ratio_low) | 紫色卖出:no_hit(template_miss),
RKLB,1h,2026-03-08 18:20:30,否,-,笑笑砖策略:no_hit(pattern_not_met) | 紫抄:no_hit(template_miss) | 买+红砖石:no_hit(red_ratio_low) | 紫色哭脸:no_hit(template_miss) | 紫色卖出:no_hit(template_miss),
RKLB,2h,2026-03-08 18:21:12,否,-,笑笑砖策略:no_hit(pattern_not_met) | 紫抄:no_hit(template_miss) | 买+红砖石:no_hit(red_ratio_low) | 紫色哭脸:no_hit(already_active) | 紫色卖出:no_hit(template_miss),
RKLB,3h,2026-03-08 18:22:10,否,-,笑笑砖策略:no_hit(pattern_not_met) | 紫抄:no_hit(template_miss) | 买+红砖石:no_hit(red_ratio_low) | 紫色哭脸:no_hit(template_miss) | 紫色卖出:no_hit(template_miss),
RKLB,4h,2026-03-08 18:22:40,否,-,笑笑砖策略:no_hit(pattern_not_met) | 紫抄:no_hit(template_miss) | 买+红砖石:no_hit(red_ratio_low) | 紫色哭脸:no_hit(purple_ratio_low) | 紫色卖出:no_hit(template_miss),
RKLZ,1h,2026-03-08 18:23:14,否,-,笑笑砖策略:no_hit(pattern_not_met) | 紫抄:no_hit(template_miss) | 买+红砖石:no_hit(red_ratio_low) | 紫色哭脸:no_hit(already_active) | 紫色卖出:no_hit(template_miss),
RKLZ,2h,2026-03-08 18:23:51,否,-,笑笑砖策略:no_hit(pattern_not_met) | 紫抄:no_hit(template_miss) | 买+红砖石:no_hit(red_ratio_low) | 紫色哭脸:no_hit(template_miss) | 紫色卖出:no_hit(template_miss),
RKLZ,3h,2026-03-08 18:24:09,否,-,笑笑砖策略:no_hit(pattern_not_met) | 紫抄:no_hit(template_miss) | 买+红砖石:no_hit(red_ratio_low) | 紫色哭脸:no_hit(already_active) | 紫色卖出:no_hit(template_miss),
RKLZ,4h,2026-03-08 18:24:37,否,-,笑笑砖策略:no_hit(pattern_not_met) | 紫抄:no_hit(template_miss) | 买+红砖石:no_hit(red_ratio_low) | 紫色哭脸:no_hit(already_active) | 紫色卖出:no_hit(template_miss),
RZLV,1h,2026-03-08 18:25:47,否,-,笑笑砖策略:no_hit(pattern_not_met) | 紫抄:no_hit(template_miss) | 买+红砖石:no_hit(red_ratio_low) | 紫色哭脸:no_hit(template_miss) | 紫色卖出:no_hit(template_miss),
RZLV,2h,2026-03-08 18:26:38,否,-,笑笑砖策略:no_hit(pattern_not_met) | 紫抄:no_hit(template_miss) | 买+红砖石:no_hit(red_ratio_low) | 紫色哭脸:no_hit(template_miss) | 紫色卖出:no_hit(template_miss),
RZLV,3h,2026-03-08 18:26:56,否,-,笑笑砖策略:no_hit(pattern_not_met) | 紫抄:no_hit(template_miss) | 买+红砖石:no_hit(red_ratio_low) | 紫色哭脸:no_hit(already_active) | 紫色卖出:no_hit(template_miss),
RZLV,4h,2026-03-08 18:27:34,否,-,笑笑砖策略:no_hit(pattern_not_met) | 紫抄:no_hit(template_miss) | 买+红砖石:no_hit(red_ratio_low) | 紫色哭脸:no_hit(template_miss) | 紫色卖出:no_hit(template_miss),
SOXS,1h,2026-03-08 18:28:27,否,-,笑笑砖策略:no_hit(pattern_not_met) | 紫抄:no_hit(template_miss) | 买+红砖石:no_hit(red_ratio_low) | 紫色哭脸:no_hit(template_miss) | 紫色卖出:no_hit(template_miss),
SOXS,2h,2026-03-08 18:29:07,否,-,笑笑砖策略:no_hit(pattern_not_met) | 紫抄:no_hit(template_miss) | 买+红砖石:no_hit(red_ratio_low) | 紫色哭脸:no_hit(template_miss) | 紫色卖出:no_hit(template_miss),
SOXS,3h,2026-03-08 18:29:39,否,-,笑笑砖策略:no_hit(pattern_not_met) | 紫抄:no_hit(template_miss) | 买+红砖石:no_hit(red_ratio_low) | 紫色哭脸:no_hit(template_miss) | 紫色卖出:no_hit(template_miss),
SOXS,4h,2026-03-08 18:30:07,否,-,笑笑砖策略:no_hit(pattern_not_met) | 紫抄:no_hit(template_miss) | 买+红砖石:no_hit(red_ratio_low) | 紫色哭脸:no_hit(purple_ratio_low) | 紫色卖出:no_hit(template_miss),
STM,1h,2026-03-08 18:30:55,否,-,笑笑砖策略:no_hit(pattern_not_met) | 紫抄:no_hit(template_miss) | 买+红砖石:no_hit(red_ratio_low) | 紫色哭脸:no_hit(template_miss) | 紫色卖出:no_hit(template_miss),
STM,2h,2026-03-08 18:31:27,否,-,笑笑砖策略:no_hit(pattern_not_met) | 紫抄:no_hit(template_miss) | 买+红砖石:no_hit(red_ratio_low) | 紫色哭脸:no_hit(template_miss) | 紫色卖出:no_hit(template_miss),
STM,3h,2026-03-08 18:32:32,否,-,笑笑砖策略:no_hit(pattern_not_met) | 紫抄:no_hit(template_miss) | 买+红砖石:no_hit(red_ratio_low) | 紫色哭脸:no_hit(template_miss) | 紫色卖出:no_hit(template_miss),
STM,4h,2026-03-08 18:33:57,否,-,笑笑砖策略:no_hit(pattern_not_met) | 紫抄:no_hit(template_miss) | 买+红砖石:no_hit(red_ratio_low) | 紫色哭脸:no_hit(template_miss) | 紫色卖出:no_hit(template_miss),
TSLA,1h,2026-03-08 18:34:29,否,-,笑笑砖策略:no_hit(pattern_not_met) | 紫抄:no_hit(template_miss) | 买+红砖石:no_hit(template_miss) | 紫色哭脸:no_hit(template_miss) | 紫色卖出:no_hit(template_miss),
TSLA,2h,2026-03-08 18:35:08,否,-,笑笑砖策略:no_hit(pattern_not_met) | 紫抄:no_hit(template_miss) | 买+红砖石:no_hit(red_ratio_low) | 紫色哭脸:no_hit(template_miss) | 紫色卖出:no_hit(template_miss),
TSLA,3h,2026-03-08 18:35:41,否,-,笑笑砖策略:no_hit(pattern_not_met) | 紫抄:no_hit(template_miss) | 买+红砖石:no_hit(template_miss) | 紫色哭脸:no_hit(template_miss) | 紫色卖出:no_hit(template_miss),
TSLA,4h,2026-03-08 18:36:19,否,-,笑笑砖策略:no_hit(pattern_not_met) | 紫抄:no_hit(template_miss) | 买+红砖石:no_hit(red_ratio_low) | 紫色哭脸:no_hit(template_miss) | 紫色卖出:no_hit(template_miss),
TSLQ,1h,2026-03-08 18:37:21,否,-,笑笑砖策略:no_hit(pattern_not_met) | 紫抄:no_hit(template_miss) | 买+红砖石:no_hit(template_miss) | 紫色哭脸:no_hit(template_miss) | 紫色卖出:no_hit(template_miss),
TSLQ,2h,2026-03-08 18:38:11,否,-,笑笑砖策略:no_hit(pattern_not_met) | 紫抄:no_hit(template_miss) | 买+红砖石:no_hit(red_ratio_low) | 紫色哭脸:no_hit(template_miss) | 紫色卖出:no_hit(template_miss),
TSLQ,3h,2026-03-08 18:39:00,否,-,笑笑砖策略:no_hit(pattern_not_met) | 紫抄:no_hit(template_miss) | 买+红砖石:no_hit(red_ratio_low) | 紫色哭脸:no_hit(template_miss) | 紫色卖出:no_hit(template_miss),
TSLQ,4h,2026-03-08 18:39:45,否,-,笑笑砖策略:no_hit(pattern_not_met) | 紫抄:no_hit(template_miss) | 买+红砖石:no_hit(red_ratio_low) | 紫色哭脸:no_hit(template_miss) | 紫色卖出:no_hit(template_miss),
UVIX,1h,2026-03-08 18:40:19,否,-,笑笑砖策略:no_hit(pattern_not_met) | 紫抄:no_hit(template_miss) | 买+红砖石:no_hit(red_ratio_low) | 紫色哭脸:no_hit(template_miss) | 紫色卖出:no_hit(template_miss),
UVIX,2h,2026-03-08 18:40:51,否,-,笑笑砖策略:no_hit(pattern_not_met) | 紫抄:no_hit(template_miss) | 买+红砖石:no_hit(red_ratio_low) | 紫色哭脸:no_hit(template_miss) | 紫色卖出:no_hit(template_miss),
UVIX,3h,2026-03-08 18:41:26,否,-,笑笑砖策略:no_hit(pattern_not_met) | 紫抄:no_hit(template_miss) | 买+红砖石:no_hit(red_ratio_low) | 紫色哭脸:no_hit(template_miss) | 紫色卖出:no_hit(template_miss),
UVIX,4h,2026-03-08 18:41:51,否,-,笑笑砖策略:no_hit(pattern_not_met) | 紫抄:no_hit(template_miss) | 买+红砖石:no_hit(red_ratio_low) | 紫色哭脸:no_hit(purple_ratio_low) | 紫色卖出:no_hit(template_miss),
WDC,1h,2026-03-08 18:42:21,否,-,笑笑砖策略:no_hit(pattern_not_met) | 紫抄:no_hit(template_miss) | 买+红砖石:no_hit(red_ratio_low) | 紫色哭脸:no_hit(template_miss) | 紫色卖出:no_hit(template_miss),
WDC,2h,2026-03-08 18:42:51,否,-,笑笑砖策略:no_hit(pattern_not_met) | 紫抄:no_hit(template_miss) | 买+红砖石:no_hit(red_ratio_low) | 紫色哭脸:no_hit(template_miss) | 紫色卖出:no_hit(template_miss),
WDC,3h,2026-03-08 18:43:21,否,-,笑笑砖策略:no_hit(pattern_not_met) | 紫抄:no_hit(template_miss) | 买+红砖石:no_hit(red_ratio_low) | 紫色哭脸:no_hit(template_miss) | 紫色卖出:no_hit(template_miss),
WDC,4h,2026-03-08 18:44:34,否,-,笑笑砖策略:no_hit(pattern_not_met) | 紫抄:no_hit(template_miss) | 买+红砖石:no_hit(template_miss) | 紫色哭脸:no_hit(template_miss) | 紫色卖出:no_hit(template_miss),
ZSL,1h,2026-03-08 18:45:07,否,-,笑笑砖策略:no_hit(pattern_not_met) | 紫抄:no_hit(template_miss) | 买+红砖石:no_hit(template_miss) | 紫色哭脸:no_hit(template_miss) | 紫色卖出:no_hit(template_miss),
ZSL,2h,2026-03-08 18:45:58,否,-,笑笑砖策略:no_hit(pattern_not_met) | 紫抄:no_hit(template_miss) | 买+红砖石:no_hit(red_ratio_low) | 紫色哭脸:no_hit(purple_ratio_low) | 紫色卖出:no_hit(template_miss),
ZSL,3h,2026-03-08 18:47:22,否,-,笑笑砖策略:no_hit(pattern_not_met) | 紫抄:no_hit(template_miss) | 买+红砖石:no_hit(red_ratio_low) | 紫色哭脸:no_hit(template_miss) | 紫色卖出:no_hit(template_miss),
ZSL,4h,2026-03-08 18:48:46,否,-,笑笑砖策略:no_hit(pattern_not_met) | 紫抄:no_hit(template_miss) | 买+红砖石:no_hit(red_ratio_low) | 紫色哭脸:no_hit(template_miss) | 紫色卖出:no_hit(template_miss),
BILI,1h,2026-03-08 19:00:29,否,-,笑笑砖策略:no_hit(pattern_not_met) | 紫抄:no_hit(template_miss) | 买+红砖石:no_hit(red_ratio_low) | 紫色哭脸:no_hit(template_miss) | 紫色卖出:no_hit(template_miss),
BILI,2h,2026-03-08 19:01:38,否,-,笑笑砖策略:no_hit(pattern_not_met) | 紫抄:no_hit(template_miss) | 买+红砖石:no_hit(template_miss) | 紫色哭脸:no_hit(template_miss) | 紫色卖出:no_hit(template_miss),
BILI,3h,2026-03-08 19:02:47,否,-,笑笑砖策略:no_hit(pattern_not_met) | 紫抄:no_hit(template_miss) | 买+红砖石:no_hit(template_miss) | 紫色哭脸:no_hit(template_miss) | 紫色卖出:no_hit(template_miss),
BILI,4h,2026-03-08 19:04:12,否,-,笑笑砖策略:no_hit(pattern_not_met) | 紫抄:no_hit(template_miss) | 买+红砖石:no_hit(red_ratio_low) | 紫色哭脸:no_hit(template_miss) | 紫色卖出:no_hit(template_miss),
CONI,1h,2026-03-08 19:05:07,否,-,笑笑砖策略:no_hit(pattern_not_met) | 紫抄:no_hit(template_miss) | 买+红砖石:no_hit(red_ratio_low) | 紫色哭脸:no_hit(template_miss) | 紫色卖出:no_hit(template_miss),
CONI,2h,2026-03-08 19:05:54,否,-,笑笑砖策略:no_hit(pattern_not_met) | 紫抄:no_hit(template_miss) | 买+红砖石:no_hit(red_ratio_low) | 紫色哭脸:no_hit(already_active) | 紫色卖出:no_hit(template_miss),
CONI,3h,2026-03-08 19:06:35,否,-,笑笑砖策略:no_hit(pattern_not_met) | 紫抄:no_hit(template_miss) | 买+红砖石:no_hit(red_ratio_low) | 紫色哭脸:no_hit(already_active) | 紫色卖出:no_hit(template_miss),
CONI,4h,2026-03-08 19:07:52,否,-,笑笑砖策略:no_hit(pattern_not_met) | 紫抄:no_hit(template_miss) | 买+红砖石:no_hit(red_ratio_low) | 紫色哭脸:no_hit(template_miss) | 紫色卖出:no_hit(template_miss),
CORD,1h,2026-03-08 19:08:28,否,-,笑笑砖策略:no_hit(pattern_not_met) | 紫抄:no_hit(template_miss) | 买+红砖石:no_hit(red_ratio_low) | 紫色哭脸:no_hit(template_miss) | 紫色卖出:no_hit(template_miss),
CORD,2h,2026-03-08 19:09:12,否,-,笑笑砖策略:no_hit(pattern_not_met) | 紫抄:no_hit(template_miss) | 买+红砖石:no_hit(red_ratio_low) | 紫色哭脸:no_hit(purple_ratio_low) | 紫色卖出:no_hit(template_miss),
CORD,3h,2026-03-08 19:09:52,否,-,笑笑砖策略:no_hit(pattern_not_met) | 紫抄:no_hit(template_miss) | 买+红砖石:no_hit(red_ratio_low) | 紫色哭脸:no_hit(already_active) | 紫色卖出:no_hit(template_miss),
CORD,4h,2026-03-08 19:10:38,否,-,笑笑砖策略:no_hit(pattern_not_met) | 紫抄:no_hit(template_miss) | 买+红砖石:no_hit(red_ratio_low) | 紫色哭脸:no_hit(already_active) | 紫色卖出:no_hit(template_miss),
CRCD,1h,2026-03-08 19:11:21,否,-,笑笑砖策略:no_hit(pattern_not_met) | 紫抄:no_hit(template_miss) | 买+红砖石:no_hit(template_miss) | 紫色哭脸:no_hit(template_miss) | 紫色卖出:no_hit(template_miss),
CRCD,2h,2026-03-08 19:12:16,否,-,笑笑砖策略:no_hit(pattern_not_met) | 紫抄:no_hit(template_miss) | 买+红砖石:no_hit(red_ratio_low) | 紫色哭脸:no_hit(already_active) | 紫色卖出:no_hit(template_miss),
CRCD,3h,2026-03-08 19:13:10,否,-,笑笑砖策略:no_hit(pattern_not_met) | 紫抄:no_hit(template_miss) | 买+红砖石:no_hit(red_ratio_low) | 紫色哭脸:no_hit(already_active) | 紫色卖出:no_hit(template_miss),
CRCD,4h,2026-03-08 19:14:16,否,-,笑笑砖策略:no_hit(pattern_not_met) | 紫抄:no_hit(template_miss) | 买+红砖石:no_hit(red_ratio_low) | 紫色哭脸:no_hit(template_miss) | 紫色卖出:no_hit(template_miss),
CRCL,1h,2026-03-08 19:15:39,否,-,笑笑砖策略:no_hit(pattern_not_met) | 紫抄:no_hit(template_miss) | 买+红砖石:no_hit(red_ratio_low) | 紫色哭脸:no_hit(template_miss) | 紫色卖出:no_hit(template_miss),
CRCL,2h,2026-03-08 19:16:46,否,-,笑笑砖策略:no_hit(pattern_not_met) | 紫抄:no_hit(template_miss) | 买+红砖石:no_hit(red_ratio_low) | 紫色哭脸:no_hit(template_miss) | 紫色卖出:no_hit(template_miss),
CRCL,3h,2026-03-08 19:17:50,否,-,笑笑砖策略:no_hit(pattern_not_met) | 紫抄:no_hit(template_miss) | 买+红砖石:no_hit(red_ratio_low) | 紫色哭脸:no_hit(template_miss) | 紫色卖出:no_hit(template_miss),
CRCL,4h,2026-03-08 19:18:28,否,-,笑笑砖策略:no_hit(pattern_not_met) | 紫抄:no_hit(template_miss) | 买+红砖石:no_hit(red_ratio_low) | 紫色哭脸:no_hit(already_active) | 紫色卖出:no_hit(template_miss),
CRDO,1h,2026-03-08 19:18:56,否,-,笑笑砖策略:no_hit(pattern_not_met) | 紫抄:no_hit(template_miss) | 买+红砖石:no_hit(red_ratio_low) | 紫色哭脸:no_hit(template_miss) | 紫色卖出:no_hit(template_miss),
CRDO,2h,2026-03-08 19:19:27,否,-,笑笑砖策略:no_hit(pattern_not_met) | 紫抄:no_hit(template_miss) | 买+红砖石:no_hit(red_ratio_low) | 紫色哭脸:no_hit(template_miss) | 紫色卖出:no_hit(template_miss),
CRDO,3h,2026-03-08 19:20:35,否,-,笑笑砖策略:no_hit(pattern_not_met) | 紫抄:no_hit(template_miss) | 买+红砖石:no_hit(red_ratio_low) | 紫色哭脸:no_hit(template_miss) | 紫色卖出:no_hit(template_miss),
CRDO,4h,2026-03-08 19:21:01,否,-,笑笑砖策略:no_hit(pattern_not_met) | 紫抄:no_hit(template_miss) | 买+红砖石:no_hit(red_ratio_low) | 紫色哭脸:no_hit(template_miss) | 紫色卖出:no_hit(template_miss),
CRML,1h,2026-03-08 19:21:18,否,-,笑笑砖策略:no_hit(pattern_not_met) | 紫抄:no_hit(template_miss) | 买+红砖石:no_hit(red_ratio_low) | 紫色哭脸:no_hit(template_miss) | 紫色卖出:no_hit(template_miss),
CRML,2h,2026-03-08 19:21:38,否,-,笑笑砖策略:no_hit(pattern_not_met) | 紫抄:no_hit(template_miss) | 买+红砖石:no_hit(red_ratio_low) | 紫色哭脸:no_hit(template_miss) | 紫色卖出:no_hit(template_miss),
CRML,3h,2026-03-08 19:21:58,否,-,笑笑砖策略:no_hit(pattern_not_met) | 紫抄:no_hit(template_miss) | 买+红砖石:no_hit(red_ratio_low) | 紫色哭脸:no_hit(template_miss) | 紫色卖出:no_hit(template_miss),
CRML,4h,2026-03-08 19:22:50,否,-,笑笑砖策略:no_hit(pattern_not_met) | 紫抄:no_hit(template_miss) | 买+红砖石:no_hit(red_ratio_low) | 紫色哭脸:no_hit(template_miss) | 紫色卖出:no_hit(template_miss),
DJT,1h,2026-03-08 19:23:12,否,-,笑笑砖策略:no_hit(pattern_not_met) | 紫抄:no_hit(template_miss) | 买+红砖石:no_hit(red_ratio_low) | 紫色哭脸:no_hit(template_miss) | 紫色卖出:no_hit(template_miss),
DJT,2h,2026-03-08 19:24:35,否,-,笑笑砖策略:no_hit(pattern_not_met) | 紫抄:no_hit(template_miss) | 买+红砖石:no_hit(red_ratio_low) | 紫色哭脸:no_hit(template_miss) | 紫色卖出:no_hit(template_miss),
DJT,3h,2026-03-08 19:25:12,否,-,笑笑砖策略:no_hit(pattern_not_met) | 紫抄:no_hit(template_miss) | 买+红砖石:no_hit(red_ratio_low) | 紫色哭脸:no_hit(template_miss) | 紫色卖出:no_hit(template_miss),
DJT,4h,2026-03-08 19:26:37,否,-,笑笑砖策略:no_hit(pattern_not_met) | 紫抄:no_hit(template_miss) | 买+红砖石:no_hit(red_ratio_low) | 紫色哭脸:no_hit(template_miss) | 紫色卖出:no_hit(template_miss),
DPST,1h,2026-03-08 19:27:41,否,-,笑笑砖策略:no_hit(pattern_not_met) | 紫抄:no_hit(template_miss) | 买+红砖石:no_hit(template_miss) | 紫色哭脸:no_hit(template_miss) | 紫色卖出:no_hit(template_miss),
DPST,2h,2026-03-08 19:28:15,否,-,笑笑砖策略:no_hit(pattern_not_met) | 紫抄:no_hit(template_miss) | 买+红砖石:no_hit(red_ratio_low) | 紫色哭脸:no_hit(template_miss) | 紫色卖出:no_hit(template_miss),
DPST,3h,2026-03-08 19:28:37,否,-,笑笑砖策略:no_hit(pattern_not_met) | 紫抄:no_hit(template_miss) | 买+红砖石:no_hit(red_ratio_low) | 紫色哭脸:no_hit(template_miss) | 紫色卖出:no_hit(template_miss),
DPST,4h,2026-03-08 19:28:57,否,-,笑笑砖策略:no_hit(pattern_not_met) | 紫抄:no_hit(template_miss) | 买+红砖石:no_hit(red_ratio_low) | 紫色哭脸:no_hit(purple_ratio_low) | 紫色卖出:no_hit(template_miss),
INTC,1h,2026-03-08 19:29:32,否,-,笑笑砖策略:no_hit(pattern_not_met) | 紫抄:no_hit(template_miss) | 买+红砖石:no_hit(red_ratio_low) | 紫色哭脸:no_hit(template_miss) | 紫色卖出:no_hit(template_miss),
INTC,2h,2026-03-08 19:30:09,否,-,笑笑砖策略:no_hit(pattern_not_met) | 紫抄:no_hit(template_miss) | 买+红砖石:no_hit(red_ratio_low) | 紫色哭脸:no_hit(template_miss) | 紫色卖出:no_hit(template_miss),
INTC,3h,2026-03-08 19:31:26,否,-,笑笑砖策略:no_hit(pattern_not_met) | 紫抄:no_hit(template_miss) | 买+红砖石:no_hit(red_ratio_low) | 紫色哭脸:no_hit(template_miss) | 紫色卖出:no_hit(template_miss),
INTC,4h,2026-03-08 19:31:43,否,-,笑笑砖策略:no_hit(pattern_not_met) | 紫抄:no_hit(template_miss) | 买+红砖石:no_hit(red_ratio_low) | 紫色哭脸:no_hit(already_active) | 紫色卖出:no_hit(template_miss),
KOLD,1h,2026-03-08 19:32:30,否,-,笑笑砖策略:no_hit(pattern_not_met) | 紫抄:no_hit(template_miss) | 买+红砖石:no_hit(red_ratio_low) | 紫色哭脸:no_hit(template_miss) | 紫色卖出:no_hit(template_miss),
KOLD,2h,2026-03-08 19:32:53,否,-,笑笑砖策略:no_hit(pattern_not_met) | 紫抄:no_hit(template_miss) | 买+红砖石:no_hit(red_ratio_low) | 紫色哭脸:no_hit(template_miss) | 紫色卖出:no_hit(template_miss),
KOLD,3h,2026-03-08 19:34:00,否,-,笑笑砖策略:no_hit(pattern_not_met) | 紫抄:no_hit(template_miss) | 买+红砖石:no_hit(red_ratio_low) | 紫色哭脸:no_hit(template_miss) | 紫色卖出:no_hit(template_miss),
KOLD,4h,2026-03-08 19:34:20,否,-,笑笑砖策略:no_hit(pattern_not_met) | 紫抄:no_hit(template_miss) | 买+红砖石:no_hit(red_ratio_low) | 紫色哭脸:no_hit(template_miss) | 紫色卖出:no_hit(template_miss),
LMND,1h,2026-03-08 19:35:07,否,-,笑笑砖策略:no_hit(pattern_not_met) | 紫抄:no_hit(template_miss) | 买+红砖石:no_hit(red_ratio_low) | 紫色哭脸:no_hit(template_miss) | 紫色卖出:no_hit(template_miss),
LMND,2h,2026-03-08 19:35:44,否,-,笑笑砖策略:no_hit(pattern_not_met) | 紫抄:no_hit(template_miss) | 买+红砖石:no_hit(red_ratio_low) | 紫色哭脸:no_hit(already_active) | 紫色卖出:no_hit(template_miss),
LMND,3h,2026-03-08 19:37:04,否,-,笑笑砖策略:no_hit(pattern_not_met) | 紫抄:no_hit(template_miss) | 买+红砖石:no_hit(template_miss) | 紫色哭脸:no_hit(template_miss) | 紫色卖出:no_hit(template_miss),
LMND,4h,2026-03-08 19:37:34,否,-,笑笑砖策略:no_hit(pattern_not_met) | 紫抄:no_hit(template_miss) | 买+红砖石:no_hit(red_ratio_low) | 紫色哭脸:no_hit(already_active) | 紫色卖出:no_hit(template_miss),
MP,1h,2026-03-08 19:38:27,否,-,笑笑砖策略:no_hit(pattern_not_met) | 紫抄:no_hit(template_miss) | 买+红砖石:no_hit(template_miss) | 紫色哭脸:no_hit(template_miss) | 紫色卖出:no_hit(template_miss),
MP,2h,2026-03-08 19:39:18,否,-,笑笑砖策略:no_hit(pattern_not_met) | 紫抄:no_hit(template_miss) | 买+红砖石:no_hit(template_miss) | 紫色哭脸:no_hit(template_miss) | 紫色卖出:no_hit(template_miss),
MP,3h,2026-03-08 19:40:15,否,-,笑笑砖策略:no_hit(pattern_not_met) | 紫抄:no_hit(template_miss) | 买+红砖石:no_hit(template_miss) | 紫色哭脸:no_hit(template_miss) | 紫色卖出:no_hit(template_miss),
MP,4h,2026-03-08 19:40:35,是,笑笑砖策略,笑笑砖策略:hit(repeat_suppressed) | 紫抄:no_hit(template_miss) | 买+红砖石:no_hit(buy_red_no_pair) | 紫色哭脸:no_hit(purple_ratio_low) | 紫色卖出:no_hit(template_miss),C:\Users\Administrator\Desktop\futu_combo_watch\output\hit_MP_4h_buy_core_20260308_194015.png
MU,1h,2026-03-08 19:41:05,否,-,笑笑砖策略:no_hit(pattern_not_met) | 紫抄:no_hit(template_miss) | 买+红砖石:no_hit(red_ratio_low) | 紫色哭脸:no_hit(template_miss) | 紫色卖出:no_hit(template_miss),
MU,2h,2026-03-08 19:41:39,否,-,笑笑砖策略:no_hit(pattern_not_met) | 紫抄:no_hit(template_miss) | 买+红砖石:no_hit(red_ratio_low) | 紫色哭脸:no_hit(template_miss) | 紫色卖出:no_hit(template_miss),
MU,3h,2026-03-08 19:42:13,否,-,笑笑砖策略:no_hit(pattern_not_met) | 紫抄:no_hit(template_miss) | 买+红砖石:no_hit(red_ratio_low) | 紫色哭脸:no_hit(template_miss) | 紫色卖出:no_hit(template_miss),
MU,4h,2026-03-08 19:42:48,否,-,笑笑砖策略:no_hit(pattern_not_met) | 紫抄:no_hit(template_miss) | 买+红砖石:no_hit(red_ratio_low) | 紫色哭脸:no_hit(template_miss) | 紫色卖出:no_hit(template_miss),
NBIS,1h,2026-03-08 19:43:23,否,-,笑笑砖策略:no_hit(pattern_not_met) | 紫抄:no_hit(template_miss) | 买+红砖石:no_hit(red_ratio_low) | 紫色哭脸:no_hit(template_miss) | 紫色卖出:no_hit(template_miss),
NBIS,2h,2026-03-08 19:44:30,否,-,笑笑砖策略:no_hit(pattern_not_met) | 紫抄:no_hit(template_miss) | 买+红砖石:no_hit(red_ratio_low) | 紫色哭脸:no_hit(template_miss) | 紫色卖出:no_hit(template_miss),
NBIS,3h,2026-03-08 19:44:52,否,-,笑笑砖策略:no_hit(pattern_not_met) | 紫抄:no_hit(template_miss) | 买+红砖石:no_hit(red_ratio_low) | 紫色哭脸:no_hit(purple_ratio_low) | 紫色卖出:no_hit(template_miss),
NBIS,4h,2026-03-08 19:46:10,否,-,笑笑砖策略:no_hit(pattern_not_met) | 紫抄:no_hit(template_miss) | 买+红砖石:no_hit(red_ratio_low) | 紫色哭脸:no_hit(template_miss) | 紫色卖出:no_hit(template_miss),
NBIZ,1h,2026-03-08 19:47:08,否,-,笑笑砖策略:no_hit(pattern_not_met) | 紫抄:no_hit(template_miss) | 买+红砖石:no_hit(red_ratio_low) | 紫色哭脸:no_hit(template_miss) | 紫色卖出:no_hit(template_miss),
NBIZ,2h,2026-03-08 19:47:51,否,-,笑笑砖策略:no_hit(pattern_not_met) | 紫抄:no_hit(template_miss) | 买+红砖石:no_hit(template_miss) | 紫色哭脸:no_hit(template_miss) | 紫色卖出:no_hit(template_miss),
NBIZ,3h,2026-03-08 19:49:19,否,-,笑笑砖策略:no_hit(pattern_not_met) | 紫抄:no_hit(template_miss) | 买+红砖石:no_hit(template_miss) | 紫色哭脸:no_hit(template_miss) | 紫色卖出:no_hit(template_miss),
NBIZ,4h,2026-03-08 19:50:23,否,-,笑笑砖策略:no_hit(pattern_not_met) | 紫抄:no_hit(template_miss) | 买+红砖石:no_hit(template_miss) | 紫色哭脸:no_hit(template_miss) | 紫色卖出:no_hit(template_miss),
NVDA,1h,2026-03-08 19:50:58,否,-,笑笑砖策略:no_hit(pattern_not_met) | 紫抄:no_hit(template_miss) | 买+红砖石:no_hit(red_ratio_low) | 紫色哭脸:no_hit(template_miss) | 紫色卖出:no_hit(template_miss),
NVDA,2h,2026-03-08 19:51:35,否,-,笑笑砖策略:no_hit(pattern_not_met) | 紫抄:no_hit(template_miss) | 买+红砖石:no_hit(template_miss) | 紫色哭脸:no_hit(template_miss) | 紫色卖出:no_hit(template_miss),
NVDA,3h,2026-03-08 19:52:03,否,-,笑笑砖策略:no_hit(pattern_not_met) | 紫抄:no_hit(template_miss) | 买+红砖石:no_hit(template_miss) | 紫色哭脸:no_hit(template_miss) | 紫色卖出:no_hit(template_miss),
NVDA,4h,2026-03-08 19:53:22,否,-,笑笑砖策略:no_hit(pattern_not_met) | 紫抄:no_hit(template_miss) | 买+红砖石:no_hit(template_miss) | 紫色哭脸:no_hit(template_miss) | 紫色卖出:no_hit(template_miss),
OKLO,1h,2026-03-08 19:54:00,否,-,笑笑砖策略:no_hit(pattern_not_met) | 紫抄:no_hit(template_miss) | 买+红砖石:no_hit(red_ratio_low) | 紫色哭脸:no_hit(template_miss) | 紫色卖出:no_hit(template_miss),
OKLO,2h,2026-03-08 19:54:34,否,-,笑笑砖策略:no_hit(pattern_not_met) | 紫抄:no_hit(template_miss) | 买+红砖石:no_hit(red_ratio_low) | 紫色哭脸:no_hit(template_miss) | 紫色卖出:no_hit(template_miss),
OKLO,3h,2026-03-08 19:55:04,否,-,笑笑砖策略:no_hit(pattern_not_met) | 紫抄:no_hit(template_miss) | 买+红砖石:no_hit(red_ratio_low) | 紫色哭脸:no_hit(template_miss) | 紫色卖出:no_hit(template_miss),
OKLO,4h,2026-03-08 19:56:21,否,-,笑笑砖策略:no_hit(pattern_not_met) | 紫抄:no_hit(template_miss) | 买+红砖石:no_hit(red_ratio_low) | 紫色哭脸:no_hit(template_miss) | 紫色卖出:no_hit(template_miss),
OKLS,1h,2026-03-08 19:57:08,否,-,笑笑砖策略:no_hit(pattern_not_met) | 紫抄:no_hit(template_miss) | 买+红砖石:no_hit(red_ratio_low) | 紫色哭脸:no_hit(template_miss) | 紫色卖出:no_hit(template_miss),
OKLS,2h,2026-03-08 19:58:02,否,-,笑笑砖策略:no_hit(pattern_not_met) | 紫抄:no_hit(template_miss) | 买+红砖石:no_hit(red_ratio_low) | 紫色哭脸:no_hit(template_miss) | 紫色卖出:no_hit(template_miss),
OKLS,3h,2026-03-08 19:58:37,否,-,笑笑砖策略:no_hit(pattern_not_met) | 紫抄:no_hit(template_miss) | 买+红砖石:no_hit(red_ratio_low) | 紫色哭脸:no_hit(template_miss) | 紫色卖出:no_hit(template_miss),
OKLS,4h,2026-03-08 19:59:30,否,-,笑笑砖策略:no_hit(pattern_not_met) | 紫抄:no_hit(template_miss) | 买+红砖石:no_hit(red_ratio_low) | 紫色哭脸:no_hit(template_miss) | 紫色卖出:no_hit(template_miss),
PLTR,1h,2026-03-08 20:00:45,否,-,笑笑砖策略:no_hit(pattern_not_met) | 紫抄:no_hit(template_miss) | 买+红砖石:no_hit(red_ratio_low) | 紫色哭脸:no_hit(template_miss) | 紫色卖出:no_hit(template_miss),
PLTR,2h,2026-03-08 20:01:54,否,-,笑笑砖策略:no_hit(pattern_not_met) | 紫抄:no_hit(template_miss) | 买+红砖石:no_hit(template_miss) | 紫色哭脸:no_hit(template_miss) | 紫色卖出:no_hit(template_miss),
PLTR,3h,2026-03-08 20:02:59,否,-,笑笑砖策略:no_hit(pattern_not_met) | 紫抄:no_hit(template_miss) | 买+红砖石:no_hit(template_miss) | 紫色哭脸:no_hit(template_miss) | 紫色卖出:no_hit(template_miss),
PLTR,4h,2026-03-08 20:04:18,否,-,笑笑砖策略:no_hit(pattern_not_met) | 紫抄:no_hit(template_miss) | 买+红砖石:no_hit(template_miss) | 紫色哭脸:no_hit(template_miss) | 紫色卖出:no_hit(template_miss),
PLTZ,1h,2026-03-08 20:05:38,否,-,笑笑砖策略:no_hit(pattern_not_met) | 紫抄:no_hit(template_miss) | 买+红砖石:no_hit(red_ratio_low) | 紫色哭脸:no_hit(template_miss) | 紫色卖出:no_hit(template_miss),
PLTZ,2h,2026-03-08 20:06:47,否,-,笑笑砖策略:no_hit(pattern_not_met) | 紫抄:no_hit(template_miss) | 买+红砖石:no_hit(template_miss) | 紫色哭脸:no_hit(template_miss) | 紫色卖出:no_hit(template_miss),
PLTZ,3h,2026-03-08 20:07:55,否,-,笑笑砖策略:no_hit(pattern_not_met) | 紫抄:no_hit(template_miss) | 买+红砖石:no_hit(red_ratio_low) | 紫色哭脸:no_hit(template_miss) | 紫色卖出:no_hit(template_miss),
PLTZ,4h,2026-03-08 20:08:16,否,-,笑笑砖策略:no_hit(pattern_not_met) | 紫抄:no_hit(template_miss) | 买+红砖石:no_hit(red_ratio_low) | 紫色哭脸:no_hit(template_miss) | 紫色卖出:no_hit(template_miss),
RDW,1h,2026-03-08 20:08:54,否,-,笑笑砖策略:no_hit(pattern_not_met) | 紫抄:no_hit(template_miss) | 买+红砖石:no_hit(red_ratio_low) | 紫色哭脸:no_hit(template_miss) | 紫色卖出:no_hit(template_miss),
RDW,2h,2026-03-08 20:09:24,否,-,笑笑砖策略:no_hit(pattern_not_met) | 紫抄:no_hit(template_miss) | 买+红砖石:no_hit(red_ratio_low) | 紫色哭脸:no_hit(template_miss) | 紫色卖出:no_hit(template_miss),
RDW,3h,2026-03-08 20:09:53,否,-,笑笑砖策略:no_hit(pattern_not_met) | 紫抄:no_hit(template_miss) | 买+红砖石:no_hit(red_ratio_low) | 紫色哭脸:no_hit(template_miss) | 紫色卖出:no_hit(template_miss),
RDW,4h,2026-03-08 20:10:26,否,-,笑笑砖策略:no_hit(pattern_not_met) | 紫抄:no_hit(template_miss) | 买+红砖石:no_hit(red_ratio_low) | 紫色哭脸:no_hit(template_miss) | 紫色卖出:no_hit(template_miss),
RGTZ,1h,2026-03-08 20:10:57,否,-,笑笑砖策略:no_hit(pattern_not_met) | 紫抄:no_hit(template_miss) | 买+红砖石:no_hit(red_ratio_low) | 紫色哭脸:no_hit(already_active) | 紫色卖出:no_hit(template_miss),
RGTZ,2h,2026-03-08 20:11:40,否,-,笑笑砖策略:no_hit(pattern_not_met) | 紫抄:no_hit(template_miss) | 买+红砖石:no_hit(red_ratio_low) | 紫色哭脸:no_hit(template_miss) | 紫色卖出:no_hit(template_miss),
RGTZ,3h,2026-03-08 20:12:34,否,-,笑笑砖策略:no_hit(pattern_not_met) | 紫抄:no_hit(template_miss) | 买+红砖石:no_hit(red_ratio_low) | 紫色哭脸:no_hit(purple_ratio_low) | 紫色卖出:no_hit(template_miss),
RGTZ,4h,2026-03-08 20:12:58,否,-,笑笑砖策略:no_hit(pattern_not_met) | 紫抄:no_hit(template_miss) | 买+红砖石:no_hit(red_ratio_low) | 紫色哭脸:no_hit(purple_ratio_low) | 紫色卖出:no_hit(template_miss),
RKLB,1h,2026-03-08 20:14:09,否,-,笑笑砖策略:no_hit(pattern_not_met) | 紫抄:no_hit(template_miss) | 买+红砖石:no_hit(red_ratio_low) | 紫色哭脸:no_hit(template_miss) | 紫色卖出:no_hit(template_miss),
RKLB,2h,2026-03-08 20:14:48,否,-,笑笑砖策略:no_hit(pattern_not_met) | 紫抄:no_hit(template_miss) | 买+红砖石:no_hit(red_ratio_low) | 紫色哭脸:no_hit(already_active) | 紫色卖出:no_hit(template_miss),
RKLB,3h,2026-03-08 20:15:41,否,-,笑笑砖策略:no_hit(pattern_not_met) | 紫抄:no_hit(template_miss) | 买+红砖石:no_hit(red_ratio_low) | 紫色哭脸:no_hit(template_miss) | 紫色卖出:no_hit(template_miss),
RKLB,4h,2026-03-08 20:16:10,否,-,笑笑砖策略:no_hit(pattern_not_met) | 紫抄:no_hit(template_miss) | 买+红砖石:no_hit(red_ratio_low) | 紫色哭脸:no_hit(purple_ratio_low) | 紫色卖出:no_hit(template_miss),
RKLZ,1h,2026-03-08 20:16:41,否,-,笑笑砖策略:no_hit(pattern_not_met) | 紫抄:no_hit(template_miss) | 买+红砖石:no_hit(red_ratio_low) | 紫色哭脸:no_hit(already_active) | 紫色卖出:no_hit(template_miss),
RKLZ,2h,2026-03-08 20:17:16,否,-,笑笑砖策略:no_hit(pattern_not_met) | 紫抄:no_hit(template_miss) | 买+红砖石:no_hit(red_ratio_low) | 紫色哭脸:no_hit(template_miss) | 紫色卖出:no_hit(template_miss),
RKLZ,3h,2026-03-08 20:17:33,否,-,笑笑砖策略:no_hit(pattern_not_met) | 紫抄:no_hit(template_miss) | 买+红砖石:no_hit(red_ratio_low) | 紫色哭脸:no_hit(already_active) | 紫色卖出:no_hit(template_miss),
RKLZ,4h,2026-03-08 20:17:59,否,-,笑笑砖策略:no_hit(pattern_not_met) | 紫抄:no_hit(template_miss) | 买+红砖石:no_hit(red_ratio_low) | 紫色哭脸:no_hit(already_active) | 紫色卖出:no_hit(template_miss),
RZLV,1h,2026-03-08 20:19:03,否,-,笑笑砖策略:no_hit(pattern_not_met) | 紫抄:no_hit(template_miss) | 买+红砖石:no_hit(red_ratio_low) | 紫色哭脸:no_hit(template_miss) | 紫色卖出:no_hit(template_miss),
RZLV,2h,2026-03-08 20:19:50,否,-,笑笑砖策略:no_hit(pattern_not_met) | 紫抄:no_hit(template_miss) | 买+红砖石:no_hit(red_ratio_low) | 紫色哭脸:no_hit(template_miss) | 紫色卖出:no_hit(template_miss),
RZLV,3h,2026-03-08 20:20:07,否,-,笑笑砖策略:no_hit(pattern_not_met) | 紫抄:no_hit(template_miss) | 买+红砖石:no_hit(red_ratio_low) | 紫色哭脸:no_hit(already_active) | 紫色卖出:no_hit(template_miss),
RZLV,4h,2026-03-08 20:20:42,否,-,笑笑砖策略:no_hit(pattern_not_met) | 紫抄:no_hit(template_miss) | 买+红砖石:no_hit(red_ratio_low) | 紫色哭脸:no_hit(template_miss) | 紫色卖出:no_hit(template_miss),
SOXS,1h,2026-03-08 20:21:32,否,-,笑笑砖策略:no_hit(pattern_not_met) | 紫抄:no_hit(template_miss) | 买+红砖石:no_hit(red_ratio_low) | 紫色哭脸:no_hit(template_miss) | 紫色卖出:no_hit(template_miss),
SOXS,2h,2026-03-08 20:22:09,否,-,笑笑砖策略:no_hit(pattern_not_met) | 紫抄:no_hit(template_miss) | 买+红砖石:no_hit(red_ratio_low) | 紫色哭脸:no_hit(template_miss) | 紫色卖出:no_hit(template_miss),
SOXS,3h,2026-03-08 20:22:39,否,-,笑笑砖策略:no_hit(pattern_not_met) | 紫抄:no_hit(template_miss) | 买+红砖石:no_hit(red_ratio_low) | 紫色哭脸:no_hit(template_miss) | 紫色卖出:no_hit(template_miss),
SOXS,4h,2026-03-08 20:23:05,否,-,笑笑砖策略:no_hit(pattern_not_met) | 紫抄:no_hit(template_miss) | 买+红砖石:no_hit(red_ratio_low) | 紫色哭脸:no_hit(purple_ratio_low) | 紫色卖出:no_hit(template_miss),
STM,1h,2026-03-08 20:23:49,否,-,笑笑砖策略:no_hit(pattern_not_met) | 紫抄:no_hit(template_miss) | 买+红砖石:no_hit(red_ratio_low) | 紫色哭脸:no_hit(template_miss) | 紫色卖出:no_hit(template_miss),
STM,2h,2026-03-08 20:24:19,否,-,笑笑砖策略:no_hit(pattern_not_met) | 紫抄:no_hit(template_miss) | 买+红砖石:no_hit(red_ratio_low) | 紫色哭脸:no_hit(template_miss) | 紫色卖出:no_hit(template_miss),
STM,3h,2026-03-08 20:25:19,否,-,笑笑砖策略:no_hit(pattern_not_met) | 紫抄:no_hit(template_miss) | 买+红砖石:no_hit(red_ratio_low) | 紫色哭脸:no_hit(template_miss) | 紫色卖出:no_hit(template_miss),
STM,4h,2026-03-08 20:26:37,否,-,笑笑砖策略:no_hit(pattern_not_met) | 紫抄:no_hit(template_miss) | 买+红砖石:no_hit(red_ratio_low) | 紫色哭脸:no_hit(template_miss) | 紫色卖出:no_hit(template_miss),
TSLA,1h,2026-03-08 20:27:07,否,-,笑笑砖策略:no_hit(pattern_not_met) | 紫抄:no_hit(template_miss) | 买+红砖石:no_hit(template_miss) | 紫色哭脸:no_hit(template_miss) | 紫色卖出:no_hit(template_miss),
TSLA,2h,2026-03-08 20:27:43,否,-,笑笑砖策略:no_hit(pattern_not_met) | 紫抄:no_hit(template_miss) | 买+红砖石:no_hit(red_ratio_low) | 紫色哭脸:no_hit(template_miss) | 紫色卖出:no_hit(template_miss),
TSLA,3h,2026-03-08 20:28:14,否,-,笑笑砖策略:no_hit(pattern_not_met) | 紫抄:no_hit(template_miss) | 买+红砖石:no_hit(template_miss) | 紫色哭脸:no_hit(template_miss) | 紫色卖出:no_hit(template_miss),
TSLA,4h,2026-03-08 20:28:49,否,-,笑笑砖策略:no_hit(pattern_not_met) | 紫抄:no_hit(template_miss) | 买+红砖石:no_hit(red_ratio_low) | 紫色哭脸:no_hit(template_miss) | 紫色卖出:no_hit(template_miss),
TSLQ,1h,2026-03-08 20:29:39,否,-,笑笑砖策略:no_hit(pattern_not_met) | 紫抄:no_hit(template_miss) | 买+红砖石:no_hit(template_miss) | 紫色哭脸:no_hit(template_miss) | 紫色卖出:no_hit(template_miss),
TSLQ,2h,2026-03-08 20:30:25,否,-,笑笑砖策略:no_hit(pattern_not_met) | 紫抄:no_hit(template_miss) | 买+红砖石:no_hit(red_ratio_low) | 紫色哭脸:no_hit(template_miss) | 紫色卖出:no_hit(template_miss),
TSLQ,3h,2026-03-08 20:31:10,否,-,笑笑砖策略:no_hit(pattern_not_met) | 紫抄:no_hit(template_miss) | 买+红砖石:no_hit(red_ratio_low) | 紫色哭脸:no_hit(template_miss) | 紫色卖出:no_hit(template_miss),
TSLQ,4h,2026-03-08 20:31:52,否,-,笑笑砖策略:no_hit(pattern_not_met) | 紫抄:no_hit(template_miss) | 买+红砖石:no_hit(red_ratio_low) | 紫色哭脸:no_hit(template_miss) | 紫色卖出:no_hit(template_miss),
UVIX,1h,2026-03-08 20:32:24,否,-,笑笑砖策略:no_hit(pattern_not_met) | 紫抄:no_hit(template_miss) | 买+红砖石:no_hit(red_ratio_low) | 紫色哭脸:no_hit(template_miss) | 紫色卖出:no_hit(template_miss),
UVIX,2h,2026-03-08 20:32:53,否,-,笑笑砖策略:no_hit(pattern_not_met) | 紫抄:no_hit(template_miss) | 买+红砖石:no_hit(red_ratio_low) | 紫色哭脸:no_hit(template_miss) | 紫色卖出:no_hit(template_miss),
UVIX,3h,2026-03-08 20:33:29,否,-,笑笑砖策略:no_hit(pattern_not_met) | 紫抄:no_hit(template_miss) | 买+红砖石:no_hit(red_ratio_low) | 紫色哭脸:no_hit(template_miss) | 紫色卖出:no_hit(template_miss),
UVIX,4h,2026-03-08 20:33:54,否,-,笑笑砖策略:no_hit(pattern_not_met) | 紫抄:no_hit(template_miss) | 买+红砖石:no_hit(red_ratio_low) | 紫色哭脸:no_hit(purple_ratio_low) | 紫色卖出:no_hit(template_miss),
WDC,1h,2026-03-08 20:34:22,否,-,笑笑砖策略:no_hit(pattern_not_met) | 紫抄:no_hit(template_miss) | 买+红砖石:no_hit(red_ratio_low) | 紫色哭脸:no_hit(template_miss) | 紫色卖出:no_hit(template_miss),
WDC,2h,2026-03-08 20:34:52,否,-,笑笑砖策略:no_hit(pattern_not_met) | 紫抄:no_hit(template_miss) | 买+红砖石:no_hit(red_ratio_low) | 紫色哭脸:no_hit(template_miss) | 紫色卖出:no_hit(template_miss),
WDC,3h,2026-03-08 20:35:22,否,-,笑笑砖策略:no_hit(pattern_not_met) | 紫抄:no_hit(template_miss) | 买+红砖石:no_hit(red_ratio_low) | 紫色哭脸:no_hit(template_miss) | 紫色卖出:no_hit(template_miss),
WDC,4h,2026-03-08 20:36:34,否,-,笑笑砖策略:no_hit(pattern_not_met) | 紫抄:no_hit(template_miss) | 买+红砖石:no_hit(template_miss) | 紫色哭脸:no_hit(template_miss) | 紫色卖出:no_hit(template_miss),
ZSL,1h,2026-03-08 20:37:06,否,-,笑笑砖策略:no_hit(pattern_not_met) | 紫抄:no_hit(template_miss) | 买+红砖石:no_hit(template_miss) | 紫色哭脸:no_hit(template_miss) | 紫色卖出:no_hit(template_miss),
ZSL,2h,2026-03-08 20:37:57,否,-,笑笑砖策略:no_hit(pattern_not_met) | 紫抄:no_hit(template_miss) | 买+红砖石:no_hit(red_ratio_low) | 紫色哭脸:no_hit(purple_ratio_low) | 紫色卖出:no_hit(template_miss),
ZSL,3h,2026-03-08 20:39:21,否,-,笑笑砖策略:no_hit(pattern_not_met) | 紫抄:no_hit(template_miss) | 买+红砖石:no_hit(red_ratio_low) | 紫色哭脸:no_hit(template_miss) | 紫色卖出:no_hit(template_miss),
ZSL,4h,2026-03-08 20:40:45,否,-,笑笑砖策略:no_hit(pattern_not_met) | 紫抄:no_hit(template_miss) | 买+红砖石:no_hit(red_ratio_low) | 紫色哭脸:no_hit(template_miss) | 紫色卖出:no_hit(template_miss),
BILI,1h,2026-03-08 21:00:33,否,-,笑笑砖策略:no_hit(pattern_not_met) | 紫抄:no_hit(template_miss) | 买+红砖石:no_hit(red_ratio_low) | 紫色哭脸:no_hit(template_miss) | 紫色卖出:no_hit(template_miss),
BILI,2h,2026-03-08 21:01:49,否,-,笑笑砖策略:no_hit(pattern_not_met) | 紫抄:no_hit(template_miss) | 买+红砖石:no_hit(template_miss) | 紫色哭脸:no_hit(template_miss) | 紫色卖出:no_hit(template_miss),
BILI,3h,2026-03-08 21:03:03,否,-,笑笑砖策略:no_hit(pattern_not_met) | 紫抄:no_hit(template_miss) | 买+红砖石:no_hit(template_miss) | 紫色哭脸:no_hit(template_miss) | 紫色卖出:no_hit(template_miss),
BILI,4h,2026-03-08 21:04:36,否,-,笑笑砖策略:no_hit(pattern_not_met) | 紫抄:no_hit(template_miss) | 买+红砖石:no_hit(red_ratio_low) | 紫色哭脸:no_hit(template_miss) | 紫色卖出:no_hit(template_miss),
CONI,1h,2026-03-08 21:05:37,否,-,笑笑砖策略:no_hit(pattern_not_met) | 紫抄:no_hit(template_miss) | 买+红砖石:no_hit(red_ratio_low) | 紫色哭脸:no_hit(template_miss) | 紫色卖出:no_hit(template_miss),
CONI,2h,2026-03-08 21:06:28,否,-,笑笑砖策略:no_hit(pattern_not_met) | 紫抄:no_hit(template_miss) | 买+红砖石:no_hit(red_ratio_low) | 紫色哭脸:no_hit(already_active) | 紫色卖出:no_hit(template_miss),
CONI,3h,2026-03-08 21:07:13,否,-,笑笑砖策略:no_hit(pattern_not_met) | 紫抄:no_hit(template_miss) | 买+红砖石:no_hit(red_ratio_low) | 紫色哭脸:no_hit(already_active) | 紫色卖出:no_hit(template_miss),
CONI,4h,2026-03-08 21:08:38,否,-,笑笑砖策略:no_hit(pattern_not_met) | 紫抄:no_hit(template_miss) | 买+红砖石:no_hit(red_ratio_low) | 紫色哭脸:no_hit(template_miss) | 紫色卖出:no_hit(template_miss),
CORD,1h,2026-03-08 21:09:16,否,-,笑笑砖策略:no_hit(pattern_not_met) | 紫抄:no_hit(template_miss) | 买+红砖石:no_hit(red_ratio_low) | 紫色哭脸:no_hit(template_miss) | 紫色卖出:no_hit(template_miss),
CORD,2h,2026-03-08 21:10:04,否,-,笑笑砖策略:no_hit(pattern_not_met) | 紫抄:no_hit(template_miss) | 买+红砖石:no_hit(red_ratio_low) | 紫色哭脸:no_hit(purple_ratio_low) | 紫色卖出:no_hit(template_miss),
CORD,3h,2026-03-08 21:10:47,否,-,笑笑砖策略:no_hit(pattern_not_met) | 紫抄:no_hit(template_miss) | 买+红砖石:no_hit(red_ratio_low) | 紫色哭脸:no_hit(already_active) | 紫色卖出:no_hit(template_miss),
CORD,4h,2026-03-08 21:11:38,否,-,笑笑砖策略:no_hit(pattern_not_met) | 紫抄:no_hit(template_miss) | 买+红砖石:no_hit(red_ratio_low) | 紫色哭脸:no_hit(already_active) | 紫色卖出:no_hit(template_miss),
CRCD,1h,2026-03-08 21:12:24,否,-,笑笑砖策略:no_hit(pattern_not_met) | 紫抄:no_hit(template_miss) | 买+红砖石:no_hit(template_miss) | 紫色哭脸:no_hit(template_miss) | 紫色卖出:no_hit(template_miss),
CRCD,2h,2026-03-08 21:13:24,否,-,笑笑砖策略:no_hit(pattern_not_met) | 紫抄:no_hit(template_miss) | 买+红砖石:no_hit(red_ratio_low) | 紫色哭脸:no_hit(already_active) | 紫色卖出:no_hit(template_miss),
CRCD,3h,2026-03-08 21:14:24,否,-,笑笑砖策略:no_hit(pattern_not_met) | 紫抄:no_hit(template_miss) | 买+红砖石:no_hit(red_ratio_low) | 紫色哭脸:no_hit(already_active) | 紫色卖出:no_hit(template_miss),
CRCD,4h,2026-03-08 21:15:36,否,-,笑笑砖策略:no_hit(pattern_not_met) | 紫抄:no_hit(template_miss) | 买+红砖石:no_hit(red_ratio_low) | 紫色哭脸:no_hit(template_miss) | 紫色卖出:no_hit(template_miss),
CRCL,1h,2026-03-08 21:17:06,否,-,笑笑砖策略:no_hit(pattern_not_met) | 紫抄:no_hit(template_miss) | 买+红砖石:no_hit(red_ratio_low) | 紫色哭脸:no_hit(template_miss) | 紫色卖出:no_hit(template_miss),
CRCL,2h,2026-03-08 21:18:19,否,-,笑笑砖策略:no_hit(pattern_not_met) | 紫抄:no_hit(template_miss) | 买+红砖石:no_hit(red_ratio_low) | 紫色哭脸:no_hit(template_miss) | 紫色卖出:no_hit(template_miss),
CRCL,3h,2026-03-08 21:19:30,否,-,笑笑砖策略:no_hit(pattern_not_met) | 紫抄:no_hit(template_miss) | 买+红砖石:no_hit(red_ratio_low) | 紫色哭脸:no_hit(template_miss) | 紫色卖出:no_hit(template_miss),
CRCL,4h,2026-03-08 21:20:12,否,-,笑笑砖策略:no_hit(pattern_not_met) | 紫抄:no_hit(template_miss) | 买+红砖石:no_hit(red_ratio_low) | 紫色哭脸:no_hit(already_active) | 紫色卖出:no_hit(template_miss),
CRDO,1h,2026-03-08 21:20:44,否,-,笑笑砖策略:no_hit(pattern_not_met) | 紫抄:no_hit(template_miss) | 买+红砖石:no_hit(red_ratio_low) | 紫色哭脸:no_hit(template_miss) | 紫色卖出:no_hit(template_miss),
CRDO,2h,2026-03-08 21:21:17,否,-,笑笑砖策略:no_hit(pattern_not_met) | 紫抄:no_hit(template_miss) | 买+红砖石:no_hit(red_ratio_low) | 紫色哭脸:no_hit(template_miss) | 紫色卖出:no_hit(template_miss),
CRDO,3h,2026-03-08 21:22:32,否,-,笑笑砖策略:no_hit(pattern_not_met) | 紫抄:no_hit(template_miss) | 买+红砖石:no_hit(red_ratio_low) | 紫色哭脸:no_hit(template_miss) | 紫色卖出:no_hit(template_miss),
CRDO,4h,2026-03-08 21:23:00,否,-,笑笑砖策略:no_hit(pattern_not_met) | 紫抄:no_hit(template_miss) | 买+红砖石:no_hit(red_ratio_low) | 紫色哭脸:no_hit(template_miss) | 紫色卖出:no_hit(template_miss),
CRML,1h,2026-03-08 21:23:19,否,-,笑笑砖策略:no_hit(pattern_not_met) | 紫抄:no_hit(template_miss) | 买+红砖石:no_hit(red_ratio_low) | 紫色哭脸:no_hit(template_miss) | 紫色卖出:no_hit(template_miss),
CRML,2h,2026-03-08 21:23:39,否,-,笑笑砖策略:no_hit(pattern_not_met) | 紫抄:no_hit(template_miss) | 买+红砖石:no_hit(red_ratio_low) | 紫色哭脸:no_hit(template_miss) | 紫色卖出:no_hit(template_miss),
CRML,3h,2026-03-08 21:24:01,否,-,笑笑砖策略:no_hit(pattern_not_met) | 紫抄:no_hit(template_miss) | 买+红砖石:no_hit(red_ratio_low) | 紫色哭脸:no_hit(template_miss) | 紫色卖出:no_hit(template_miss),
CRML,4h,2026-03-08 21:24:58,否,-,笑笑砖策略:no_hit(pattern_not_met) | 紫抄:no_hit(template_miss) | 买+红砖石:no_hit(red_ratio_low) | 紫色哭脸:no_hit(template_miss) | 紫色卖出:no_hit(template_miss),
DJT,1h,2026-03-08 21:25:22,否,-,笑笑砖策略:no_hit(pattern_not_met) | 紫抄:no_hit(template_miss) | 买+红砖石:no_hit(red_ratio_low) | 紫色哭脸:no_hit(template_miss) | 紫色卖出:no_hit(template_miss),
DJT,2h,2026-03-08 21:26:53,否,-,笑笑砖策略:no_hit(pattern_not_met) | 紫抄:no_hit(template_miss) | 买+红砖石:no_hit(red_ratio_low) | 紫色哭脸:no_hit(template_miss) | 紫色卖出:no_hit(template_miss),
DJT,3h,2026-03-08 21:27:33,否,-,笑笑砖策略:no_hit(pattern_not_met) | 紫抄:no_hit(template_miss) | 买+红砖石:no_hit(red_ratio_low) | 紫色哭脸:no_hit(template_miss) | 紫色卖出:no_hit(template_miss),
DJT,4h,2026-03-08 21:29:06,否,-,笑笑砖策略:no_hit(pattern_not_met) | 紫抄:no_hit(template_miss) | 买+红砖石:no_hit(red_ratio_low) | 紫色哭脸:no_hit(template_miss) | 紫色卖出:no_hit(template_miss),
DPST,1h,2026-03-08 21:30:15,否,-,笑笑砖策略:no_hit(pattern_not_met) | 紫抄:no_hit(template_miss) | 买+红砖石:no_hit(template_miss) | 紫色哭脸:no_hit(template_miss) | 紫色卖出:no_hit(template_miss),
DPST,2h,2026-03-08 21:30:53,否,-,笑笑砖策略:no_hit(pattern_not_met) | 紫抄:no_hit(template_miss) | 买+红砖石:no_hit(red_ratio_low) | 紫色哭脸:no_hit(template_miss) | 紫色卖出:no_hit(template_miss),
DPST,3h,2026-03-08 21:31:16,否,-,笑笑砖策略:no_hit(pattern_not_met) | 紫抄:no_hit(template_miss) | 买+红砖石:no_hit(red_ratio_low) | 紫色哭脸:no_hit(template_miss) | 紫色卖出:no_hit(template_miss),
DPST,4h,2026-03-08 21:31:37,否,-,笑笑砖策略:no_hit(pattern_not_met) | 紫抄:no_hit(template_miss) | 买+红砖石:no_hit(red_ratio_low) | 紫色哭脸:no_hit(purple_ratio_low) | 紫色卖出:no_hit(template_miss),
INTC,1h,2026-03-08 21:32:15,否,-,笑笑砖策略:no_hit(pattern_not_met) | 紫抄:no_hit(template_miss) | 买+红砖石:no_hit(red_ratio_low) | 紫色哭脸:no_hit(template_miss) | 紫色卖出:no_hit(template_miss),
INTC,2h,2026-03-08 21:32:55,否,-,笑笑砖策略:no_hit(pattern_not_met) | 紫抄:no_hit(template_miss) | 买+红砖石:no_hit(red_ratio_low) | 紫色哭脸:no_hit(template_miss) | 紫色卖出:no_hit(template_miss),
INTC,3h,2026-03-08 21:34:19,否,-,笑笑砖策略:no_hit(pattern_not_met) | 紫抄:no_hit(template_miss) | 买+红砖石:no_hit(red_ratio_low) | 紫色哭脸:no_hit(template_miss) | 紫色卖出:no_hit(template_miss),
INTC,4h,2026-03-08 21:34:38,否,-,笑笑砖策略:no_hit(pattern_not_met) | 紫抄:no_hit(template_miss) | 买+红砖石:no_hit(red_ratio_low) | 紫色哭脸:no_hit(already_active) | 紫色卖出:no_hit(template_miss),
KOLD,1h,2026-03-08 21:35:27,否,-,笑笑砖策略:no_hit(pattern_not_met) | 紫抄:no_hit(template_miss) | 买+红砖石:no_hit(red_ratio_low) | 紫色哭脸:no_hit(template_miss) | 紫色卖出:no_hit(template_miss),
KOLD,2h,2026-03-08 21:35:52,否,-,笑笑砖策略:no_hit(pattern_not_met) | 紫抄:no_hit(template_miss) | 买+红砖石:no_hit(red_ratio_low) | 紫色哭脸:no_hit(template_miss) | 紫色卖出:no_hit(template_miss),
KOLD,3h,2026-03-08 21:37:05,否,-,笑笑砖策略:no_hit(pattern_not_met) | 紫抄:no_hit(template_miss) | 买+红砖石:no_hit(red_ratio_low) | 紫色哭脸:no_hit(template_miss) | 紫色卖出:no_hit(template_miss),
KOLD,4h,2026-03-08 21:37:27,否,-,笑笑砖策略:no_hit(pattern_not_met) | 紫抄:no_hit(template_miss) | 买+红砖石:no_hit(red_ratio_low) | 紫色哭脸:no_hit(template_miss) | 紫色卖出:no_hit(template_miss),
LMND,1h,2026-03-08 21:38:18,否,-,笑笑砖策略:no_hit(pattern_not_met) | 紫抄:no_hit(template_miss) | 买+红砖石:no_hit(red_ratio_low) | 紫色哭脸:no_hit(template_miss) | 紫色卖出:no_hit(template_miss),
LMND,2h,2026-03-08 21:38:58,否,-,笑笑砖策略:no_hit(pattern_not_met) | 紫抄:no_hit(template_miss) | 买+红砖石:no_hit(red_ratio_low) | 紫色哭脸:no_hit(already_active) | 紫色卖出:no_hit(template_miss),
LMND,3h,2026-03-08 21:40:26,否,-,笑笑砖策略:no_hit(pattern_not_met) | 紫抄:no_hit(template_miss) | 买+红砖石:no_hit(template_miss) | 紫色哭脸:no_hit(template_miss) | 紫色卖出:no_hit(template_miss),
LMND,4h,2026-03-08 21:40:58,否,-,笑笑砖策略:no_hit(pattern_not_met) | 紫抄:no_hit(template_miss) | 买+红砖石:no_hit(red_ratio_low) | 紫色哭脸:no_hit(already_active) | 紫色卖出:no_hit(template_miss),
MP,1h,2026-03-08 21:41:55,否,-,笑笑砖策略:no_hit(pattern_not_met) | 紫抄:no_hit(template_miss) | 买+红砖石:no_hit(template_miss) | 紫色哭脸:no_hit(template_miss) | 紫色卖出:no_hit(template_miss),
MP,2h,2026-03-08 21:42:50,否,-,笑笑砖策略:no_hit(pattern_not_met) | 紫抄:no_hit(template_miss) | 买+红砖石:no_hit(template_miss) | 紫色哭脸:no_hit(template_miss) | 紫色卖出:no_hit(template_miss),
MP,3h,2026-03-08 21:43:53,否,-,笑笑砖策略:no_hit(pattern_not_met) | 紫抄:no_hit(template_miss) | 买+红砖石:no_hit(template_miss) | 紫色哭脸:no_hit(template_miss) | 紫色卖出:no_hit(template_miss),
MP,4h,2026-03-08 21:44:14,是,笑笑砖策略,笑笑砖策略:hit(repeat_suppressed) | 紫抄:no_hit(template_miss) | 买+红砖石:no_hit(buy_red_no_pair) | 紫色哭脸:no_hit(purple_ratio_low) | 紫色卖出:no_hit(template_miss),C:\Users\Administrator\Desktop\futu_combo_watch\output\hit_MP_4h_buy_core_20260308_214353.png
MU,1h,2026-03-08 21:44:46,否,-,笑笑砖策略:no_hit(pattern_not_met) | 紫抄:no_hit(template_miss) | 买+红砖石:no_hit(red_ratio_low) | 紫色哭脸:no_hit(template_miss) | 紫色卖出:no_hit(template_miss),
MU,2h,2026-03-08 21:45:22,否,-,笑笑砖策略:no_hit(pattern_not_met) | 紫抄:no_hit(template_miss) | 买+红砖石:no_hit(red_ratio_low) | 紫色哭脸:no_hit(template_miss) | 紫色卖出:no_hit(template_miss),
MU,3h,2026-03-08 21:45:59,否,-,笑笑砖策略:no_hit(pattern_not_met) | 紫抄:no_hit(template_miss) | 买+红砖石:no_hit(red_ratio_low) | 紫色哭脸:no_hit(template_miss) | 紫色卖出:no_hit(template_miss),
MU,4h,2026-03-08 21:46:37,否,-,笑笑砖策略:no_hit(pattern_not_met) | 紫抄:no_hit(template_miss) | 买+红砖石:no_hit(red_ratio_low) | 紫色哭脸:no_hit(template_miss) | 紫色卖出:no_hit(template_miss),
NBIS,1h,2026-03-08 21:47:15,否,-,笑笑砖策略:no_hit(pattern_not_met) | 紫抄:no_hit(template_miss) | 买+红砖石:no_hit(red_ratio_low) | 紫色哭脸:no_hit(template_miss) | 紫色卖出:no_hit(template_miss),
NBIS,2h,2026-03-08 21:48:28,否,-,笑笑砖策略:no_hit(pattern_not_met) | 紫抄:no_hit(template_miss) | 买+红砖石:no_hit(red_ratio_low) | 紫色哭脸:no_hit(template_miss) | 紫色卖出:no_hit(template_miss),
NBIS,3h,2026-03-08 21:48:51,否,-,笑笑砖策略:no_hit(pattern_not_met) | 紫抄:no_hit(template_miss) | 买+红砖石:no_hit(red_ratio_low) | 紫色哭脸:no_hit(purple_ratio_low) | 紫色卖出:no_hit(template_miss),
NBIS,4h,2026-03-08 21:50:17,否,-,笑笑砖策略:no_hit(pattern_not_met) | 紫抄:no_hit(template_miss) | 买+红砖石:no_hit(red_ratio_low) | 紫色哭脸:no_hit(template_miss) | 紫色卖出:no_hit(template_miss),
NBIZ,1h,2026-03-08 21:51:18,否,-,笑笑砖策略:no_hit(pattern_not_met) | 紫抄:no_hit(template_miss) | 买+红砖石:no_hit(red_ratio_low) | 紫色哭脸:no_hit(template_miss) | 紫色卖出:no_hit(template_miss),
NBIZ,2h,2026-03-08 21:52:04,否,-,笑笑砖策略:no_hit(pattern_not_met) | 紫抄:no_hit(template_miss) | 买+红砖石:no_hit(template_miss) | 紫色哭脸:no_hit(template_miss) | 紫色卖出:no_hit(template_miss),
NBIZ,3h,2026-03-08 21:53:41,否,-,笑笑砖策略:no_hit(pattern_not_met) | 紫抄:no_hit(template_miss) | 买+红砖石:no_hit(template_miss) | 紫色哭脸:no_hit(template_miss) | 紫色卖出:no_hit(template_miss),
NBIZ,4h,2026-03-08 21:54:51,否,-,笑笑砖策略:no_hit(pattern_not_met) | 紫抄:no_hit(template_miss) | 买+红砖石:no_hit(template_miss) | 紫色哭脸:no_hit(template_miss) | 紫色卖出:no_hit(template_miss),
NVDA,1h,2026-03-08 21:55:29,否,-,笑笑砖策略:no_hit(pattern_not_met) | 紫抄:no_hit(template_miss) | 买+红砖石:no_hit(red_ratio_low) | 紫色哭脸:no_hit(template_miss) | 紫色卖出:no_hit(template_miss),
NVDA,2h,2026-03-08 21:56:10,否,-,笑笑砖策略:no_hit(pattern_not_met) | 紫抄:no_hit(template_miss) | 买+红砖石:no_hit(template_miss) | 紫色哭脸:no_hit(template_miss) | 紫色卖出:no_hit(template_miss),
NVDA,3h,2026-03-08 21:56:39,否,-,笑笑砖策略:no_hit(pattern_not_met) | 紫抄:no_hit(template_miss) | 买+红砖石:no_hit(template_miss) | 紫色哭脸:no_hit(template_miss) | 紫色卖出:no_hit(template_miss),
NVDA,4h,2026-03-08 21:58:06,否,-,笑笑砖策略:no_hit(pattern_not_met) | 紫抄:no_hit(template_miss) | 买+红砖石:no_hit(template_miss) | 紫色哭脸:no_hit(template_miss) | 紫色卖出:no_hit(template_miss),
OKLO,1h,2026-03-08 21:58:46,否,-,笑笑砖策略:no_hit(pattern_not_met) | 紫抄:no_hit(template_miss) | 买+红砖石:no_hit(red_ratio_low) | 紫色哭脸:no_hit(template_miss) | 紫色卖出:no_hit(template_miss),
OKLO,2h,2026-03-08 21:59:23,否,-,笑笑砖策略:no_hit(pattern_not_met) | 紫抄:no_hit(template_miss) | 买+红砖石:no_hit(red_ratio_low) | 紫色哭脸:no_hit(template_miss) | 紫色卖出:no_hit(template_miss),
OKLO,3h,2026-03-08 21:59:55,否,-,笑笑砖策略:no_hit(pattern_not_met) | 紫抄:no_hit(template_miss) | 买+红砖石:no_hit(red_ratio_low) | 紫色哭脸:no_hit(template_miss) | 紫色卖出:no_hit(template_miss),
OKLO,4h,2026-03-08 22:01:19,否,-,笑笑砖策略:no_hit(pattern_not_met) | 紫抄:no_hit(template_miss) | 买+红砖石:no_hit(red_ratio_low) | 紫色哭脸:no_hit(template_miss) | 紫色卖出:no_hit(template_miss),
OKLS,1h,2026-03-08 22:02:09,否,-,笑笑砖策略:no_hit(pattern_not_met) | 紫抄:no_hit(template_miss) | 买+红砖石:no_hit(red_ratio_low) | 紫色哭脸:no_hit(template_miss) | 紫色卖出:no_hit(template_miss),
OKLS,2h,2026-03-08 22:03:07,否,-,笑笑砖策略:no_hit(pattern_not_met) | 紫抄:no_hit(template_miss) | 买+红砖石:no_hit(red_ratio_low) | 紫色哭脸:no_hit(template_miss) | 紫色卖出:no_hit(template_miss),
OKLS,3h,2026-03-08 22:03:45,否,-,笑笑砖策略:no_hit(pattern_not_met) | 紫抄:no_hit(template_miss) | 买+红砖石:no_hit(red_ratio_low) | 紫色哭脸:no_hit(template_miss) | 紫色卖出:no_hit(template_miss),
OKLS,4h,2026-03-08 22:04:42,否,-,笑笑砖策略:no_hit(pattern_not_met) | 紫抄:no_hit(template_miss) | 买+红砖石:no_hit(red_ratio_low) | 紫色哭脸:no_hit(template_miss) | 紫色卖出:no_hit(template_miss),
PLTR,1h,2026-03-08 22:06:04,否,-,笑笑砖策略:no_hit(pattern_not_met) | 紫抄:no_hit(template_miss) | 买+红砖石:no_hit(red_ratio_low) | 紫色哭脸:no_hit(template_miss) | 紫色卖出:no_hit(template_miss),
PLTR,2h,2026-03-08 22:07:20,否,-,笑笑砖策略:no_hit(pattern_not_met) | 紫抄:no_hit(template_miss) | 买+红砖石:no_hit(template_miss) | 紫色哭脸:no_hit(template_miss) | 紫色卖出:no_hit(template_miss),
PLTR,3h,2026-03-08 22:08:31,否,-,笑笑砖策略:no_hit(pattern_not_met) | 紫抄:no_hit(template_miss) | 买+红砖石:no_hit(template_miss) | 紫色哭脸:no_hit(template_miss) | 紫色卖出:no_hit(template_miss),
PLTR,4h,2026-03-08 22:09:58,否,-,笑笑砖策略:no_hit(pattern_not_met) | 紫抄:no_hit(template_miss) | 买+红砖石:no_hit(template_miss) | 紫色哭脸:no_hit(template_miss) | 紫色卖出:no_hit(template_miss),
PLTZ,1h,2026-03-08 22:11:26,否,-,笑笑砖策略:no_hit(pattern_not_met) | 紫抄:no_hit(template_miss) | 买+红砖石:no_hit(red_ratio_low) | 紫色哭脸:no_hit(template_miss) | 紫色卖出:no_hit(template_miss),
PLTZ,2h,2026-03-08 22:12:41,否,-,笑笑砖策略:no_hit(pattern_not_met) | 紫抄:no_hit(template_miss) | 买+红砖石:no_hit(template_miss) | 紫色哭脸:no_hit(template_miss) | 紫色卖出:no_hit(template_miss),
PLTZ,3h,2026-03-08 22:13:55,否,-,笑笑砖策略:no_hit(pattern_not_met) | 紫抄:no_hit(template_miss) | 买+红砖石:no_hit(red_ratio_low) | 紫色哭脸:no_hit(template_miss) | 紫色卖出:no_hit(template_miss),
PLTZ,4h,2026-03-08 22:14:18,否,-,笑笑砖策略:no_hit(pattern_not_met) | 紫抄:no_hit(template_miss) | 买+红砖石:no_hit(red_ratio_low) | 紫色哭脸:no_hit(template_miss) | 紫色卖出:no_hit(template_miss),
RDW,1h,2026-03-08 22:14:58,否,-,笑笑砖策略:no_hit(pattern_not_met) | 紫抄:no_hit(template_miss) | 买+红砖石:no_hit(red_ratio_low) | 紫色哭脸:no_hit(template_miss) | 紫色卖出:no_hit(template_miss),
RDW,2h,2026-03-08 22:15:30,否,-,笑笑砖策略:no_hit(pattern_not_met) | 紫抄:no_hit(template_miss) | 买+红砖石:no_hit(red_ratio_low) | 紫色哭脸:no_hit(template_miss) | 紫色卖出:no_hit(template_miss),
RDW,3h,2026-03-08 22:16:01,否,-,笑笑砖策略:no_hit(pattern_not_met) | 紫抄:no_hit(template_miss) | 买+红砖石:no_hit(red_ratio_low) | 紫色哭脸:no_hit(template_miss) | 紫色卖出:no_hit(template_miss),
RDW,4h,2026-03-08 22:16:38,否,-,笑笑砖策略:no_hit(pattern_not_met) | 紫抄:no_hit(template_miss) | 买+红砖石:no_hit(red_ratio_low) | 紫色哭脸:no_hit(template_miss) | 紫色卖出:no_hit(template_miss),
RGTZ,1h,2026-03-08 22:17:10,否,-,笑笑砖策略:no_hit(pattern_not_met) | 紫抄:no_hit(template_miss) | 买+红砖石:no_hit(red_ratio_low) | 紫色哭脸:no_hit(already_active) | 紫色卖出:no_hit(template_miss),
RGTZ,2h,2026-03-08 22:17:53,否,-,笑笑砖策略:no_hit(pattern_not_met) | 紫抄:no_hit(template_miss) | 买+红砖石:no_hit(red_ratio_low) | 紫色哭脸:no_hit(template_miss) | 紫色卖出:no_hit(template_miss),
RGTZ,3h,2026-03-08 22:18:46,否,-,笑笑砖策略:no_hit(pattern_not_met) | 紫抄:no_hit(template_miss) | 买+红砖石:no_hit(red_ratio_low) | 紫色哭脸:no_hit(purple_ratio_low) | 紫色卖出:no_hit(template_miss),
RGTZ,4h,2026-03-08 22:19:12,否,-,笑笑砖策略:no_hit(pattern_not_met) | 紫抄:no_hit(template_miss) | 买+红砖石:no_hit(red_ratio_low) | 紫色哭脸:no_hit(purple_ratio_low) | 紫色卖出:no_hit(template_miss),
RKLB,1h,2026-03-08 22:20:30,否,-,笑笑砖策略:no_hit(pattern_not_met) | 紫抄:no_hit(template_miss) | 买+红砖石:no_hit(red_ratio_low) | 紫色哭脸:no_hit(template_miss) | 紫色卖出:no_hit(template_miss),
RKLB,2h,2026-03-08 22:21:13,否,-,笑笑砖策略:no_hit(pattern_not_met) | 紫抄:no_hit(template_miss) | 买+红砖石:no_hit(red_ratio_low) | 紫色哭脸:no_hit(already_active) | 紫色卖出:no_hit(template_miss),
RKLB,3h,2026-03-08 22:22:10,否,-,笑笑砖策略:no_hit(pattern_not_met) | 紫抄:no_hit(template_miss) | 买+红砖石:no_hit(red_ratio_low) | 紫色哭脸:no_hit(template_miss) | 紫色卖出:no_hit(template_miss),
RKLB,4h,2026-03-08 22:22:41,否,-,笑笑砖策略:no_hit(pattern_not_met) | 紫抄:no_hit(template_miss) | 买+红砖石:no_hit(red_ratio_low) | 紫色哭脸:no_hit(purple_ratio_low) | 紫色卖出:no_hit(template_miss),
RKLZ,1h,2026-03-08 22:23:16,否,-,笑笑砖策略:no_hit(pattern_not_met) | 紫抄:no_hit(template_miss) | 买+红砖石:no_hit(red_ratio_low) | 紫色哭脸:no_hit(already_active) | 紫色卖出:no_hit(template_miss),
RKLZ,2h,2026-03-08 22:23:53,否,-,笑笑砖策略:no_hit(pattern_not_met) | 紫抄:no_hit(template_miss) | 买+红砖石:no_hit(red_ratio_low) | 紫色哭脸:no_hit(template_miss) | 紫色卖出:no_hit(template_miss),
RKLZ,3h,2026-03-08 22:24:11,否,-,笑笑砖策略:no_hit(pattern_not_met) | 紫抄:no_hit(template_miss) | 买+红砖石:no_hit(red_ratio_low) | 紫色哭脸:no_hit(already_active) | 紫色卖出:no_hit(template_miss),
RKLZ,4h,2026-03-08 22:24:39,否,-,笑笑砖策略:no_hit(pattern_not_met) | 紫抄:no_hit(template_miss) | 买+红砖石:no_hit(red_ratio_low) | 紫色哭脸:no_hit(already_active) | 紫色卖出:no_hit(template_miss),
RZLV,1h,2026-03-08 22:25:49,否,-,笑笑砖策略:no_hit(pattern_not_met) | 紫抄:no_hit(template_miss) | 买+红砖石:no_hit(red_ratio_low) | 紫色哭脸:no_hit(template_miss) | 紫色卖出:no_hit(template_miss),
RZLV,2h,2026-03-08 22:26:40,否,-,笑笑砖策略:no_hit(pattern_not_met) | 紫抄:no_hit(template_miss) | 买+红砖石:no_hit(red_ratio_low) | 紫色哭脸:no_hit(template_miss) | 紫色卖出:no_hit(template_miss),
RZLV,3h,2026-03-08 22:26:59,否,-,笑笑砖策略:no_hit(pattern_not_met) | 紫抄:no_hit(template_miss) | 买+红砖石:no_hit(red_ratio_low) | 紫色哭脸:no_hit(already_active) | 紫色卖出:no_hit(template_miss),
RZLV,4h,2026-03-08 22:27:37,否,-,笑笑砖策略:no_hit(pattern_not_met) | 紫抄:no_hit(template_miss) | 买+红砖石:no_hit(red_ratio_low) | 紫色哭脸:no_hit(template_miss) | 紫色卖出:no_hit(template_miss),
SOXS,1h,2026-03-08 22:28:30,否,-,笑笑砖策略:no_hit(pattern_not_met) | 紫抄:no_hit(template_miss) | 买+红砖石:no_hit(red_ratio_low) | 紫色哭脸:no_hit(template_miss) | 紫色卖出:no_hit(template_miss),
SOXS,2h,2026-03-08 22:29:10,否,-,笑笑砖策略:no_hit(pattern_not_met) | 紫抄:no_hit(template_miss) | 买+红砖石:no_hit(red_ratio_low) | 紫色哭脸:no_hit(template_miss) | 紫色卖出:no_hit(template_miss),
SOXS,3h,2026-03-08 22:29:43,否,-,笑笑砖策略:no_hit(pattern_not_met) | 紫抄:no_hit(template_miss) | 买+红砖石:no_hit(red_ratio_low) | 紫色哭脸:no_hit(template_miss) | 紫色卖出:no_hit(template_miss),
SOXS,4h,2026-03-08 22:30:11,否,-,笑笑砖策略:no_hit(pattern_not_met) | 紫抄:no_hit(template_miss) | 买+红砖石:no_hit(red_ratio_low) | 紫色哭脸:no_hit(purple_ratio_low) | 紫色卖出:no_hit(template_miss),
STM,1h,2026-03-08 22:30:58,否,-,笑笑砖策略:no_hit(pattern_not_met) | 紫抄:no_hit(template_miss) | 买+红砖石:no_hit(red_ratio_low) | 紫色哭脸:no_hit(template_miss) | 紫色卖出:no_hit(template_miss),
STM,2h,2026-03-08 22:31:30,否,-,笑笑砖策略:no_hit(pattern_not_met) | 紫抄:no_hit(template_miss) | 买+红砖石:no_hit(red_ratio_low) | 紫色哭脸:no_hit(template_miss) | 紫色卖出:no_hit(template_miss),
STM,3h,2026-03-08 22:32:36,否,-,笑笑砖策略:no_hit(pattern_not_met) | 紫抄:no_hit(template_miss) | 买+红砖石:no_hit(red_ratio_low) | 紫色哭脸:no_hit(template_miss) | 紫色卖出:no_hit(template_miss),
STM,4h,2026-03-08 22:34:01,否,-,笑笑砖策略:no_hit(pattern_not_met) | 紫抄:no_hit(template_miss) | 买+红砖石:no_hit(red_ratio_low) | 紫色哭脸:no_hit(template_miss) | 紫色卖出:no_hit(template_miss),
TSLA,1h,2026-03-08 22:34:33,否,-,笑笑砖策略:no_hit(pattern_not_met) | 紫抄:no_hit(template_miss) | 买+红砖石:no_hit(template_miss) | 紫色哭脸:no_hit(template_miss) | 紫色卖出:no_hit(template_miss),
TSLA,2h,2026-03-08 22:35:13,否,-,笑笑砖策略:no_hit(pattern_not_met) | 紫抄:no_hit(template_miss) | 买+红砖石:no_hit(red_ratio_low) | 紫色哭脸:no_hit(template_miss) | 紫色卖出:no_hit(template_miss),
TSLA,3h,2026-03-08 22:35:46,否,-,笑笑砖策略:no_hit(pattern_not_met) | 紫抄:no_hit(template_miss) | 买+红砖石:no_hit(template_miss) | 紫色哭脸:no_hit(template_miss) | 紫色卖出:no_hit(template_miss),
TSLA,4h,2026-03-08 22:36:24,否,-,笑笑砖策略:no_hit(pattern_not_met) | 紫抄:no_hit(template_miss) | 买+红砖石:no_hit(red_ratio_low) | 紫色哭脸:no_hit(template_miss) | 紫色卖出:no_hit(template_miss),
TSLQ,1h,2026-03-08 22:37:18,否,-,笑笑砖策略:no_hit(pattern_not_met) | 紫抄:no_hit(template_miss) | 买+红砖石:no_hit(template_miss) | 紫色哭脸:no_hit(template_miss) | 紫色卖出:no_hit(template_miss),
TSLQ,2h,2026-03-08 22:38:08,否,-,笑笑砖策略:no_hit(pattern_not_met) | 紫抄:no_hit(template_miss) | 买+红砖石:no_hit(red_ratio_low) | 紫色哭脸:no_hit(template_miss) | 紫色卖出:no_hit(template_miss),
TSLQ,3h,2026-03-08 22:38:57,否,-,笑笑砖策略:no_hit(pattern_not_met) | 紫抄:no_hit(template_miss) | 买+红砖石:no_hit(red_ratio_low) | 紫色哭脸:no_hit(template_miss) | 紫色卖出:no_hit(template_miss),
TSLQ,4h,2026-03-08 22:39:42,否,-,笑笑砖策略:no_hit(pattern_not_met) | 紫抄:no_hit(template_miss) | 买+红砖石:no_hit(red_ratio_low) | 紫色哭脸:no_hit(template_miss) | 紫色卖出:no_hit(template_miss),
UVIX,1h,2026-03-08 22:40:16,否,-,笑笑砖策略:no_hit(pattern_not_met) | 紫抄:no_hit(template_miss) | 买+红砖石:no_hit(red_ratio_low) | 紫色哭脸:no_hit(template_miss) | 紫色卖出:no_hit(template_miss),
UVIX,2h,2026-03-08 22:40:48,否,-,笑笑砖策略:no_hit(pattern_not_met) | 紫抄:no_hit(template_miss) | 买+红砖石:no_hit(red_ratio_low) | 紫色哭脸:no_hit(template_miss) | 紫色卖出:no_hit(template_miss),
UVIX,3h,2026-03-08 22:41:27,否,-,笑笑砖策略:no_hit(pattern_not_met) | 紫抄:no_hit(template_miss) | 买+红砖石:no_hit(red_ratio_low) | 紫色哭脸:no_hit(template_miss) | 紫色卖出:no_hit(template_miss),
UVIX,4h,2026-03-08 22:41:54,否,-,笑笑砖策略:no_hit(pattern_not_met) | 紫抄:no_hit(template_miss) | 买+红砖石:no_hit(red_ratio_low) | 紫色哭脸:no_hit(purple_ratio_low) | 紫色卖出:no_hit(template_miss),
WDC,1h,2026-03-08 22:42:25,否,-,笑笑砖策略:no_hit(pattern_not_met) | 紫抄:no_hit(template_miss) | 买+红砖石:no_hit(red_ratio_low) | 紫色哭脸:no_hit(template_miss) | 紫色卖出:no_hit(template_miss),
WDC,2h,2026-03-08 22:42:56,否,-,笑笑砖策略:no_hit(pattern_not_met) | 紫抄:no_hit(template_miss) | 买+红砖石:no_hit(red_ratio_low) | 紫色哭脸:no_hit(template_miss) | 紫色卖出:no_hit(template_miss),
WDC,3h,2026-03-08 22:43:28,否,-,笑笑砖策略:no_hit(pattern_not_met) | 紫抄:no_hit(template_miss) | 买+红砖石:no_hit(red_ratio_low) | 紫色哭脸:no_hit(template_miss) | 紫色卖出:no_hit(template_miss),
WDC,4h,2026-03-08 22:44:47,否,-,笑笑砖策略:no_hit(pattern_not_met) | 紫抄:no_hit(template_miss) | 买+红砖石:no_hit(template_miss) | 紫色哭脸:no_hit(template_miss) | 紫色卖出:no_hit(template_miss),
ZSL,1h,2026-03-08 22:45:21,否,-,笑笑砖策略:no_hit(pattern_not_met) | 紫抄:no_hit(template_miss) | 买+红砖石:no_hit(template_miss) | 紫色哭脸:no_hit(template_miss) | 紫色卖出:no_hit(template_miss),
ZSL,2h,2026-03-08 22:46:17,否,-,笑笑砖策略:no_hit(pattern_not_met) | 紫抄:no_hit(template_miss) | 买+红砖石:no_hit(red_ratio_low) | 紫色哭脸:no_hit(purple_ratio_low) | 紫色卖出:no_hit(template_miss),
ZSL,3h,2026-03-08 22:47:49,否,-,笑笑砖策略:no_hit(pattern_not_met) | 紫抄:no_hit(template_miss) | 买+红砖石:no_hit(red_ratio_low) | 紫色哭脸:no_hit(template_miss) | 紫色卖出:no_hit(template_miss),
ZSL,4h,2026-03-08 22:49:21,否,-,笑笑砖策略:no_hit(pattern_not_met) | 紫抄:no_hit(template_miss) | 买+红砖石:no_hit(red_ratio_low) | 紫色哭脸:no_hit(template_miss) | 紫色卖出:no_hit(template_miss),
BILI,1h,2026-03-08 23:00:33,否,-,笑笑砖策略:no_hit(pattern_not_met) | 紫抄:no_hit(template_miss) | 买+红砖石:no_hit(red_ratio_low) | 紫色哭脸:no_hit(template_miss) | 紫色卖出:no_hit(template_miss),
BILI,2h,2026-03-08 23:01:49,否,-,笑笑砖策略:no_hit(pattern_not_met) | 紫抄:no_hit(template_miss) | 买+红砖石:no_hit(template_miss) | 紫色哭脸:no_hit(template_miss) | 紫色卖出:no_hit(template_miss),
BILI,3h,2026-03-08 23:03:04,否,-,笑笑砖策略:no_hit(pattern_not_met) | 紫抄:no_hit(template_miss) | 买+红砖石:no_hit(template_miss) | 紫色哭脸:no_hit(template_miss) | 紫色卖出:no_hit(template_miss),
BILI,4h,2026-03-08 23:04:37,否,-,笑笑砖策略:no_hit(pattern_not_met) | 紫抄:no_hit(template_miss) | 买+红砖石:no_hit(red_ratio_low) | 紫色哭脸:no_hit(template_miss) | 紫色卖出:no_hit(template_miss),
CONI,1h,2026-03-08 23:05:38,否,-,笑笑砖策略:no_hit(pattern_not_met) | 紫抄:no_hit(template_miss) | 买+红砖石:no_hit(red_ratio_low) | 紫色哭脸:no_hit(template_miss) | 紫色卖出:no_hit(template_miss),
CONI,2h,2026-03-08 23:06:30,否,-,笑笑砖策略:no_hit(pattern_not_met) | 紫抄:no_hit(template_miss) | 买+红砖石:no_hit(red_ratio_low) | 紫色哭脸:no_hit(already_active) | 紫色卖出:no_hit(template_miss),
CONI,3h,2026-03-08 23:07:15,否,-,笑笑砖策略:no_hit(pattern_not_met) | 紫抄:no_hit(template_miss) | 买+红砖石:no_hit(red_ratio_low) | 紫色哭脸:no_hit(already_active) | 紫色卖出:no_hit(template_miss),
CONI,4h,2026-03-08 23:08:40,否,-,笑笑砖策略:no_hit(pattern_not_met) | 紫抄:no_hit(template_miss) | 买+红砖石:no_hit(red_ratio_low) | 紫色哭脸:no_hit(template_miss) | 紫色卖出:no_hit(template_miss),
CORD,1h,2026-03-08 23:09:19,否,-,笑笑砖策略:no_hit(pattern_not_met) | 紫抄:no_hit(template_miss) | 买+红砖石:no_hit(red_ratio_low) | 紫色哭脸:no_hit(template_miss) | 紫色卖出:no_hit(template_miss),
CORD,2h,2026-03-08 23:10:07,否,-,笑笑砖策略:no_hit(pattern_not_met) | 紫抄:no_hit(template_miss) | 买+红砖石:no_hit(red_ratio_low) | 紫色哭脸:no_hit(purple_ratio_low) | 紫色卖出:no_hit(template_miss),
CORD,3h,2026-03-08 23:10:50,否,-,笑笑砖策略:no_hit(pattern_not_met) | 紫抄:no_hit(template_miss) | 买+红砖石:no_hit(red_ratio_low) | 紫色哭脸:no_hit(already_active) | 紫色卖出:no_hit(template_miss),
CORD,4h,2026-03-08 23:11:41,否,-,笑笑砖策略:no_hit(pattern_not_met) | 紫抄:no_hit(template_miss) | 买+红砖石:no_hit(red_ratio_low) | 紫色哭脸:no_hit(already_active) | 紫色卖出:no_hit(template_miss),
CRCD,1h,2026-03-08 23:12:28,否,-,笑笑砖策略:no_hit(pattern_not_met) | 紫抄:no_hit(template_miss) | 买+红砖石:no_hit(template_miss) | 紫色哭脸:no_hit(template_miss) | 紫色卖出:no_hit(template_miss),
CRCD,2h,2026-03-08 23:13:28,否,-,笑笑砖策略:no_hit(pattern_not_met) | 紫抄:no_hit(template_miss) | 买+红砖石:no_hit(red_ratio_low) | 紫色哭脸:no_hit(already_active) | 紫色卖出:no_hit(template_miss),
CRCD,3h,2026-03-08 23:14:28,否,-,笑笑砖策略:no_hit(pattern_not_met) | 紫抄:no_hit(template_miss) | 买+红砖石:no_hit(red_ratio_low) | 紫色哭脸:no_hit(already_active) | 紫色卖出:no_hit(template_miss),
CRCD,4h,2026-03-08 23:15:40,否,-,笑笑砖策略:no_hit(pattern_not_met) | 紫抄:no_hit(template_miss) | 买+红砖石:no_hit(red_ratio_low) | 紫色哭脸:no_hit(template_miss) | 紫色卖出:no_hit(template_miss),
CRCL,1h,2026-03-08 23:17:12,否,-,笑笑砖策略:no_hit(pattern_not_met) | 紫抄:no_hit(template_miss) | 买+红砖石:no_hit(red_ratio_low) | 紫色哭脸:no_hit(template_miss) | 紫色卖出:no_hit(template_miss),
CRCL,2h,2026-03-08 23:18:25,否,-,笑笑砖策略:no_hit(pattern_not_met) | 紫抄:no_hit(template_miss) | 买+红砖石:no_hit(red_ratio_low) | 紫色哭脸:no_hit(template_miss) | 紫色卖出:no_hit(template_miss),
CRCL,3h,2026-03-08 23:19:37,否,-,笑笑砖策略:no_hit(pattern_not_met) | 紫抄:no_hit(template_miss) | 买+红砖石:no_hit(red_ratio_low) | 紫色哭脸:no_hit(template_miss) | 紫色卖出:no_hit(template_miss),
CRCL,4h,2026-03-08 23:20:19,否,-,笑笑砖策略:no_hit(pattern_not_met) | 紫抄:no_hit(template_miss) | 买+红砖石:no_hit(red_ratio_low) | 紫色哭脸:no_hit(already_active) | 紫色卖出:no_hit(template_miss),
CRDO,1h,2026-03-08 23:20:49,否,-,笑笑砖策略:no_hit(pattern_not_met) | 紫抄:no_hit(template_miss) | 买+红砖石:no_hit(red_ratio_low) | 紫色哭脸:no_hit(template_miss) | 紫色卖出:no_hit(template_miss),
CRDO,2h,2026-03-08 23:21:21,否,-,笑笑砖策略:no_hit(pattern_not_met) | 紫抄:no_hit(template_miss) | 买+红砖石:no_hit(red_ratio_low) | 紫色哭脸:no_hit(template_miss) | 紫色卖出:no_hit(template_miss),
CRDO,3h,2026-03-08 23:22:37,否,-,笑笑砖策略:no_hit(pattern_not_met) | 紫抄:no_hit(template_miss) | 买+红砖石:no_hit(red_ratio_low) | 紫色哭脸:no_hit(template_miss) | 紫色卖出:no_hit(template_miss),
CRDO,4h,2026-03-08 23:23:05,否,-,笑笑砖策略:no_hit(pattern_not_met) | 紫抄:no_hit(template_miss) | 买+红砖石:no_hit(red_ratio_low) | 紫色哭脸:no_hit(template_miss) | 紫色卖出:no_hit(template_miss),
CRML,1h,2026-03-08 23:23:23,否,-,笑笑砖策略:no_hit(pattern_not_met) | 紫抄:no_hit(template_miss) | 买+红砖石:no_hit(red_ratio_low) | 紫色哭脸:no_hit(template_miss) | 紫色卖出:no_hit(template_miss),
CRML,2h,2026-03-08 23:23:44,否,-,笑笑砖策略:no_hit(pattern_not_met) | 紫抄:no_hit(template_miss) | 买+红砖石:no_hit(red_ratio_low) | 紫色哭脸:no_hit(template_miss) | 紫色卖出:no_hit(template_miss),
CRML,3h,2026-03-08 23:24:06,否,-,笑笑砖策略:no_hit(pattern_not_met) | 紫抄:no_hit(template_miss) | 买+红砖石:no_hit(red_ratio_low) | 紫色哭脸:no_hit(template_miss) | 紫色卖出:no_hit(template_miss),
CRML,4h,2026-03-08 23:25:03,否,-,笑笑砖策略:no_hit(pattern_not_met) | 紫抄:no_hit(template_miss) | 买+红砖石:no_hit(red_ratio_low) | 紫色哭脸:no_hit(template_miss) | 紫色卖出:no_hit(template_miss),
DJT,1h,2026-03-08 23:25:26,否,-,笑笑砖策略:no_hit(pattern_not_met) | 紫抄:no_hit(template_miss) | 买+红砖石:no_hit(red_ratio_low) | 紫色哭脸:no_hit(template_miss) | 紫色卖出:no_hit(template_miss),
DJT,2h,2026-03-08 23:26:58,否,-,笑笑砖策略:no_hit(pattern_not_met) | 紫抄:no_hit(template_miss) | 买+红砖石:no_hit(red_ratio_low) | 紫色哭脸:no_hit(template_miss) | 紫色卖出:no_hit(template_miss),
DJT,3h,2026-03-08 23:27:38,否,-,笑笑砖策略:no_hit(pattern_not_met) | 紫抄:no_hit(template_miss) | 买+红砖石:no_hit(red_ratio_low) | 紫色哭脸:no_hit(template_miss) | 紫色卖出:no_hit(template_miss),
DJT,4h,2026-03-08 23:29:11,否,-,笑笑砖策略:no_hit(pattern_not_met) | 紫抄:no_hit(template_miss) | 买+红砖石:no_hit(red_ratio_low) | 紫色哭脸:no_hit(template_miss) | 紫色卖出:no_hit(template_miss),
DPST,1h,2026-03-08 23:30:21,否,-,笑笑砖策略:no_hit(pattern_not_met) | 紫抄:no_hit(template_miss) | 买+红砖石:no_hit(template_miss) | 紫色哭脸:no_hit(template_miss) | 紫色卖出:no_hit(template_miss),
DPST,2h,2026-03-08 23:30:58,否,-,笑笑砖策略:no_hit(pattern_not_met) | 紫抄:no_hit(template_miss) | 买+红砖石:no_hit(red_ratio_low) | 紫色哭脸:no_hit(template_miss) | 紫色卖出:no_hit(template_miss),
DPST,3h,2026-03-08 23:31:22,否,-,笑笑砖策略:no_hit(pattern_not_met) | 紫抄:no_hit(template_miss) | 买+红砖石:no_hit(red_ratio_low) | 紫色哭脸:no_hit(template_miss) | 紫色卖出:no_hit(template_miss),
DPST,4h,2026-03-08 23:31:43,否,-,笑笑砖策略:no_hit(pattern_not_met) | 紫抄:no_hit(template_miss) | 买+红砖石:no_hit(red_ratio_low) | 紫色哭脸:no_hit(purple_ratio_low) | 紫色卖出:no_hit(template_miss),
INTC,1h,2026-03-08 23:32:21,否,-,笑笑砖策略:no_hit(pattern_not_met) | 紫抄:no_hit(template_miss) | 买+红砖石:no_hit(red_ratio_low) | 紫色哭脸:no_hit(template_miss) | 紫色卖出:no_hit(template_miss),
INTC,2h,2026-03-08 23:33:00,否,-,笑笑砖策略:no_hit(pattern_not_met) | 紫抄:no_hit(template_miss) | 买+红砖石:no_hit(red_ratio_low) | 紫色哭脸:no_hit(template_miss) | 紫色卖出:no_hit(template_miss),
INTC,3h,2026-03-08 23:34:25,否,-,笑笑砖策略:no_hit(pattern_not_met) | 紫抄:no_hit(template_miss) | 买+红砖石:no_hit(red_ratio_low) | 紫色哭脸:no_hit(template_miss) | 紫色卖出:no_hit(template_miss),
INTC,4h,2026-03-08 23:34:43,否,-,笑笑砖策略:no_hit(pattern_not_met) | 紫抄:no_hit(template_miss) | 买+红砖石:no_hit(red_ratio_low) | 紫色哭脸:no_hit(already_active) | 紫色卖出:no_hit(template_miss),
KOLD,1h,2026-03-08 23:35:32,否,-,笑笑砖策略:no_hit(pattern_not_met) | 紫抄:no_hit(template_miss) | 买+红砖石:no_hit(red_ratio_low) | 紫色哭脸:no_hit(template_miss) | 紫色卖出:no_hit(template_miss),
KOLD,2h,2026-03-08 23:35:57,否,-,笑笑砖策略:no_hit(pattern_not_met) | 紫抄:no_hit(template_miss) | 买+红砖石:no_hit(red_ratio_low) | 紫色哭脸:no_hit(template_miss) | 紫色卖出:no_hit(template_miss),
KOLD,3h,2026-03-08 23:37:11,否,-,笑笑砖策略:no_hit(pattern_not_met) | 紫抄:no_hit(template_miss) | 买+红砖石:no_hit(red_ratio_low) | 紫色哭脸:no_hit(template_miss) | 紫色卖出:no_hit(template_miss),
KOLD,4h,2026-03-08 23:37:33,否,-,笑笑砖策略:no_hit(pattern_not_met) | 紫抄:no_hit(template_miss) | 买+红砖石:no_hit(red_ratio_low) | 紫色哭脸:no_hit(template_miss) | 紫色卖出:no_hit(template_miss),
LMND,1h,2026-03-08 23:38:25,否,-,笑笑砖策略:no_hit(pattern_not_met) | 紫抄:no_hit(template_miss) | 买+红砖石:no_hit(red_ratio_low) | 紫色哭脸:no_hit(template_miss) | 紫色卖出:no_hit(template_miss),
LMND,2h,2026-03-08 23:39:04,否,-,笑笑砖策略:no_hit(pattern_not_met) | 紫抄:no_hit(template_miss) | 买+红砖石:no_hit(red_ratio_low) | 紫色哭脸:no_hit(already_active) | 紫色卖出:no_hit(template_miss),
LMND,3h,2026-03-08 23:40:33,否,-,笑笑砖策略:no_hit(pattern_not_met) | 紫抄:no_hit(template_miss) | 买+红砖石:no_hit(template_miss) | 紫色哭脸:no_hit(template_miss) | 紫色卖出:no_hit(template_miss),
LMND,4h,2026-03-08 23:41:05,否,-,笑笑砖策略:no_hit(pattern_not_met) | 紫抄:no_hit(template_miss) | 买+红砖石:no_hit(red_ratio_low) | 紫色哭脸:no_hit(already_active) | 紫色卖出:no_hit(template_miss),
MP,1h,2026-03-08 23:42:00,否,-,笑笑砖策略:no_hit(pattern_not_met) | 紫抄:no_hit(template_miss) | 买+红砖石:no_hit(template_miss) | 紫色哭脸:no_hit(template_miss) | 紫色卖出:no_hit(template_miss),
MP,2h,2026-03-08 23:42:55,否,-,笑笑砖策略:no_hit(pattern_not_met) | 紫抄:no_hit(template_miss) | 买+红砖石:no_hit(template_miss) | 紫色哭脸:no_hit(template_miss) | 紫色卖出:no_hit(template_miss),
MP,3h,2026-03-08 23:43:58,否,-,笑笑砖策略:no_hit(pattern_not_met) | 紫抄:no_hit(template_miss) | 买+红砖石:no_hit(template_miss) | 紫色哭脸:no_hit(template_miss) | 紫色卖出:no_hit(template_miss),
MP,4h,2026-03-08 23:44:19,是,笑笑砖策略,笑笑砖策略:hit(repeat_suppressed) | 紫抄:no_hit(template_miss) | 买+红砖石:no_hit(buy_red_no_pair) | 紫色哭脸:no_hit(purple_ratio_low) | 紫色卖出:no_hit(template_miss),C:\Users\Administrator\Desktop\futu_combo_watch\output\hit_MP_4h_buy_core_20260308_234358.png
MU,1h,2026-03-08 23:44:53,否,-,笑笑砖策略:no_hit(pattern_not_met) | 紫抄:no_hit(template_miss) | 买+红砖石:no_hit(red_ratio_low) | 紫色哭脸:no_hit(template_miss) | 紫色卖出:no_hit(template_miss),
MU,2h,2026-03-08 23:45:30,否,-,笑笑砖策略:no_hit(pattern_not_met) | 紫抄:no_hit(template_miss) | 买+红砖石:no_hit(red_ratio_low) | 紫色哭脸:no_hit(template_miss) | 紫色卖出:no_hit(template_miss),
MU,3h,2026-03-08 23:46:07,否,-,笑笑砖策略:no_hit(pattern_not_met) | 紫抄:no_hit(template_miss) | 买+红砖石:no_hit(red_ratio_low) | 紫色哭脸:no_hit(template_miss) | 紫色卖出:no_hit(template_miss),
MU,4h,2026-03-08 23:46:44,否,-,笑笑砖策略:no_hit(pattern_not_met) | 紫抄:no_hit(template_miss) | 买+红砖石:no_hit(red_ratio_low) | 紫色哭脸:no_hit(template_miss) | 紫色卖出:no_hit(template_miss),
NBIS,1h,2026-03-08 23:47:22,否,-,笑笑砖策略:no_hit(pattern_not_met) | 紫抄:no_hit(template_miss) | 买+红砖石:no_hit(red_ratio_low) | 紫色哭脸:no_hit(template_miss) | 紫色卖出:no_hit(template_miss),
NBIS,2h,2026-03-08 23:48:36,否,-,笑笑砖策略:no_hit(pattern_not_met) | 紫抄:no_hit(template_miss) | 买+红砖石:no_hit(red_ratio_low) | 紫色哭脸:no_hit(template_miss) | 紫色卖出:no_hit(template_miss),
NBIS,3h,2026-03-08 23:48:59,否,-,笑笑砖策略:no_hit(pattern_not_met) | 紫抄:no_hit(template_miss) | 买+红砖石:no_hit(red_ratio_low) | 紫色哭脸:no_hit(purple_ratio_low) | 紫色卖出:no_hit(template_miss),
NBIS,4h,2026-03-08 23:50:24,否,-,笑笑砖策略:no_hit(pattern_not_met) | 紫抄:no_hit(template_miss) | 买+红砖石:no_hit(red_ratio_low) | 紫色哭脸:no_hit(template_miss) | 紫色卖出:no_hit(template_miss),
NBIZ,1h,2026-03-08 23:51:26,否,-,笑笑砖策略:no_hit(pattern_not_met) | 紫抄:no_hit(template_miss) | 买+红砖石:no_hit(red_ratio_low) | 紫色哭脸:no_hit(template_miss) | 紫色卖出:no_hit(template_miss),
NBIZ,2h,2026-03-08 23:52:12,否,-,笑笑砖策略:no_hit(pattern_not_met) | 紫抄:no_hit(template_miss) | 买+红砖石:no_hit(template_miss) | 紫色哭脸:no_hit(template_miss) | 紫色卖出:no_hit(template_miss),
NBIZ,3h,2026-03-08 23:53:48,否,-,笑笑砖策略:no_hit(pattern_not_met) | 紫抄:no_hit(template_miss) | 买+红砖石:no_hit(template_miss) | 紫色哭脸:no_hit(template_miss) | 紫色卖出:no_hit(template_miss),
NBIZ,4h,2026-03-08 23:54:58,否,-,笑笑砖策略:no_hit(pattern_not_met) | 紫抄:no_hit(template_miss) | 买+红砖石:no_hit(template_miss) | 紫色哭脸:no_hit(template_miss) | 紫色卖出:no_hit(template_miss),
NVDA,1h,2026-03-08 23:55:36,否,-,笑笑砖策略:no_hit(pattern_not_met) | 紫抄:no_hit(template_miss) | 买+红砖石:no_hit(red_ratio_low) | 紫色哭脸:no_hit(template_miss) | 紫色卖出:no_hit(template_miss),
NVDA,2h,2026-03-08 23:56:16,否,-,笑笑砖策略:no_hit(pattern_not_met) | 紫抄:no_hit(template_miss) | 买+红砖石:no_hit(template_miss) | 紫色哭脸:no_hit(template_miss) | 紫色卖出:no_hit(template_miss),
NVDA,3h,2026-03-08 23:56:46,否,-,笑笑砖策略:no_hit(pattern_not_met) | 紫抄:no_hit(template_miss) | 买+红砖石:no_hit(template_miss) | 紫色哭脸:no_hit(template_miss) | 紫色卖出:no_hit(template_miss),
NVDA,4h,2026-03-08 23:58:12,否,-,笑笑砖策略:no_hit(pattern_not_met) | 紫抄:no_hit(template_miss) | 买+红砖石:no_hit(template_miss) | 紫色哭脸:no_hit(template_miss) | 紫色卖出:no_hit(template_miss),
OKLO,1h,2026-03-08 23:58:53,否,-,笑笑砖策略:no_hit(pattern_not_met) | 紫抄:no_hit(template_miss) | 买+红砖石:no_hit(red_ratio_low) | 紫色哭脸:no_hit(template_miss) | 紫色卖出:no_hit(template_miss),
OKLO,2h,2026-03-08 23:59:30,否,-,笑笑砖策略:no_hit(pattern_not_met) | 紫抄:no_hit(template_miss) | 买+红砖石:no_hit(red_ratio_low) | 紫色哭脸:no_hit(template_miss) | 紫色卖出:no_hit(template_miss),
OKLO,3h,2026-03-09 00:00:02,否,-,笑笑砖策略:no_hit(pattern_not_met) | 紫抄:no_hit(template_miss) | 买+红砖石:no_hit(red_ratio_low) | 紫色哭脸:no_hit(template_miss) | 紫色卖出:no_hit(template_miss),
OKLO,4h,2026-03-09 00:01:27,否,-,笑笑砖策略:no_hit(pattern_not_met) | 紫抄:no_hit(template_miss) | 买+红砖石:no_hit(red_ratio_low) | 紫色哭脸:no_hit(template_miss) | 紫色卖出:no_hit(template_miss),
OKLS,1h,2026-03-09 00:02:17,否,-,笑笑砖策略:no_hit(pattern_not_met) | 紫抄:no_hit(template_miss) | 买+红砖石:no_hit(red_ratio_low) | 紫色哭脸:no_hit(template_miss) | 紫色卖出:no_hit(template_miss),
OKLS,2h,2026-03-09 00:03:15,否,-,笑笑砖策略:no_hit(pattern_not_met) | 紫抄:no_hit(template_miss) | 买+红砖石:no_hit(red_ratio_low) | 紫色哭脸:no_hit(template_miss) | 紫色卖出:no_hit(template_miss),
OKLS,3h,2026-03-09 00:03:53,否,-,笑笑砖策略:no_hit(pattern_not_met) | 紫抄:no_hit(template_miss) | 买+红砖石:no_hit(red_ratio_low) | 紫色哭脸:no_hit(template_miss) | 紫色卖出:no_hit(template_miss),
OKLS,4h,2026-03-09 00:04:51,否,-,笑笑砖策略:no_hit(pattern_not_met) | 紫抄:no_hit(template_miss) | 买+红砖石:no_hit(red_ratio_low) | 紫色哭脸:no_hit(template_miss) | 紫色卖出:no_hit(template_miss),
PLTR,1h,2026-03-09 00:06:13,否,-,笑笑砖策略:no_hit(pattern_not_met) | 紫抄:no_hit(template_miss) | 买+红砖石:no_hit(red_ratio_low) | 紫色哭脸:no_hit(template_miss) | 紫色卖出:no_hit(template_miss),
PLTR,2h,2026-03-09 00:07:29,否,-,笑笑砖策略:no_hit(pattern_not_met) | 紫抄:no_hit(template_miss) | 买+红砖石:no_hit(template_miss) | 紫色哭脸:no_hit(template_miss) | 紫色卖出:no_hit(template_miss),
PLTR,3h,2026-03-09 00:08:40,否,-,笑笑砖策略:no_hit(pattern_not_met) | 紫抄:no_hit(template_miss) | 买+红砖石:no_hit(template_miss) | 紫色哭脸:no_hit(template_miss) | 紫色卖出:no_hit(template_miss),
PLTR,4h,2026-03-09 00:10:07,否,-,笑笑砖策略:no_hit(pattern_not_met) | 紫抄:no_hit(template_miss) | 买+红砖石:no_hit(template_miss) | 紫色哭脸:no_hit(template_miss) | 紫色卖出:no_hit(template_miss),
PLTZ,1h,2026-03-09 00:11:35,否,-,笑笑砖策略:no_hit(pattern_not_met) | 紫抄:no_hit(template_miss) | 买+红砖石:no_hit(red_ratio_low) | 紫色哭脸:no_hit(template_miss) | 紫色卖出:no_hit(template_miss),
PLTZ,2h,2026-03-09 00:12:51,否,-,笑笑砖策略:no_hit(pattern_not_met) | 紫抄:no_hit(template_miss) | 买+红砖石:no_hit(template_miss) | 紫色哭脸:no_hit(template_miss) | 紫色卖出:no_hit(template_miss),
PLTZ,3h,2026-03-09 00:14:05,否,-,笑笑砖策略:no_hit(pattern_not_met) | 紫抄:no_hit(template_miss) | 买+红砖石:no_hit(red_ratio_low) | 紫色哭脸:no_hit(template_miss) | 紫色卖出:no_hit(template_miss),
PLTZ,4h,2026-03-09 00:14:27,否,-,笑笑砖策略:no_hit(pattern_not_met) | 紫抄:no_hit(template_miss) | 买+红砖石:no_hit(red_ratio_low) | 紫色哭脸:no_hit(template_miss) | 紫色卖出:no_hit(template_miss),
RDW,1h,2026-03-09 00:15:08,否,-,笑笑砖策略:no_hit(pattern_not_met) | 紫抄:no_hit(template_miss) | 买+红砖石:no_hit(red_ratio_low) | 紫色哭脸:no_hit(template_miss) | 紫色卖出:no_hit(template_miss),
RDW,2h,2026-03-09 00:15:40,否,-,笑笑砖策略:no_hit(pattern_not_met) | 紫抄:no_hit(template_miss) | 买+红砖石:no_hit(red_ratio_low) | 紫色哭脸:no_hit(template_miss) | 紫色卖出:no_hit(template_miss),
RDW,3h,2026-03-09 00:16:11,否,-,笑笑砖策略:no_hit(pattern_not_met) | 紫抄:no_hit(template_miss) | 买+红砖石:no_hit(red_ratio_low) | 紫色哭脸:no_hit(template_miss) | 紫色卖出:no_hit(template_miss),
RDW,4h,2026-03-09 00:16:47,否,-,笑笑砖策略:no_hit(pattern_not_met) | 紫抄:no_hit(template_miss) | 买+红砖石:no_hit(red_ratio_low) | 紫色哭脸:no_hit(template_miss) | 紫色卖出:no_hit(template_miss),
RGTZ,1h,2026-03-09 00:17:20,否,-,笑笑砖策略:no_hit(pattern_not_met) | 紫抄:no_hit(template_miss) | 买+红砖石:no_hit(red_ratio_low) | 紫色哭脸:no_hit(already_active) | 紫色卖出:no_hit(template_miss),
RGTZ,2h,2026-03-09 00:18:07,否,-,笑笑砖策略:no_hit(pattern_not_met) | 紫抄:no_hit(template_miss) | 买+红砖石:no_hit(red_ratio_low) | 紫色哭脸:no_hit(template_miss) | 紫色卖出:no_hit(template_miss),
RGTZ,3h,2026-03-09 00:19:06,否,-,笑笑砖策略:no_hit(pattern_not_met) | 紫抄:no_hit(template_miss) | 买+红砖石:no_hit(red_ratio_low) | 紫色哭脸:no_hit(purple_ratio_low) | 紫色卖出:no_hit(template_miss),
RGTZ,4h,2026-03-09 00:19:32,否,-,笑笑砖策略:no_hit(pattern_not_met) | 紫抄:no_hit(template_miss) | 买+红砖石:no_hit(red_ratio_low) | 紫色哭脸:no_hit(purple_ratio_low) | 紫色卖出:no_hit(template_miss),
RKLB,1h,2026-03-09 00:20:49,否,-,笑笑砖策略:no_hit(pattern_not_met) | 紫抄:no_hit(template_miss) | 买+红砖石:no_hit(red_ratio_low) | 紫色哭脸:no_hit(template_miss) | 紫色卖出:no_hit(template_miss),
RKLB,2h,2026-03-09 00:21:32,否,-,笑笑砖策略:no_hit(pattern_not_met) | 紫抄:no_hit(template_miss) | 买+红砖石:no_hit(red_ratio_low) | 紫色哭脸:no_hit(already_active) | 紫色卖出:no_hit(template_miss),
RKLB,3h,2026-03-09 00:22:30,否,-,笑笑砖策略:no_hit(pattern_not_met) | 紫抄:no_hit(template_miss) | 买+红砖石:no_hit(red_ratio_low) | 紫色哭脸:no_hit(template_miss) | 紫色卖出:no_hit(template_miss),
RKLB,4h,2026-03-09 00:23:01,否,-,笑笑砖策略:no_hit(pattern_not_met) | 紫抄:no_hit(template_miss) | 买+红砖石:no_hit(red_ratio_low) | 紫色哭脸:no_hit(purple_ratio_low) | 紫色卖出:no_hit(template_miss),
RKLZ,1h,2026-03-09 00:23:35,否,-,笑笑砖策略:no_hit(pattern_not_met) | 紫抄:no_hit(template_miss) | 买+红砖石:no_hit(red_ratio_low) | 紫色哭脸:no_hit(already_active) | 紫色卖出:no_hit(template_miss),
RKLZ,2h,2026-03-09 00:24:12,否,-,笑笑砖策略:no_hit(pattern_not_met) | 紫抄:no_hit(template_miss) | 买+红砖石:no_hit(red_ratio_low) | 紫色哭脸:no_hit(template_miss) | 紫色卖出:no_hit(template_miss),
RKLZ,3h,2026-03-09 00:24:30,否,-,笑笑砖策略:no_hit(pattern_not_met) | 紫抄:no_hit(template_miss) | 买+红砖石:no_hit(red_ratio_low) | 紫色哭脸:no_hit(already_active) | 紫色卖出:no_hit(template_miss),
RKLZ,4h,2026-03-09 00:24:58,否,-,笑笑砖策略:no_hit(pattern_not_met) | 紫抄:no_hit(template_miss) | 买+红砖石:no_hit(red_ratio_low) | 紫色哭脸:no_hit(already_active) | 紫色卖出:no_hit(template_miss),
RZLV,1h,2026-03-09 00:26:08,否,-,笑笑砖策略:no_hit(pattern_not_met) | 紫抄:no_hit(template_miss) | 买+红砖石:no_hit(red_ratio_low) | 紫色哭脸:no_hit(template_miss) | 紫色卖出:no_hit(template_miss),
RZLV,2h,2026-03-09 00:26:59,否,-,笑笑砖策略:no_hit(pattern_not_met) | 紫抄:no_hit(template_miss) | 买+红砖石:no_hit(red_ratio_low) | 紫色哭脸:no_hit(template_miss) | 紫色卖出:no_hit(template_miss),
RZLV,3h,2026-03-09 00:27:17,否,-,笑笑砖策略:no_hit(pattern_not_met) | 紫抄:no_hit(template_miss) | 买+红砖石:no_hit(red_ratio_low) | 紫色哭脸:no_hit(already_active) | 紫色卖出:no_hit(template_miss),
RZLV,4h,2026-03-09 00:27:55,否,-,笑笑砖策略:no_hit(pattern_not_met) | 紫抄:no_hit(template_miss) | 买+红砖石:no_hit(red_ratio_low) | 紫色哭脸:no_hit(template_miss) | 紫色卖出:no_hit(template_miss),
SOXS,1h,2026-03-09 00:28:49,否,-,笑笑砖策略:no_hit(pattern_not_met) | 紫抄:no_hit(template_miss) | 买+红砖石:no_hit(red_ratio_low) | 紫色哭脸:no_hit(template_miss) | 紫色卖出:no_hit(template_miss),
SOXS,2h,2026-03-09 00:29:29,否,-,笑笑砖策略:no_hit(pattern_not_met) | 紫抄:no_hit(template_miss) | 买+红砖石:no_hit(red_ratio_low) | 紫色哭脸:no_hit(template_miss) | 紫色卖出:no_hit(template_miss),
SOXS,3h,2026-03-09 00:30:01,否,-,笑笑砖策略:no_hit(pattern_not_met) | 紫抄:no_hit(template_miss) | 买+红砖石:no_hit(red_ratio_low) | 紫色哭脸:no_hit(template_miss) | 紫色卖出:no_hit(template_miss),
SOXS,4h,2026-03-09 00:30:29,否,-,笑笑砖策略:no_hit(pattern_not_met) | 紫抄:no_hit(template_miss) | 买+红砖石:no_hit(red_ratio_low) | 紫色哭脸:no_hit(purple_ratio_low) | 紫色卖出:no_hit(template_miss),
STM,1h,2026-03-09 00:31:16,否,-,笑笑砖策略:no_hit(pattern_not_met) | 紫抄:no_hit(template_miss) | 买+红砖石:no_hit(red_ratio_low) | 紫色哭脸:no_hit(template_miss) | 紫色卖出:no_hit(template_miss),
STM,2h,2026-03-09 00:31:48,否,-,笑笑砖策略:no_hit(pattern_not_met) | 紫抄:no_hit(template_miss) | 买+红砖石:no_hit(red_ratio_low) | 紫色哭脸:no_hit(template_miss) | 紫色卖出:no_hit(template_miss),
STM,3h,2026-03-09 00:32:54,否,-,笑笑砖策略:no_hit(pattern_not_met) | 紫抄:no_hit(template_miss) | 买+红砖石:no_hit(red_ratio_low) | 紫色哭脸:no_hit(template_miss) | 紫色卖出:no_hit(template_miss),
STM,4h,2026-03-09 00:34:18,否,-,笑笑砖策略:no_hit(pattern_not_met) | 紫抄:no_hit(template_miss) | 买+红砖石:no_hit(red_ratio_low) | 紫色哭脸:no_hit(template_miss) | 紫色卖出:no_hit(template_miss),
TSLA,1h,2026-03-09 00:34:55,否,-,笑笑砖策略:no_hit(pattern_not_met) | 紫抄:no_hit(template_miss) | 买+红砖石:no_hit(template_miss) | 紫色哭脸:no_hit(template_miss) | 紫色卖出:no_hit(template_miss),
TSLA,2h,2026-03-09 00:35:34,否,-,笑笑砖策略:no_hit(pattern_not_met) | 紫抄:no_hit(template_miss) | 买+红砖石:no_hit(red_ratio_low) | 紫色哭脸:no_hit(template_miss) | 紫色卖出:no_hit(template_miss),
TSLA,3h,2026-03-09 00:36:07,否,-,笑笑砖策略:no_hit(pattern_not_met) | 紫抄:no_hit(template_miss) | 买+红砖石:no_hit(template_miss) | 紫色哭脸:no_hit(template_miss) | 紫色卖出:no_hit(template_miss),
TSLA,4h,2026-03-09 00:36:46,否,-,笑笑砖策略:no_hit(pattern_not_met) | 紫抄:no_hit(template_miss) | 买+红砖石:no_hit(red_ratio_low) | 紫色哭脸:no_hit(template_miss) | 紫色卖出:no_hit(template_miss),
TSLQ,1h,2026-03-09 00:37:40,否,-,笑笑砖策略:no_hit(pattern_not_met) | 紫抄:no_hit(template_miss) | 买+红砖石:no_hit(template_miss) | 紫色哭脸:no_hit(template_miss) | 紫色卖出:no_hit(template_miss),
TSLQ,2h,2026-03-09 00:38:29,否,-,笑笑砖策略:no_hit(pattern_not_met) | 紫抄:no_hit(template_miss) | 买+红砖石:no_hit(red_ratio_low) | 紫色哭脸:no_hit(template_miss) | 紫色卖出:no_hit(template_miss),
TSLQ,3h,2026-03-09 00:39:19,否,-,笑笑砖策略:no_hit(pattern_not_met) | 紫抄:no_hit(template_miss) | 买+红砖石:no_hit(red_ratio_low) | 紫色哭脸:no_hit(template_miss) | 紫色卖出:no_hit(template_miss),
TSLQ,4h,2026-03-09 00:40:04,否,-,笑笑砖策略:no_hit(pattern_not_met) | 紫抄:no_hit(template_miss) | 买+红砖石:no_hit(red_ratio_low) | 紫色哭脸:no_hit(template_miss) | 紫色卖出:no_hit(template_miss),
UVIX,1h,2026-03-09 00:40:37,否,-,笑笑砖策略:no_hit(pattern_not_met) | 紫抄:no_hit(template_miss) | 买+红砖石:no_hit(red_ratio_low) | 紫色哭脸:no_hit(template_miss) | 紫色卖出:no_hit(template_miss),
UVIX,2h,2026-03-09 00:41:10,否,-,笑笑砖策略:no_hit(pattern_not_met) | 紫抄:no_hit(template_miss) | 买+红砖石:no_hit(red_ratio_low) | 紫色哭脸:no_hit(template_miss) | 紫色卖出:no_hit(template_miss),
UVIX,3h,2026-03-09 00:41:48,否,-,笑笑砖策略:no_hit(pattern_not_met) | 紫抄:no_hit(template_miss) | 买+红砖石:no_hit(red_ratio_low) | 紫色哭脸:no_hit(template_miss) | 紫色卖出:no_hit(template_miss),
UVIX,4h,2026-03-09 00:42:15,否,-,笑笑砖策略:no_hit(pattern_not_met) | 紫抄:no_hit(template_miss) | 买+红砖石:no_hit(red_ratio_low) | 紫色哭脸:no_hit(purple_ratio_low) | 紫色卖出:no_hit(template_miss),
WDC,1h,2026-03-09 00:42:45,否,-,笑笑砖策略:no_hit(pattern_not_met) | 紫抄:no_hit(template_miss) | 买+红砖石:no_hit(red_ratio_low) | 紫色哭脸:no_hit(template_miss) | 紫色卖出:no_hit(template_miss),
WDC,2h,2026-03-09 00:43:17,否,-,笑笑砖策略:no_hit(pattern_not_met) | 紫抄:no_hit(template_miss) | 买+红砖石:no_hit(red_ratio_low) | 紫色哭脸:no_hit(template_miss) | 紫色卖出:no_hit(template_miss),
WDC,3h,2026-03-09 00:43:49,否,-,笑笑砖策略:no_hit(pattern_not_met) | 紫抄:no_hit(template_miss) | 买+红砖石:no_hit(red_ratio_low) | 紫色哭脸:no_hit(template_miss) | 紫色卖出:no_hit(template_miss),
WDC,4h,2026-03-09 00:45:09,否,-,笑笑砖策略:no_hit(pattern_not_met) | 紫抄:no_hit(template_miss) | 买+红砖石:no_hit(template_miss) | 紫色哭脸:no_hit(template_miss) | 紫色卖出:no_hit(template_miss),
ZSL,1h,2026-03-09 00:45:43,否,-,笑笑砖策略:no_hit(pattern_not_met) | 紫抄:no_hit(template_miss) | 买+红砖石:no_hit(template_miss) | 紫色哭脸:no_hit(template_miss) | 紫色卖出:no_hit(template_miss),
ZSL,2h,2026-03-09 00:46:39,否,-,笑笑砖策略:no_hit(pattern_not_met) | 紫抄:no_hit(template_miss) | 买+红砖石:no_hit(red_ratio_low) | 紫色哭脸:no_hit(purple_ratio_low) | 紫色卖出:no_hit(template_miss),
ZSL,3h,2026-03-09 00:48:10,否,-,笑笑砖策略:no_hit(pattern_not_met) | 紫抄:no_hit(template_miss) | 买+红砖石:no_hit(red_ratio_low) | 紫色哭脸:no_hit(template_miss) | 紫色卖出:no_hit(template_miss),
ZSL,4h,2026-03-09 00:49:43,否,-,笑笑砖策略:no_hit(pattern_not_met) | 紫抄:no_hit(template_miss) | 买+红砖石:no_hit(red_ratio_low) | 紫色哭脸:no_hit(template_miss) | 紫色卖出:no_hit(template_miss),
BILI,1h,2026-03-09 01:00:32,否,-,笑笑砖策略:no_hit(pattern_not_met) | 紫抄:no_hit(template_miss) | 买+红砖石:no_hit(red_ratio_low) | 紫色哭脸:no_hit(template_miss) | 紫色卖出:no_hit(template_miss),
BILI,2h,2026-03-09 01:01:41,否,-,笑笑砖策略:no_hit(pattern_not_met) | 紫抄:no_hit(template_miss) | 买+红砖石:no_hit(template_miss) | 紫色哭脸:no_hit(template_miss) | 紫色卖出:no_hit(template_miss),
BILI,3h,2026-03-09 01:02:53,否,-,笑笑砖策略:no_hit(pattern_not_met) | 紫抄:no_hit(template_miss) | 买+红砖石:no_hit(template_miss) | 紫色哭脸:no_hit(template_miss) | 紫色卖出:no_hit(template_miss),
BILI,4h,2026-03-09 01:04:25,否,-,笑笑砖策略:no_hit(pattern_not_met) | 紫抄:no_hit(template_miss) | 买+红砖石:no_hit(red_ratio_low) | 紫色哭脸:no_hit(template_miss) | 紫色卖出:no_hit(template_miss),
CONI,1h,2026-03-09 01:05:24,否,-,笑笑砖策略:no_hit(pattern_not_met) | 紫抄:no_hit(template_miss) | 买+红砖石:no_hit(red_ratio_low) | 紫色哭脸:no_hit(template_miss) | 紫色卖出:no_hit(template_miss),
CONI,2h,2026-03-09 01:06:15,否,-,笑笑砖策略:no_hit(pattern_not_met) | 紫抄:no_hit(template_miss) | 买+红砖石:no_hit(red_ratio_low) | 紫色哭脸:no_hit(already_active) | 紫色卖出:no_hit(template_miss),
CONI,3h,2026-03-09 01:06:59,否,-,笑笑砖策略:no_hit(pattern_not_met) | 紫抄:no_hit(template_miss) | 买+红砖石:no_hit(red_ratio_low) | 紫色哭脸:no_hit(already_active) | 紫色卖出:no_hit(template_miss),
CONI,4h,2026-03-09 01:08:23,否,-,笑笑砖策略:no_hit(pattern_not_met) | 紫抄:no_hit(template_miss) | 买+红砖石:no_hit(red_ratio_low) | 紫色哭脸:no_hit(template_miss) | 紫色卖出:no_hit(template_miss),
CORD,1h,2026-03-09 01:09:01,否,-,笑笑砖策略:no_hit(pattern_not_met) | 紫抄:no_hit(template_miss) | 买+红砖石:no_hit(red_ratio_low) | 紫色哭脸:no_hit(template_miss) | 紫色卖出:no_hit(template_miss),
CORD,2h,2026-03-09 01:09:49,否,-,笑笑砖策略:no_hit(pattern_not_met) | 紫抄:no_hit(template_miss) | 买+红砖石:no_hit(red_ratio_low) | 紫色哭脸:no_hit(purple_ratio_low) | 紫色卖出:no_hit(template_miss),
CORD,3h,2026-03-09 01:10:32,否,-,笑笑砖策略:no_hit(pattern_not_met) | 紫抄:no_hit(template_miss) | 买+红砖石:no_hit(red_ratio_low) | 紫色哭脸:no_hit(already_active) | 紫色卖出:no_hit(template_miss),
CORD,4h,2026-03-09 01:11:22,否,-,笑笑砖策略:no_hit(pattern_not_met) | 紫抄:no_hit(template_miss) | 买+红砖石:no_hit(red_ratio_low) | 紫色哭脸:no_hit(already_active) | 紫色卖出:no_hit(template_miss),
CRCD,1h,2026-03-09 01:12:08,否,-,笑笑砖策略:no_hit(pattern_not_met) | 紫抄:no_hit(template_miss) | 买+红砖石:no_hit(template_miss) | 紫色哭脸:no_hit(template_miss) | 紫色卖出:no_hit(template_miss),
CRCD,2h,2026-03-09 01:13:08,否,-,笑笑砖策略:no_hit(pattern_not_met) | 紫抄:no_hit(template_miss) | 买+红砖石:no_hit(red_ratio_low) | 紫色哭脸:no_hit(already_active) | 紫色卖出:no_hit(template_miss),
CRCD,3h,2026-03-09 01:14:08,否,-,笑笑砖策略:no_hit(pattern_not_met) | 紫抄:no_hit(template_miss) | 买+红砖石:no_hit(red_ratio_low) | 紫色哭脸:no_hit(already_active) | 紫色卖出:no_hit(template_miss),
CRCD,4h,2026-03-09 01:15:20,否,-,笑笑砖策略:no_hit(pattern_not_met) | 紫抄:no_hit(template_miss) | 买+红砖石:no_hit(red_ratio_low) | 紫色哭脸:no_hit(template_miss) | 紫色卖出:no_hit(template_miss),
CRCL,1h,2026-03-09 01:16:50,否,-,笑笑砖策略:no_hit(pattern_not_met) | 紫抄:no_hit(template_miss) | 买+红砖石:no_hit(red_ratio_low) | 紫色哭脸:no_hit(template_miss) | 紫色卖出:no_hit(template_miss),
CRCL,2h,2026-03-09 01:18:03,否,-,笑笑砖策略:no_hit(pattern_not_met) | 紫抄:no_hit(template_miss) | 买+红砖石:no_hit(red_ratio_low) | 紫色哭脸:no_hit(template_miss) | 紫色卖出:no_hit(template_miss),
CRCL,3h,2026-03-09 01:19:14,否,-,笑笑砖策略:no_hit(pattern_not_met) | 紫抄:no_hit(template_miss) | 买+红砖石:no_hit(red_ratio_low) | 紫色哭脸:no_hit(template_miss) | 紫色卖出:no_hit(template_miss),
CRCL,4h,2026-03-09 01:19:56,否,-,笑笑砖策略:no_hit(pattern_not_met) | 紫抄:no_hit(template_miss) | 买+红砖石:no_hit(red_ratio_low) | 紫色哭脸:no_hit(already_active) | 紫色卖出:no_hit(template_miss),
CRDO,1h,2026-03-09 01:20:26,否,-,笑笑砖策略:no_hit(pattern_not_met) | 紫抄:no_hit(template_miss) | 买+红砖石:no_hit(red_ratio_low) | 紫色哭脸:no_hit(template_miss) | 紫色卖出:no_hit(template_miss),
CRDO,2h,2026-03-09 01:20:58,否,-,笑笑砖策略:no_hit(pattern_not_met) | 紫抄:no_hit(template_miss) | 买+红砖石:no_hit(red_ratio_low) | 紫色哭脸:no_hit(template_miss) | 紫色卖出:no_hit(template_miss),
CRDO,3h,2026-03-09 01:22:14,否,-,笑笑砖策略:no_hit(pattern_not_met) | 紫抄:no_hit(template_miss) | 买+红砖石:no_hit(red_ratio_low) | 紫色哭脸:no_hit(template_miss) | 紫色卖出:no_hit(template_miss),
CRDO,4h,2026-03-09 01:22:41,否,-,笑笑砖策略:no_hit(pattern_not_met) | 紫抄:no_hit(template_miss) | 买+红砖石:no_hit(red_ratio_low) | 紫色哭脸:no_hit(template_miss) | 紫色卖出:no_hit(template_miss),
CRML,1h,2026-03-09 01:23:00,否,-,笑笑砖策略:no_hit(pattern_not_met) | 紫抄:no_hit(template_miss) | 买+红砖石:no_hit(red_ratio_low) | 紫色哭脸:no_hit(template_miss) | 紫色卖出:no_hit(template_miss),
CRML,2h,2026-03-09 01:23:21,否,-,笑笑砖策略:no_hit(pattern_not_met) | 紫抄:no_hit(template_miss) | 买+红砖石:no_hit(red_ratio_low) | 紫色哭脸:no_hit(template_miss) | 紫色卖出:no_hit(template_miss),
CRML,3h,2026-03-09 01:23:42,否,-,笑笑砖策略:no_hit(pattern_not_met) | 紫抄:no_hit(template_miss) | 买+红砖石:no_hit(red_ratio_low) | 紫色哭脸:no_hit(template_miss) | 紫色卖出:no_hit(template_miss),
CRML,4h,2026-03-09 01:24:39,否,-,笑笑砖策略:no_hit(pattern_not_met) | 紫抄:no_hit(template_miss) | 买+红砖石:no_hit(red_ratio_low) | 紫色哭脸:no_hit(template_miss) | 紫色卖出:no_hit(template_miss),
DJT,1h,2026-03-09 01:25:02,否,-,笑笑砖策略:no_hit(pattern_not_met) | 紫抄:no_hit(template_miss) | 买+红砖石:no_hit(red_ratio_low) | 紫色哭脸:no_hit(template_miss) | 紫色卖出:no_hit(template_miss),
DJT,2h,2026-03-09 01:26:34,否,-,笑笑砖策略:no_hit(pattern_not_met) | 紫抄:no_hit(template_miss) | 买+红砖石:no_hit(red_ratio_low) | 紫色哭脸:no_hit(template_miss) | 紫色卖出:no_hit(template_miss),
DJT,3h,2026-03-09 01:27:14,否,-,笑笑砖策略:no_hit(pattern_not_met) | 紫抄:no_hit(template_miss) | 买+红砖石:no_hit(red_ratio_low) | 紫色哭脸:no_hit(template_miss) | 紫色卖出:no_hit(template_miss),
DJT,4h,2026-03-09 01:28:46,否,-,笑笑砖策略:no_hit(pattern_not_met) | 紫抄:no_hit(template_miss) | 买+红砖石:no_hit(red_ratio_low) | 紫色哭脸:no_hit(template_miss) | 紫色卖出:no_hit(template_miss),
DPST,1h,2026-03-09 01:29:56,否,-,笑笑砖策略:no_hit(pattern_not_met) | 紫抄:no_hit(template_miss) | 买+红砖石:no_hit(template_miss) | 紫色哭脸:no_hit(template_miss) | 紫色卖出:no_hit(template_miss),
DPST,2h,2026-03-09 01:30:33,否,-,笑笑砖策略:no_hit(pattern_not_met) | 紫抄:no_hit(template_miss) | 买+红砖石:no_hit(red_ratio_low) | 紫色哭脸:no_hit(template_miss) | 紫色卖出:no_hit(template_miss),
DPST,3h,2026-03-09 01:30:57,否,-,笑笑砖策略:no_hit(pattern_not_met) | 紫抄:no_hit(template_miss) | 买+红砖石:no_hit(red_ratio_low) | 紫色哭脸:no_hit(template_miss) | 紫色卖出:no_hit(template_miss),
DPST,4h,2026-03-09 01:31:17,否,-,笑笑砖策略:no_hit(pattern_not_met) | 紫抄:no_hit(template_miss) | 买+红砖石:no_hit(red_ratio_low) | 紫色哭脸:no_hit(purple_ratio_low) | 紫色卖出:no_hit(template_miss),
INTC,1h,2026-03-09 01:31:55,否,-,笑笑砖策略:no_hit(pattern_not_met) | 紫抄:no_hit(template_miss) | 买+红砖石:no_hit(red_ratio_low) | 紫色哭脸:no_hit(template_miss) | 紫色卖出:no_hit(template_miss),
INTC,2h,2026-03-09 01:32:35,否,-,笑笑砖策略:no_hit(pattern_not_met) | 紫抄:no_hit(template_miss) | 买+红砖石:no_hit(red_ratio_low) | 紫色哭脸:no_hit(template_miss) | 紫色卖出:no_hit(template_miss),
INTC,3h,2026-03-09 01:34:00,否,-,笑笑砖策略:no_hit(pattern_not_met) | 紫抄:no_hit(template_miss) | 买+红砖石:no_hit(red_ratio_low) | 紫色哭脸:no_hit(template_miss) | 紫色卖出:no_hit(template_miss),
INTC,4h,2026-03-09 01:34:18,否,-,笑笑砖策略:no_hit(pattern_not_met) | 紫抄:no_hit(template_miss) | 买+红砖石:no_hit(red_ratio_low) | 紫色哭脸:no_hit(already_active) | 紫色卖出:no_hit(template_miss),
KOLD,1h,2026-03-09 01:35:07,否,-,笑笑砖策略:no_hit(pattern_not_met) | 紫抄:no_hit(template_miss) | 买+红砖石:no_hit(red_ratio_low) | 紫色哭脸:no_hit(template_miss) | 紫色卖出:no_hit(template_miss),
KOLD,2h,2026-03-09 01:35:33,否,-,笑笑砖策略:no_hit(pattern_not_met) | 紫抄:no_hit(template_miss) | 买+红砖石:no_hit(red_ratio_low) | 紫色哭脸:no_hit(template_miss) | 紫色卖出:no_hit(template_miss),
KOLD,3h,2026-03-09 01:36:46,否,-,笑笑砖策略:no_hit(pattern_not_met) | 紫抄:no_hit(template_miss) | 买+红砖石:no_hit(red_ratio_low) | 紫色哭脸:no_hit(template_miss) | 紫色卖出:no_hit(template_miss),
KOLD,4h,2026-03-09 01:37:08,否,-,笑笑砖策略:no_hit(pattern_not_met) | 紫抄:no_hit(template_miss) | 买+红砖石:no_hit(red_ratio_low) | 紫色哭脸:no_hit(template_miss) | 紫色卖出:no_hit(template_miss),
LMND,1h,2026-03-09 01:38:00,否,-,笑笑砖策略:no_hit(pattern_not_met) | 紫抄:no_hit(template_miss) | 买+红砖石:no_hit(red_ratio_low) | 紫色哭脸:no_hit(template_miss) | 紫色卖出:no_hit(template_miss),
LMND,2h,2026-03-09 01:38:40,否,-,笑笑砖策略:no_hit(pattern_not_met) | 紫抄:no_hit(template_miss) | 买+红砖石:no_hit(red_ratio_low) | 紫色哭脸:no_hit(already_active) | 紫色卖出:no_hit(template_miss),
LMND,3h,2026-03-09 01:40:08,否,-,笑笑砖策略:no_hit(pattern_not_met) | 紫抄:no_hit(template_miss) | 买+红砖石:no_hit(template_miss) | 紫色哭脸:no_hit(template_miss) | 紫色卖出:no_hit(template_miss),
LMND,4h,2026-03-09 01:40:39,否,-,笑笑砖策略:no_hit(pattern_not_met) | 紫抄:no_hit(template_miss) | 买+红砖石:no_hit(red_ratio_low) | 紫色哭脸:no_hit(already_active) | 紫色卖出:no_hit(template_miss),
MP,1h,2026-03-09 01:41:34,否,-,笑笑砖策略:no_hit(pattern_not_met) | 紫抄:no_hit(template_miss) | 买+红砖石:no_hit(template_miss) | 紫色哭脸:no_hit(template_miss) | 紫色卖出:no_hit(template_miss),
MP,2h,2026-03-09 01:42:29,否,-,笑笑砖策略:no_hit(pattern_not_met) | 紫抄:no_hit(template_miss) | 买+红砖石:no_hit(template_miss) | 紫色哭脸:no_hit(template_miss) | 紫色卖出:no_hit(template_miss),
MP,3h,2026-03-09 01:43:32,否,-,笑笑砖策略:no_hit(pattern_not_met) | 紫抄:no_hit(template_miss) | 买+红砖石:no_hit(template_miss) | 紫色哭脸:no_hit(template_miss) | 紫色卖出:no_hit(template_miss),
MP,4h,2026-03-09 01:43:54,是,笑笑砖策略,笑笑砖策略:hit(repeat_suppressed) | 紫抄:no_hit(template_miss) | 买+红砖石:no_hit(buy_red_no_pair) | 紫色哭脸:no_hit(purple_ratio_low) | 紫色卖出:no_hit(template_miss),C:\Users\Administrator\Desktop\futu_combo_watch\output\hit_MP_4h_buy_core_20260309_014332.png
MU,1h,2026-03-09 01:44:25,否,-,笑笑砖策略:no_hit(pattern_not_met) | 紫抄:no_hit(template_miss) | 买+红砖石:no_hit(red_ratio_low) | 紫色哭脸:no_hit(template_miss) | 紫色卖出:no_hit(template_miss),
MU,2h,2026-03-09 01:45:01,否,-,笑笑砖策略:no_hit(pattern_not_met) | 紫抄:no_hit(template_miss) | 买+红砖石:no_hit(red_ratio_low) | 紫色哭脸:no_hit(template_miss) | 紫色卖出:no_hit(template_miss),
MU,3h,2026-03-09 01:45:38,否,-,笑笑砖策略:no_hit(pattern_not_met) | 紫抄:no_hit(template_miss) | 买+红砖石:no_hit(red_ratio_low) | 紫色哭脸:no_hit(template_miss) | 紫色卖出:no_hit(template_miss),
MU,4h,2026-03-09 01:46:16,否,-,笑笑砖策略:no_hit(pattern_not_met) | 紫抄:no_hit(template_miss) | 买+红砖石:no_hit(red_ratio_low) | 紫色哭脸:no_hit(template_miss) | 紫色卖出:no_hit(template_miss),
NBIS,1h,2026-03-09 01:46:54,否,-,笑笑砖策略:no_hit(pattern_not_met) | 紫抄:no_hit(template_miss) | 买+红砖石:no_hit(red_ratio_low) | 紫色哭脸:no_hit(template_miss) | 紫色卖出:no_hit(template_miss),
NBIS,2h,2026-03-09 01:48:07,否,-,笑笑砖策略:no_hit(pattern_not_met) | 紫抄:no_hit(template_miss) | 买+红砖石:no_hit(red_ratio_low) | 紫色哭脸:no_hit(template_miss) | 紫色卖出:no_hit(template_miss),
NBIS,3h,2026-03-09 01:48:30,否,-,笑笑砖策略:no_hit(pattern_not_met) | 紫抄:no_hit(template_miss) | 买+红砖石:no_hit(red_ratio_low) | 紫色哭脸:no_hit(purple_ratio_low) | 紫色卖出:no_hit(template_miss),
NBIS,4h,2026-03-09 01:49:55,否,-,笑笑砖策略:no_hit(pattern_not_met) | 紫抄:no_hit(template_miss) | 买+红砖石:no_hit(red_ratio_low) | 紫色哭脸:no_hit(template_miss) | 紫色卖出:no_hit(template_miss),
NBIZ,1h,2026-03-09 01:50:57,否,-,笑笑砖策略:no_hit(pattern_not_met) | 紫抄:no_hit(template_miss) | 买+红砖石:no_hit(red_ratio_low) | 紫色哭脸:no_hit(template_miss) | 紫色卖出:no_hit(template_miss),
NBIZ,2h,2026-03-09 01:51:43,否,-,笑笑砖策略:no_hit(pattern_not_met) | 紫抄:no_hit(template_miss) | 买+红砖石:no_hit(template_miss) | 紫色哭脸:no_hit(template_miss) | 紫色卖出:no_hit(template_miss),
NBIZ,3h,2026-03-09 01:53:19,否,-,笑笑砖策略:no_hit(pattern_not_met) | 紫抄:no_hit(template_miss) | 买+红砖石:no_hit(template_miss) | 紫色哭脸:no_hit(template_miss) | 紫色卖出:no_hit(template_miss),
NBIZ,4h,2026-03-09 01:54:29,否,-,笑笑砖策略:no_hit(pattern_not_met) | 紫抄:no_hit(template_miss) | 买+红砖石:no_hit(template_miss) | 紫色哭脸:no_hit(template_miss) | 紫色卖出:no_hit(template_miss),
NVDA,1h,2026-03-09 01:55:08,否,-,笑笑砖策略:no_hit(pattern_not_met) | 紫抄:no_hit(template_miss) | 买+红砖石:no_hit(red_ratio_low) | 紫色哭脸:no_hit(template_miss) | 紫色卖出:no_hit(template_miss),
NVDA,2h,2026-03-09 01:55:49,否,-,笑笑砖策略:no_hit(pattern_not_met) | 紫抄:no_hit(template_miss) | 买+红砖石:no_hit(template_miss) | 紫色哭脸:no_hit(template_miss) | 紫色卖出:no_hit(template_miss),
NVDA,3h,2026-03-09 01:56:18,否,-,笑笑砖策略:no_hit(pattern_not_met) | 紫抄:no_hit(template_miss) | 买+红砖石:no_hit(template_miss) | 紫色哭脸:no_hit(template_miss) | 紫色卖出:no_hit(template_miss),
NVDA,4h,2026-03-09 01:57:45,否,-,笑笑砖策略:no_hit(pattern_not_met) | 紫抄:no_hit(template_miss) | 买+红砖石:no_hit(template_miss) | 紫色哭脸:no_hit(template_miss) | 紫色卖出:no_hit(template_miss),
OKLO,1h,2026-03-09 01:58:26,否,-,笑笑砖策略:no_hit(pattern_not_met) | 紫抄:no_hit(template_miss) | 买+红砖石:no_hit(red_ratio_low) | 紫色哭脸:no_hit(template_miss) | 紫色卖出:no_hit(template_miss),
OKLO,2h,2026-03-09 01:59:03,否,-,笑笑砖策略:no_hit(pattern_not_met) | 紫抄:no_hit(template_miss) | 买+红砖石:no_hit(red_ratio_low) | 紫色哭脸:no_hit(template_miss) | 紫色卖出:no_hit(template_miss),
OKLO,3h,2026-03-09 01:59:35,否,-,笑笑砖策略:no_hit(pattern_not_met) | 紫抄:no_hit(template_miss) | 买+红砖石:no_hit(red_ratio_low) | 紫色哭脸:no_hit(template_miss) | 紫色卖出:no_hit(template_miss),
OKLO,4h,2026-03-09 02:00:59,否,-,笑笑砖策略:no_hit(pattern_not_met) | 紫抄:no_hit(template_miss) | 买+红砖石:no_hit(red_ratio_low) | 紫色哭脸:no_hit(template_miss) | 紫色卖出:no_hit(template_miss),
OKLS,1h,2026-03-09 02:01:50,否,-,笑笑砖策略:no_hit(pattern_not_met) | 紫抄:no_hit(template_miss) | 买+红砖石:no_hit(red_ratio_low) | 紫色哭脸:no_hit(template_miss) | 紫色卖出:no_hit(template_miss),
OKLS,2h,2026-03-09 02:02:48,否,-,笑笑砖策略:no_hit(pattern_not_met) | 紫抄:no_hit(template_miss) | 买+红砖石:no_hit(red_ratio_low) | 紫色哭脸:no_hit(template_miss) | 紫色卖出:no_hit(template_miss),
OKLS,3h,2026-03-09 02:03:26,否,-,笑笑砖策略:no_hit(pattern_not_met) | 紫抄:no_hit(template_miss) | 买+红砖石:no_hit(red_ratio_low) | 紫色哭脸:no_hit(template_miss) | 紫色卖出:no_hit(template_miss),
OKLS,4h,2026-03-09 02:04:24,否,-,笑笑砖策略:no_hit(pattern_not_met) | 紫抄:no_hit(template_miss) | 买+红砖石:no_hit(red_ratio_low) | 紫色哭脸:no_hit(template_miss) | 紫色卖出:no_hit(template_miss),
PLTR,1h,2026-03-09 02:05:45,否,-,笑笑砖策略:no_hit(pattern_not_met) | 紫抄:no_hit(template_miss) | 买+红砖石:no_hit(red_ratio_low) | 紫色哭脸:no_hit(template_miss) | 紫色卖出:no_hit(template_miss),
PLTR,2h,2026-03-09 02:07:01,否,-,笑笑砖策略:no_hit(pattern_not_met) | 紫抄:no_hit(template_miss) | 买+红砖石:no_hit(template_miss) | 紫色哭脸:no_hit(template_miss) | 紫色卖出:no_hit(template_miss),
PLTR,3h,2026-03-09 02:08:13,否,-,笑笑砖策略:no_hit(pattern_not_met) | 紫抄:no_hit(template_miss) | 买+红砖石:no_hit(template_miss) | 紫色哭脸:no_hit(template_miss) | 紫色卖出:no_hit(template_miss),
PLTR,4h,2026-03-09 02:09:40,否,-,笑笑砖策略:no_hit(pattern_not_met) | 紫抄:no_hit(template_miss) | 买+红砖石:no_hit(template_miss) | 紫色哭脸:no_hit(template_miss) | 紫色卖出:no_hit(template_miss),
PLTZ,1h,2026-03-09 02:11:08,否,-,笑笑砖策略:no_hit(pattern_not_met) | 紫抄:no_hit(template_miss) | 买+红砖石:no_hit(red_ratio_low) | 紫色哭脸:no_hit(template_miss) | 紫色卖出:no_hit(template_miss),
PLTZ,2h,2026-03-09 02:12:23,否,-,笑笑砖策略:no_hit(pattern_not_met) | 紫抄:no_hit(template_miss) | 买+红砖石:no_hit(template_miss) | 紫色哭脸:no_hit(template_miss) | 紫色卖出:no_hit(template_miss),
PLTZ,3h,2026-03-09 02:13:37,否,-,笑笑砖策略:no_hit(pattern_not_met) | 紫抄:no_hit(template_miss) | 买+红砖石:no_hit(red_ratio_low) | 紫色哭脸:no_hit(template_miss) | 紫色卖出:no_hit(template_miss),
PLTZ,4h,2026-03-09 02:14:00,否,-,笑笑砖策略:no_hit(pattern_not_met) | 紫抄:no_hit(template_miss) | 买+红砖石:no_hit(red_ratio_low) | 紫色哭脸:no_hit(template_miss) | 紫色卖出:no_hit(template_miss),
RDW,1h,2026-03-09 02:14:41,否,-,笑笑砖策略:no_hit(pattern_not_met) | 紫抄:no_hit(template_miss) | 买+红砖石:no_hit(red_ratio_low) | 紫色哭脸:no_hit(template_miss) | 紫色卖出:no_hit(template_miss),
RDW,2h,2026-03-09 02:15:13,否,-,笑笑砖策略:no_hit(pattern_not_met) | 紫抄:no_hit(template_miss) | 买+红砖石:no_hit(red_ratio_low) | 紫色哭脸:no_hit(template_miss) | 紫色卖出:no_hit(template_miss),
RDW,3h,2026-03-09 02:15:43,否,-,笑笑砖策略:no_hit(pattern_not_met) | 紫抄:no_hit(template_miss) | 买+红砖石:no_hit(red_ratio_low) | 紫色哭脸:no_hit(template_miss) | 紫色卖出:no_hit(template_miss),
RDW,4h,2026-03-09 02:16:20,否,-,笑笑砖策略:no_hit(pattern_not_met) | 紫抄:no_hit(template_miss) | 买+红砖石:no_hit(red_ratio_low) | 紫色哭脸:no_hit(template_miss) | 紫色卖出:no_hit(template_miss),
RGTZ,1h,2026-03-09 02:16:53,否,-,笑笑砖策略:no_hit(pattern_not_met) | 紫抄:no_hit(template_miss) | 买+红砖石:no_hit(red_ratio_low) | 紫色哭脸:no_hit(already_active) | 紫色卖出:no_hit(template_miss),
RGTZ,2h,2026-03-09 02:17:40,否,-,笑笑砖策略:no_hit(pattern_not_met) | 紫抄:no_hit(template_miss) | 买+红砖石:no_hit(red_ratio_low) | 紫色哭脸:no_hit(template_miss) | 紫色卖出:no_hit(template_miss),
RGTZ,3h,2026-03-09 02:18:39,否,-,笑笑砖策略:no_hit(pattern_not_met) | 紫抄:no_hit(template_miss) | 买+红砖石:no_hit(red_ratio_low) | 紫色哭脸:no_hit(purple_ratio_low) | 紫色卖出:no_hit(template_miss),
RGTZ,4h,2026-03-09 02:19:04,否,-,笑笑砖策略:no_hit(pattern_not_met) | 紫抄:no_hit(template_miss) | 买+红砖石:no_hit(red_ratio_low) | 紫色哭脸:no_hit(purple_ratio_low) | 紫色卖出:no_hit(template_miss),
RKLB,1h,2026-03-09 02:20:22,否,-,笑笑砖策略:no_hit(pattern_not_met) | 紫抄:no_hit(template_miss) | 买+红砖石:no_hit(red_ratio_low) | 紫色哭脸:no_hit(template_miss) | 紫色卖出:no_hit(template_miss),
RKLB,2h,2026-03-09 02:21:05,否,-,笑笑砖策略:no_hit(pattern_not_met) | 紫抄:no_hit(template_miss) | 买+红砖石:no_hit(red_ratio_low) | 紫色哭脸:no_hit(already_active) | 紫色卖出:no_hit(template_miss),
RKLB,3h,2026-03-09 02:22:02,否,-,笑笑砖策略:no_hit(pattern_not_met) | 紫抄:no_hit(template_miss) | 买+红砖石:no_hit(red_ratio_low) | 紫色哭脸:no_hit(template_miss) | 紫色卖出:no_hit(template_miss),
RKLB,4h,2026-03-09 02:22:33,否,-,笑笑砖策略:no_hit(pattern_not_met) | 紫抄:no_hit(template_miss) | 买+红砖石:no_hit(red_ratio_low) | 紫色哭脸:no_hit(purple_ratio_low) | 紫色卖出:no_hit(template_miss),
RKLZ,1h,2026-03-09 02:23:08,否,-,笑笑砖策略:no_hit(pattern_not_met) | 紫抄:no_hit(template_miss) | 买+红砖石:no_hit(red_ratio_low) | 紫色哭脸:no_hit(already_active) | 紫色卖出:no_hit(template_miss),
RKLZ,2h,2026-03-09 02:23:45,否,-,笑笑砖策略:no_hit(pattern_not_met) | 紫抄:no_hit(template_miss) | 买+红砖石:no_hit(red_ratio_low) | 紫色哭脸:no_hit(template_miss) | 紫色卖出:no_hit(template_miss),
RKLZ,3h,2026-03-09 02:24:02,否,-,笑笑砖策略:no_hit(pattern_not_met) | 紫抄:no_hit(template_miss) | 买+红砖石:no_hit(red_ratio_low) | 紫色哭脸:no_hit(already_active) | 紫色卖出:no_hit(template_miss),
RKLZ,4h,2026-03-09 02:24:30,否,-,笑笑砖策略:no_hit(pattern_not_met) | 紫抄:no_hit(template_miss) | 买+红砖石:no_hit(red_ratio_low) | 紫色哭脸:no_hit(already_active) | 紫色卖出:no_hit(template_miss),
RZLV,1h,2026-03-09 02:25:40,否,-,笑笑砖策略:no_hit(pattern_not_met) | 紫抄:no_hit(template_miss) | 买+红砖石:no_hit(red_ratio_low) | 紫色哭脸:no_hit(template_miss) | 紫色卖出:no_hit(template_miss),
RZLV,2h,2026-03-09 02:26:31,否,-,笑笑砖策略:no_hit(pattern_not_met) | 紫抄:no_hit(template_miss) | 买+红砖石:no_hit(red_ratio_low) | 紫色哭脸:no_hit(template_miss) | 紫色卖出:no_hit(template_miss),
RZLV,3h,2026-03-09 02:26:49,否,-,笑笑砖策略:no_hit(pattern_not_met) | 紫抄:no_hit(template_miss) | 买+红砖石:no_hit(red_ratio_low) | 紫色哭脸:no_hit(already_active) | 紫色卖出:no_hit(template_miss),
RZLV,4h,2026-03-09 02:27:27,否,-,笑笑砖策略:no_hit(pattern_not_met) | 紫抄:no_hit(template_miss) | 买+红砖石:no_hit(red_ratio_low) | 紫色哭脸:no_hit(template_miss) | 紫色卖出:no_hit(template_miss),
SOXS,1h,2026-03-09 02:28:20,否,-,笑笑砖策略:no_hit(pattern_not_met) | 紫抄:no_hit(template_miss) | 买+红砖石:no_hit(red_ratio_low) | 紫色哭脸:no_hit(template_miss) | 紫色卖出:no_hit(template_miss),
SOXS,2h,2026-03-09 02:29:00,否,-,笑笑砖策略:no_hit(pattern_not_met) | 紫抄:no_hit(template_miss) | 买+红砖石:no_hit(red_ratio_low) | 紫色哭脸:no_hit(template_miss) | 紫色卖出:no_hit(template_miss),
SOXS,3h,2026-03-09 02:29:32,否,-,笑笑砖策略:no_hit(pattern_not_met) | 紫抄:no_hit(template_miss) | 买+红砖石:no_hit(red_ratio_low) | 紫色哭脸:no_hit(template_miss) | 紫色卖出:no_hit(template_miss),
SOXS,4h,2026-03-09 02:30:00,否,-,笑笑砖策略:no_hit(pattern_not_met) | 紫抄:no_hit(template_miss) | 买+红砖石:no_hit(red_ratio_low) | 紫色哭脸:no_hit(purple_ratio_low) | 紫色卖出:no_hit(template_miss),
STM,1h,2026-03-09 02:30:47,否,-,笑笑砖策略:no_hit(pattern_not_met) | 紫抄:no_hit(template_miss) | 买+红砖石:no_hit(red_ratio_low) | 紫色哭脸:no_hit(template_miss) | 紫色卖出:no_hit(template_miss),
STM,2h,2026-03-09 02:31:19,否,-,笑笑砖策略:no_hit(pattern_not_met) | 紫抄:no_hit(template_miss) | 买+红砖石:no_hit(red_ratio_low) | 紫色哭脸:no_hit(template_miss) | 紫色卖出:no_hit(template_miss),
STM,3h,2026-03-09 02:32:24,否,-,笑笑砖策略:no_hit(pattern_not_met) | 紫抄:no_hit(template_miss) | 买+红砖石:no_hit(red_ratio_low) | 紫色哭脸:no_hit(template_miss) | 紫色卖出:no_hit(template_miss),
STM,4h,2026-03-09 02:33:49,否,-,笑笑砖策略:no_hit(pattern_not_met) | 紫抄:no_hit(template_miss) | 买+红砖石:no_hit(red_ratio_low) | 紫色哭脸:no_hit(template_miss) | 紫色卖出:no_hit(template_miss),
TSLA,1h,2026-03-09 02:34:21,否,-,笑笑砖策略:no_hit(pattern_not_met) | 紫抄:no_hit(template_miss) | 买+红砖石:no_hit(template_miss) | 紫色哭脸:no_hit(template_miss) | 紫色卖出:no_hit(template_miss),
TSLA,2h,2026-03-09 02:35:00,否,-,笑笑砖策略:no_hit(pattern_not_met) | 紫抄:no_hit(template_miss) | 买+红砖石:no_hit(red_ratio_low) | 紫色哭脸:no_hit(template_miss) | 紫色卖出:no_hit(template_miss),
TSLA,3h,2026-03-09 02:35:32,否,-,笑笑砖策略:no_hit(pattern_not_met) | 紫抄:no_hit(template_miss) | 买+红砖石:no_hit(template_miss) | 紫色哭脸:no_hit(template_miss) | 紫色卖出:no_hit(template_miss),
TSLA,4h,2026-03-09 02:36:11,否,-,笑笑砖策略:no_hit(pattern_not_met) | 紫抄:no_hit(template_miss) | 买+红砖石:no_hit(red_ratio_low) | 紫色哭脸:no_hit(template_miss) | 紫色卖出:no_hit(template_miss),
TSLQ,1h,2026-03-09 02:37:04,否,-,笑笑砖策略:no_hit(pattern_not_met) | 紫抄:no_hit(template_miss) | 买+红砖石:no_hit(template_miss) | 紫色哭脸:no_hit(template_miss) | 紫色卖出:no_hit(template_miss),
TSLQ,2h,2026-03-09 02:37:53,否,-,笑笑砖策略:no_hit(pattern_not_met) | 紫抄:no_hit(template_miss) | 买+红砖石:no_hit(red_ratio_low) | 紫色哭脸:no_hit(template_miss) | 紫色卖出:no_hit(template_miss),
TSLQ,3h,2026-03-09 02:38:43,否,-,笑笑砖策略:no_hit(pattern_not_met) | 紫抄:no_hit(template_miss) | 买+红砖石:no_hit(red_ratio_low) | 紫色哭脸:no_hit(template_miss) | 紫色卖出:no_hit(template_miss),
TSLQ,4h,2026-03-09 02:39:27,否,-,笑笑砖策略:no_hit(pattern_not_met) | 紫抄:no_hit(template_miss) | 买+红砖石:no_hit(red_ratio_low) | 紫色哭脸:no_hit(template_miss) | 紫色卖出:no_hit(template_miss),
UVIX,1h,2026-03-09 02:40:01,否,-,笑笑砖策略:no_hit(pattern_not_met) | 紫抄:no_hit(template_miss) | 买+红砖石:no_hit(red_ratio_low) | 紫色哭脸:no_hit(template_miss) | 紫色卖出:no_hit(template_miss),
UVIX,2h,2026-03-09 02:40:34,否,-,笑笑砖策略:no_hit(pattern_not_met) | 紫抄:no_hit(template_miss) | 买+红砖石:no_hit(red_ratio_low) | 紫色哭脸:no_hit(template_miss) | 紫色卖出:no_hit(template_miss),
UVIX,3h,2026-03-09 02:41:12,否,-,笑笑砖策略:no_hit(pattern_not_met) | 紫抄:no_hit(template_miss) | 买+红砖石:no_hit(red_ratio_low) | 紫色哭脸:no_hit(template_miss) | 紫色卖出:no_hit(template_miss),
UVIX,4h,2026-03-09 02:41:39,否,-,笑笑砖策略:no_hit(pattern_not_met) | 紫抄:no_hit(template_miss) | 买+红砖石:no_hit(red_ratio_low) | 紫色哭脸:no_hit(purple_ratio_low) | 紫色卖出:no_hit(template_miss),
WDC,1h,2026-03-09 02:42:09,否,-,笑笑砖策略:no_hit(pattern_not_met) | 紫抄:no_hit(template_miss) | 买+红砖石:no_hit(red_ratio_low) | 紫色哭脸:no_hit(template_miss) | 紫色卖出:no_hit(template_miss),
WDC,2h,2026-03-09 02:42:41,否,-,笑笑砖策略:no_hit(pattern_not_met) | 紫抄:no_hit(template_miss) | 买+红砖石:no_hit(red_ratio_low) | 紫色哭脸:no_hit(template_miss) | 紫色卖出:no_hit(template_miss),
WDC,3h,2026-03-09 02:43:13,否,-,笑笑砖策略:no_hit(pattern_not_met) | 紫抄:no_hit(template_miss) | 买+红砖石:no_hit(red_ratio_low) | 紫色哭脸:no_hit(template_miss) | 紫色卖出:no_hit(template_miss),
WDC,4h,2026-03-09 02:44:32,否,-,笑笑砖策略:no_hit(pattern_not_met) | 紫抄:no_hit(template_miss) | 买+红砖石:no_hit(template_miss) | 紫色哭脸:no_hit(template_miss) | 紫色卖出:no_hit(template_miss),
ZSL,1h,2026-03-09 02:45:08,否,-,笑笑砖策略:no_hit(pattern_not_met) | 紫抄:no_hit(template_miss) | 买+红砖石:no_hit(template_miss) | 紫色哭脸:no_hit(template_miss) | 紫色卖出:no_hit(template_miss),
ZSL,2h,2026-03-09 02:46:04,否,-,笑笑砖策略:no_hit(pattern_not_met) | 紫抄:no_hit(template_miss) | 买+红砖石:no_hit(red_ratio_low) | 紫色哭脸:no_hit(purple_ratio_low) | 紫色卖出:no_hit(template_miss),
ZSL,3h,2026-03-09 02:47:35,否,-,笑笑砖策略:no_hit(pattern_not_met) | 紫抄:no_hit(template_miss) | 买+红砖石:no_hit(red_ratio_low) | 紫色哭脸:no_hit(template_miss) | 紫色卖出:no_hit(template_miss),
ZSL,4h,2026-03-09 02:49:08,否,-,笑笑砖策略:no_hit(pattern_not_met) | 紫抄:no_hit(template_miss) | 买+红砖石:no_hit(red_ratio_low) | 紫色哭脸:no_hit(template_miss) | 紫色卖出:no_hit(template_miss),
BILI,1h,2026-03-09 03:00:36,否,-,笑笑砖策略:no_hit(pattern_not_met) | 紫抄:no_hit(template_miss) | 买+红砖石:no_hit(red_ratio_low) | 紫色哭脸:no_hit(template_miss) | 紫色卖出:no_hit(template_miss),
BILI,2h,2026-03-09 03:01:52,否,-,笑笑砖策略:no_hit(pattern_not_met) | 紫抄:no_hit(template_miss) | 买+红砖石:no_hit(template_miss) | 紫色哭脸:no_hit(template_miss) | 紫色卖出:no_hit(template_miss),
BILI,3h,2026-03-09 03:03:07,否,-,笑笑砖策略:no_hit(pattern_not_met) | 紫抄:no_hit(template_miss) | 买+红砖石:no_hit(template_miss) | 紫色哭脸:no_hit(template_miss) | 紫色卖出:no_hit(template_miss),
BILI,4h,2026-03-09 03:04:39,否,-,笑笑砖策略:no_hit(pattern_not_met) | 紫抄:no_hit(template_miss) | 买+红砖石:no_hit(red_ratio_low) | 紫色哭脸:no_hit(template_miss) | 紫色卖出:no_hit(template_miss),
CONI,1h,2026-03-09 03:05:39,否,-,笑笑砖策略:no_hit(pattern_not_met) | 紫抄:no_hit(template_miss) | 买+红砖石:no_hit(red_ratio_low) | 紫色哭脸:no_hit(template_miss) | 紫色卖出:no_hit(template_miss),
CONI,2h,2026-03-09 03:06:30,否,-,笑笑砖策略:no_hit(pattern_not_met) | 紫抄:no_hit(template_miss) | 买+红砖石:no_hit(red_ratio_low) | 紫色哭脸:no_hit(already_active) | 紫色卖出:no_hit(template_miss),
CONI,3h,2026-03-09 03:07:15,否,-,笑笑砖策略:no_hit(pattern_not_met) | 紫抄:no_hit(template_miss) | 买+红砖石:no_hit(red_ratio_low) | 紫色哭脸:no_hit(already_active) | 紫色卖出:no_hit(template_miss),
CONI,4h,2026-03-09 03:08:40,否,-,笑笑砖策略:no_hit(pattern_not_met) | 紫抄:no_hit(template_miss) | 买+红砖石:no_hit(red_ratio_low) | 紫色哭脸:no_hit(template_miss) | 紫色卖出:no_hit(template_miss),
CORD,1h,2026-03-09 03:09:18,否,-,笑笑砖策略:no_hit(pattern_not_met) | 紫抄:no_hit(template_miss) | 买+红砖石:no_hit(red_ratio_low) | 紫色哭脸:no_hit(template_miss) | 紫色卖出:no_hit(template_miss),
CORD,2h,2026-03-09 03:10:06,否,-,笑笑砖策略:no_hit(pattern_not_met) | 紫抄:no_hit(template_miss) | 买+红砖石:no_hit(red_ratio_low) | 紫色哭脸:no_hit(purple_ratio_low) | 紫色卖出:no_hit(template_miss),
CORD,3h,2026-03-09 03:10:49,否,-,笑笑砖策略:no_hit(pattern_not_met) | 紫抄:no_hit(template_miss) | 买+红砖石:no_hit(red_ratio_low) | 紫色哭脸:no_hit(already_active) | 紫色卖出:no_hit(template_miss),
CORD,4h,2026-03-09 03:11:40,否,-,笑笑砖策略:no_hit(pattern_not_met) | 紫抄:no_hit(template_miss) | 买+红砖石:no_hit(red_ratio_low) | 紫色哭脸:no_hit(already_active) | 紫色卖出:no_hit(template_miss),
CRCD,1h,2026-03-09 03:12:27,否,-,笑笑砖策略:no_hit(pattern_not_met) | 紫抄:no_hit(template_miss) | 买+红砖石:no_hit(template_miss) | 紫色哭脸:no_hit(template_miss) | 紫色卖出:no_hit(template_miss),
CRCD,2h,2026-03-09 03:13:27,否,-,笑笑砖策略:no_hit(pattern_not_met) | 紫抄:no_hit(template_miss) | 买+红砖石:no_hit(red_ratio_low) | 紫色哭脸:no_hit(already_active) | 紫色卖出:no_hit(template_miss),
CRCD,3h,2026-03-09 03:14:26,否,-,笑笑砖策略:no_hit(pattern_not_met) | 紫抄:no_hit(template_miss) | 买+红砖石:no_hit(red_ratio_low) | 紫色哭脸:no_hit(already_active) | 紫色卖出:no_hit(template_miss),
CRCD,4h,2026-03-09 03:15:38,否,-,笑笑砖策略:no_hit(pattern_not_met) | 紫抄:no_hit(template_miss) | 买+红砖石:no_hit(red_ratio_low) | 紫色哭脸:no_hit(template_miss) | 紫色卖出:no_hit(template_miss),
CRCL,1h,2026-03-09 03:17:09,否,-,笑笑砖策略:no_hit(pattern_not_met) | 紫抄:no_hit(template_miss) | 买+红砖石:no_hit(red_ratio_low) | 紫色哭脸:no_hit(template_miss) | 紫色卖出:no_hit(template_miss),
CRCL,2h,2026-03-09 03:18:23,否,-,笑笑砖策略:no_hit(pattern_not_met) | 紫抄:no_hit(template_miss) | 买+红砖石:no_hit(red_ratio_low) | 紫色哭脸:no_hit(template_miss) | 紫色卖出:no_hit(template_miss),
CRCL,3h,2026-03-09 03:19:34,否,-,笑笑砖策略:no_hit(pattern_not_met) | 紫抄:no_hit(template_miss) | 买+红砖石:no_hit(red_ratio_low) | 紫色哭脸:no_hit(template_miss) | 紫色卖出:no_hit(template_miss),
CRCL,4h,2026-03-09 03:20:16,否,-,笑笑砖策略:no_hit(pattern_not_met) | 紫抄:no_hit(template_miss) | 买+红砖石:no_hit(red_ratio_low) | 紫色哭脸:no_hit(already_active) | 紫色卖出:no_hit(template_miss),
CRDO,1h,2026-03-09 03:20:46,否,-,笑笑砖策略:no_hit(pattern_not_met) | 紫抄:no_hit(template_miss) | 买+红砖石:no_hit(red_ratio_low) | 紫色哭脸:no_hit(template_miss) | 紫色卖出:no_hit(template_miss),
CRDO,2h,2026-03-09 03:21:18,否,-,笑笑砖策略:no_hit(pattern_not_met) | 紫抄:no_hit(template_miss) | 买+红砖石:no_hit(red_ratio_low) | 紫色哭脸:no_hit(template_miss) | 紫色卖出:no_hit(template_miss),
CRDO,3h,2026-03-09 03:22:34,否,-,笑笑砖策略:no_hit(pattern_not_met) | 紫抄:no_hit(template_miss) | 买+红砖石:no_hit(red_ratio_low) | 紫色哭脸:no_hit(template_miss) | 紫色卖出:no_hit(template_miss),
CRDO,4h,2026-03-09 03:23:02,否,-,笑笑砖策略:no_hit(pattern_not_met) | 紫抄:no_hit(template_miss) | 买+红砖石:no_hit(red_ratio_low) | 紫色哭脸:no_hit(template_miss) | 紫色卖出:no_hit(template_miss),
CRML,1h,2026-03-09 03:23:20,否,-,笑笑砖策略:no_hit(pattern_not_met) | 紫抄:no_hit(template_miss) | 买+红砖石:no_hit(red_ratio_low) | 紫色哭脸:no_hit(template_miss) | 紫色卖出:no_hit(template_miss),
CRML,2h,2026-03-09 03:23:41,否,-,笑笑砖策略:no_hit(pattern_not_met) | 紫抄:no_hit(template_miss) | 买+红砖石:no_hit(red_ratio_low) | 紫色哭脸:no_hit(template_miss) | 紫色卖出:no_hit(template_miss),
CRML,3h,2026-03-09 03:24:02,否,-,笑笑砖策略:no_hit(pattern_not_met) | 紫抄:no_hit(template_miss) | 买+红砖石:no_hit(red_ratio_low) | 紫色哭脸:no_hit(template_miss) | 紫色卖出:no_hit(template_miss),
CRML,4h,2026-03-09 03:25:00,否,-,笑笑砖策略:no_hit(pattern_not_met) | 紫抄:no_hit(template_miss) | 买+红砖石:no_hit(red_ratio_low) | 紫色哭脸:no_hit(template_miss) | 紫色卖出:no_hit(template_miss),
DJT,1h,2026-03-09 03:25:23,否,-,笑笑砖策略:no_hit(pattern_not_met) | 紫抄:no_hit(template_miss) | 买+红砖石:no_hit(red_ratio_low) | 紫色哭脸:no_hit(template_miss) | 紫色卖出:no_hit(template_miss),
DJT,2h,2026-03-09 03:26:55,否,-,笑笑砖策略:no_hit(pattern_not_met) | 紫抄:no_hit(template_miss) | 买+红砖石:no_hit(red_ratio_low) | 紫色哭脸:no_hit(template_miss) | 紫色卖出:no_hit(template_miss),
DJT,3h,2026-03-09 03:27:35,否,-,笑笑砖策略:no_hit(pattern_not_met) | 紫抄:no_hit(template_miss) | 买+红砖石:no_hit(red_ratio_low) | 紫色哭脸:no_hit(template_miss) | 紫色卖出:no_hit(template_miss),
DJT,4h,2026-03-09 03:29:08,否,-,笑笑砖策略:no_hit(pattern_not_met) | 紫抄:no_hit(template_miss) | 买+红砖石:no_hit(red_ratio_low) | 紫色哭脸:no_hit(template_miss) | 紫色卖出:no_hit(template_miss),
DPST,1h,2026-03-09 03:30:18,否,-,笑笑砖策略:no_hit(pattern_not_met) | 紫抄:no_hit(template_miss) | 买+红砖石:no_hit(template_miss) | 紫色哭脸:no_hit(template_miss) | 紫色卖出:no_hit(template_miss),
DPST,2h,2026-03-09 03:30:55,否,-,笑笑砖策略:no_hit(pattern_not_met) | 紫抄:no_hit(template_miss) | 买+红砖石:no_hit(red_ratio_low) | 紫色哭脸:no_hit(template_miss) | 紫色卖出:no_hit(template_miss),
DPST,3h,2026-03-09 03:31:19,否,-,笑笑砖策略:no_hit(pattern_not_met) | 紫抄:no_hit(template_miss) | 买+红砖石:no_hit(red_ratio_low) | 紫色哭脸:no_hit(template_miss) | 紫色卖出:no_hit(template_miss),
DPST,4h,2026-03-09 03:31:39,否,-,笑笑砖策略:no_hit(pattern_not_met) | 紫抄:no_hit(template_miss) | 买+红砖石:no_hit(red_ratio_low) | 紫色哭脸:no_hit(purple_ratio_low) | 紫色卖出:no_hit(template_miss),
INTC,1h,2026-03-09 03:32:17,否,-,笑笑砖策略:no_hit(pattern_not_met) | 紫抄:no_hit(template_miss) | 买+红砖石:no_hit(red_ratio_low) | 紫色哭脸:no_hit(template_miss) | 紫色卖出:no_hit(template_miss),
INTC,2h,2026-03-09 03:32:57,否,-,笑笑砖策略:no_hit(pattern_not_met) | 紫抄:no_hit(template_miss) | 买+红砖石:no_hit(red_ratio_low) | 紫色哭脸:no_hit(template_miss) | 紫色卖出:no_hit(template_miss),
INTC,3h,2026-03-09 03:34:22,否,-,笑笑砖策略:no_hit(pattern_not_met) | 紫抄:no_hit(template_miss) | 买+红砖石:no_hit(red_ratio_low) | 紫色哭脸:no_hit(template_miss) | 紫色卖出:no_hit(template_miss),
INTC,4h,2026-03-09 03:34:40,否,-,笑笑砖策略:no_hit(pattern_not_met) | 紫抄:no_hit(template_miss) | 买+红砖石:no_hit(red_ratio_low) | 紫色哭脸:no_hit(already_active) | 紫色卖出:no_hit(template_miss),
KOLD,1h,2026-03-09 03:35:30,否,-,笑笑砖策略:no_hit(pattern_not_met) | 紫抄:no_hit(template_miss) | 买+红砖石:no_hit(red_ratio_low) | 紫色哭脸:no_hit(template_miss) | 紫色卖出:no_hit(template_miss),
KOLD,2h,2026-03-09 03:35:55,否,-,笑笑砖策略:no_hit(pattern_not_met) | 紫抄:no_hit(template_miss) | 买+红砖石:no_hit(red_ratio_low) | 紫色哭脸:no_hit(template_miss) | 紫色卖出:no_hit(template_miss),
KOLD,3h,2026-03-09 03:37:08,否,-,笑笑砖策略:no_hit(pattern_not_met) | 紫抄:no_hit(template_miss) | 买+红砖石:no_hit(red_ratio_low) | 紫色哭脸:no_hit(template_miss) | 紫色卖出:no_hit(template_miss),
KOLD,4h,2026-03-09 03:37:30,否,-,笑笑砖策略:no_hit(pattern_not_met) | 紫抄:no_hit(template_miss) | 买+红砖石:no_hit(red_ratio_low) | 紫色哭脸:no_hit(template_miss) | 紫色卖出:no_hit(template_miss),
LMND,1h,2026-03-09 03:38:23,否,-,笑笑砖策略:no_hit(pattern_not_met) | 紫抄:no_hit(template_miss) | 买+红砖石:no_hit(red_ratio_low) | 紫色哭脸:no_hit(template_miss) | 紫色卖出:no_hit(template_miss),
LMND,2h,2026-03-09 03:39:03,否,-,笑笑砖策略:no_hit(pattern_not_met) | 紫抄:no_hit(template_miss) | 买+红砖石:no_hit(red_ratio_low) | 紫色哭脸:no_hit(already_active) | 紫色卖出:no_hit(template_miss),
LMND,3h,2026-03-09 03:40:31,否,-,笑笑砖策略:no_hit(pattern_not_met) | 紫抄:no_hit(template_miss) | 买+红砖石:no_hit(template_miss) | 紫色哭脸:no_hit(template_miss) | 紫色卖出:no_hit(template_miss),
LMND,4h,2026-03-09 03:41:02,否,-,笑笑砖策略:no_hit(pattern_not_met) | 紫抄:no_hit(template_miss) | 买+红砖石:no_hit(red_ratio_low) | 紫色哭脸:no_hit(already_active) | 紫色卖出:no_hit(template_miss),
MP,1h,2026-03-09 03:41:57,否,-,笑笑砖策略:no_hit(pattern_not_met) | 紫抄:no_hit(template_miss) | 买+红砖石:no_hit(template_miss) | 紫色哭脸:no_hit(template_miss) | 紫色卖出:no_hit(template_miss),
MP,2h,2026-03-09 03:42:52,否,-,笑笑砖策略:no_hit(pattern_not_met) | 紫抄:no_hit(template_miss) | 买+红砖石:no_hit(template_miss) | 紫色哭脸:no_hit(template_miss) | 紫色卖出:no_hit(template_miss),
MP,3h,2026-03-09 03:43:55,否,-,笑笑砖策略:no_hit(pattern_not_met) | 紫抄:no_hit(template_miss) | 买+红砖石:no_hit(template_miss) | 紫色哭脸:no_hit(template_miss) | 紫色卖出:no_hit(template_miss),
MP,4h,2026-03-09 03:44:16,是,笑笑砖策略,笑笑砖策略:hit(repeat_suppressed) | 紫抄:no_hit(template_miss) | 买+红砖石:no_hit(buy_red_no_pair) | 紫色哭脸:no_hit(purple_ratio_low) | 紫色卖出:no_hit(template_miss),C:\Users\Administrator\Desktop\futu_combo_watch\output\hit_MP_4h_buy_core_20260309_034355.png
MU,1h,2026-03-09 03:44:47,否,-,笑笑砖策略:no_hit(pattern_not_met) | 紫抄:no_hit(template_miss) | 买+红砖石:no_hit(red_ratio_low) | 紫色哭脸:no_hit(template_miss) | 紫色卖出:no_hit(template_miss),
MU,2h,2026-03-09 03:45:24,否,-,笑笑砖策略:no_hit(pattern_not_met) | 紫抄:no_hit(template_miss) | 买+红砖石:no_hit(red_ratio_low) | 紫色哭脸:no_hit(template_miss) | 紫色卖出:no_hit(template_miss),
MU,3h,2026-03-09 03:46:00,否,-,笑笑砖策略:no_hit(pattern_not_met) | 紫抄:no_hit(template_miss) | 买+红砖石:no_hit(red_ratio_low) | 紫色哭脸:no_hit(template_miss) | 紫色卖出:no_hit(template_miss),
MU,4h,2026-03-09 03:46:38,否,-,笑笑砖策略:no_hit(pattern_not_met) | 紫抄:no_hit(template_miss) | 买+红砖石:no_hit(red_ratio_low) | 紫色哭脸:no_hit(template_miss) | 紫色卖出:no_hit(template_miss),
NBIS,1h,2026-03-09 03:47:16,否,-,笑笑砖策略:no_hit(pattern_not_met) | 紫抄:no_hit(template_miss) | 买+红砖石:no_hit(red_ratio_low) | 紫色哭脸:no_hit(template_miss) | 紫色卖出:no_hit(template_miss),
NBIS,2h,2026-03-09 03:48:29,否,-,笑笑砖策略:no_hit(pattern_not_met) | 紫抄:no_hit(template_miss) | 买+红砖石:no_hit(red_ratio_low) | 紫色哭脸:no_hit(template_miss) | 紫色卖出:no_hit(template_miss),
NBIS,3h,2026-03-09 03:48:52,否,-,笑笑砖策略:no_hit(pattern_not_met) | 紫抄:no_hit(template_miss) | 买+红砖石:no_hit(red_ratio_low) | 紫色哭脸:no_hit(purple_ratio_low) | 紫色卖出:no_hit(template_miss),
NBIS,4h,2026-03-09 03:50:20,否,-,笑笑砖策略:no_hit(pattern_not_met) | 紫抄:no_hit(template_miss) | 买+红砖石:no_hit(red_ratio_low) | 紫色哭脸:no_hit(template_miss) | 紫色卖出:no_hit(template_miss),
NBIZ,1h,2026-03-09 03:51:22,否,-,笑笑砖策略:no_hit(pattern_not_met) | 紫抄:no_hit(template_miss) | 买+红砖石:no_hit(red_ratio_low) | 紫色哭脸:no_hit(template_miss) | 紫色卖出:no_hit(template_miss),
NBIZ,2h,2026-03-09 03:52:09,否,-,笑笑砖策略:no_hit(pattern_not_met) | 紫抄:no_hit(template_miss) | 买+红砖石:no_hit(template_miss) | 紫色哭脸:no_hit(template_miss) | 紫色卖出:no_hit(template_miss),
NBIZ,3h,2026-03-09 03:53:45,否,-,笑笑砖策略:no_hit(pattern_not_met) | 紫抄:no_hit(template_miss) | 买+红砖石:no_hit(template_miss) | 紫色哭脸:no_hit(template_miss) | 紫色卖出:no_hit(template_miss),
NBIZ,4h,2026-03-09 03:54:55,否,-,笑笑砖策略:no_hit(pattern_not_met) | 紫抄:no_hit(template_miss) | 买+红砖石:no_hit(template_miss) | 紫色哭脸:no_hit(template_miss) | 紫色卖出:no_hit(template_miss),
NVDA,1h,2026-03-09 03:55:32,否,-,笑笑砖策略:no_hit(pattern_not_met) | 紫抄:no_hit(template_miss) | 买+红砖石:no_hit(red_ratio_low) | 紫色哭脸:no_hit(template_miss) | 紫色卖出:no_hit(template_miss),
NVDA,2h,2026-03-09 03:56:12,否,-,笑笑砖策略:no_hit(pattern_not_met) | 紫抄:no_hit(template_miss) | 买+红砖石:no_hit(template_miss) | 紫色哭脸:no_hit(template_miss) | 紫色卖出:no_hit(template_miss),
NVDA,3h,2026-03-09 03:56:41,否,-,笑笑砖策略:no_hit(pattern_not_met) | 紫抄:no_hit(template_miss) | 买+红砖石:no_hit(template_miss) | 紫色哭脸:no_hit(template_miss) | 紫色卖出:no_hit(template_miss),
NVDA,4h,2026-03-09 03:58:07,否,-,笑笑砖策略:no_hit(pattern_not_met) | 紫抄:no_hit(template_miss) | 买+红砖石:no_hit(template_miss) | 紫色哭脸:no_hit(template_miss) | 紫色卖出:no_hit(template_miss),
OKLO,1h,2026-03-09 03:58:48,否,-,笑笑砖策略:no_hit(pattern_not_met) | 紫抄:no_hit(template_miss) | 买+红砖石:no_hit(red_ratio_low) | 紫色哭脸:no_hit(template_miss) | 紫色卖出:no_hit(template_miss),
OKLO,2h,2026-03-09 03:59:24,否,-,笑笑砖策略:no_hit(pattern_not_met) | 紫抄:no_hit(template_miss) | 买+红砖石:no_hit(red_ratio_low) | 紫色哭脸:no_hit(template_miss) | 紫色卖出:no_hit(template_miss),
OKLO,3h,2026-03-09 03:59:56,否,-,笑笑砖策略:no_hit(pattern_not_met) | 紫抄:no_hit(template_miss) | 买+红砖石:no_hit(red_ratio_low) | 紫色哭脸:no_hit(template_miss) | 紫色卖出:no_hit(template_miss),
OKLO,4h,2026-03-09 04:01:19,否,-,笑笑砖策略:no_hit(pattern_not_met) | 紫抄:no_hit(template_miss) | 买+红砖石:no_hit(red_ratio_low) | 紫色哭脸:no_hit(template_miss) | 紫色卖出:no_hit(template_miss),
OKLS,1h,2026-03-09 04:02:09,否,-,笑笑砖策略:no_hit(pattern_not_met) | 紫抄:no_hit(template_miss) | 买+红砖石:no_hit(red_ratio_low) | 紫色哭脸:no_hit(template_miss) | 紫色卖出:no_hit(template_miss),
OKLS,2h,2026-03-09 04:03:06,否,-,笑笑砖策略:no_hit(pattern_not_met) | 紫抄:no_hit(template_miss) | 买+红砖石:no_hit(red_ratio_low) | 紫色哭脸:no_hit(template_miss) | 紫色卖出:no_hit(template_miss),
OKLS,3h,2026-03-09 04:03:44,否,-,笑笑砖策略:no_hit(pattern_not_met) | 紫抄:no_hit(template_miss) | 买+红砖石:no_hit(red_ratio_low) | 紫色哭脸:no_hit(template_miss) | 紫色卖出:no_hit(template_miss),
OKLS,4h,2026-03-09 04:04:40,否,-,笑笑砖策略:no_hit(pattern_not_met) | 紫抄:no_hit(template_miss) | 买+红砖石:no_hit(red_ratio_low) | 紫色哭脸:no_hit(template_miss) | 紫色卖出:no_hit(template_miss),
PLTR,1h,2026-03-09 04:06:01,否,-,笑笑砖策略:no_hit(pattern_not_met) | 紫抄:no_hit(template_miss) | 买+红砖石:no_hit(red_ratio_low) | 紫色哭脸:no_hit(template_miss) | 紫色卖出:no_hit(template_miss),
PLTR,2h,2026-03-09 04:07:16,否,-,笑笑砖策略:no_hit(pattern_not_met) | 紫抄:no_hit(template_miss) | 买+红砖石:no_hit(template_miss) | 紫色哭脸:no_hit(template_miss) | 紫色卖出:no_hit(template_miss),
PLTR,3h,2026-03-09 04:08:27,否,-,笑笑砖策略:no_hit(pattern_not_met) | 紫抄:no_hit(template_miss) | 买+红砖石:no_hit(template_miss) | 紫色哭脸:no_hit(template_miss) | 紫色卖出:no_hit(template_miss),
PLTR,4h,2026-03-09 04:09:53,否,-,笑笑砖策略:no_hit(pattern_not_met) | 紫抄:no_hit(template_miss) | 买+红砖石:no_hit(template_miss) | 紫色哭脸:no_hit(template_miss) | 紫色卖出:no_hit(template_miss),
PLTZ,1h,2026-03-09 04:11:19,否,-,笑笑砖策略:no_hit(pattern_not_met) | 紫抄:no_hit(template_miss) | 买+红砖石:no_hit(red_ratio_low) | 紫色哭脸:no_hit(template_miss) | 紫色卖出:no_hit(template_miss),
PLTZ,2h,2026-03-09 04:12:34,否,-,笑笑砖策略:no_hit(pattern_not_met) | 紫抄:no_hit(template_miss) | 买+红砖石:no_hit(template_miss) | 紫色哭脸:no_hit(template_miss) | 紫色卖出:no_hit(template_miss),
PLTZ,3h,2026-03-09 04:13:47,否,-,笑笑砖策略:no_hit(pattern_not_met) | 紫抄:no_hit(template_miss) | 买+红砖石:no_hit(red_ratio_low) | 紫色哭脸:no_hit(template_miss) | 紫色卖出:no_hit(template_miss),
PLTZ,4h,2026-03-09 04:14:10,否,-,笑笑砖策略:no_hit(pattern_not_met) | 紫抄:no_hit(template_miss) | 买+红砖石:no_hit(red_ratio_low) | 紫色哭脸:no_hit(template_miss) | 紫色卖出:no_hit(template_miss),
RDW,1h,2026-03-09 04:14:50,否,-,笑笑砖策略:no_hit(pattern_not_met) | 紫抄:no_hit(template_miss) | 买+红砖石:no_hit(red_ratio_low) | 紫色哭脸:no_hit(template_miss) | 紫色卖出:no_hit(template_miss),
RDW,2h,2026-03-09 04:15:21,否,-,笑笑砖策略:no_hit(pattern_not_met) | 紫抄:no_hit(template_miss) | 买+红砖石:no_hit(red_ratio_low) | 紫色哭脸:no_hit(template_miss) | 紫色卖出:no_hit(template_miss),
RDW,3h,2026-03-09 04:15:52,否,-,笑笑砖策略:no_hit(pattern_not_met) | 紫抄:no_hit(template_miss) | 买+红砖石:no_hit(red_ratio_low) | 紫色哭脸:no_hit(template_miss) | 紫色卖出:no_hit(template_miss),
RDW,4h,2026-03-09 04:16:28,否,-,笑笑砖策略:no_hit(pattern_not_met) | 紫抄:no_hit(template_miss) | 买+红砖石:no_hit(red_ratio_low) | 紫色哭脸:no_hit(template_miss) | 紫色卖出:no_hit(template_miss),
RGTZ,1h,2026-03-09 04:17:01,否,-,笑笑砖策略:no_hit(pattern_not_met) | 紫抄:no_hit(template_miss) | 买+红砖石:no_hit(red_ratio_low) | 紫色哭脸:no_hit(already_active) | 紫色卖出:no_hit(template_miss),
RGTZ,2h,2026-03-09 04:17:48,否,-,笑笑砖策略:no_hit(pattern_not_met) | 紫抄:no_hit(template_miss) | 买+红砖石:no_hit(red_ratio_low) | 紫色哭脸:no_hit(template_miss) | 紫色卖出:no_hit(template_miss),
RGTZ,3h,2026-03-09 04:18:46,否,-,笑笑砖策略:no_hit(pattern_not_met) | 紫抄:no_hit(template_miss) | 买+红砖石:no_hit(red_ratio_low) | 紫色哭脸:no_hit(purple_ratio_low) | 紫色卖出:no_hit(template_miss),
RGTZ,4h,2026-03-09 04:19:11,否,-,笑笑砖策略:no_hit(pattern_not_met) | 紫抄:no_hit(template_miss) | 买+红砖石:no_hit(red_ratio_low) | 紫色哭脸:no_hit(purple_ratio_low) | 紫色卖出:no_hit(template_miss),
RKLB,1h,2026-03-09 04:20:29,否,-,笑笑砖策略:no_hit(pattern_not_met) | 紫抄:no_hit(template_miss) | 买+红砖石:no_hit(red_ratio_low) | 紫色哭脸:no_hit(template_miss) | 紫色卖出:no_hit(template_miss),
RKLB,2h,2026-03-09 04:21:12,否,-,笑笑砖策略:no_hit(pattern_not_met) | 紫抄:no_hit(template_miss) | 买+红砖石:no_hit(red_ratio_low) | 紫色哭脸:no_hit(already_active) | 紫色卖出:no_hit(template_miss),
RKLB,3h,2026-03-09 04:22:08,否,-,笑笑砖策略:no_hit(pattern_not_met) | 紫抄:no_hit(template_miss) | 买+红砖石:no_hit(red_ratio_low) | 紫色哭脸:no_hit(template_miss) | 紫色卖出:no_hit(template_miss),
RKLB,4h,2026-03-09 04:22:39,否,-,笑笑砖策略:no_hit(pattern_not_met) | 紫抄:no_hit(template_miss) | 买+红砖石:no_hit(red_ratio_low) | 紫色哭脸:no_hit(purple_ratio_low) | 紫色卖出:no_hit(template_miss),
RKLZ,1h,2026-03-09 04:23:13,否,-,笑笑砖策略:no_hit(pattern_not_met) | 紫抄:no_hit(template_miss) | 买+红砖石:no_hit(red_ratio_low) | 紫色哭脸:no_hit(already_active) | 紫色卖出:no_hit(template_miss),
RKLZ,2h,2026-03-09 04:23:49,否,-,笑笑砖策略:no_hit(pattern_not_met) | 紫抄:no_hit(template_miss) | 买+红砖石:no_hit(red_ratio_low) | 紫色哭脸:no_hit(template_miss) | 紫色卖出:no_hit(template_miss),
RKLZ,3h,2026-03-09 04:24:07,否,-,笑笑砖策略:no_hit(pattern_not_met) | 紫抄:no_hit(template_miss) | 买+红砖石:no_hit(red_ratio_low) | 紫色哭脸:no_hit(already_active) | 紫色卖出:no_hit(template_miss),
RKLZ,4h,2026-03-09 04:24:35,否,-,笑笑砖策略:no_hit(pattern_not_met) | 紫抄:no_hit(template_miss) | 买+红砖石:no_hit(red_ratio_low) | 紫色哭脸:no_hit(already_active) | 紫色卖出:no_hit(template_miss),
RZLV,1h,2026-03-09 04:25:45,否,-,笑笑砖策略:no_hit(pattern_not_met) | 紫抄:no_hit(template_miss) | 买+红砖石:no_hit(red_ratio_low) | 紫色哭脸:no_hit(template_miss) | 紫色卖出:no_hit(template_miss),
RZLV,2h,2026-03-09 04:26:35,否,-,笑笑砖策略:no_hit(pattern_not_met) | 紫抄:no_hit(template_miss) | 买+红砖石:no_hit(red_ratio_low) | 紫色哭脸:no_hit(template_miss) | 紫色卖出:no_hit(template_miss),
RZLV,3h,2026-03-09 04:26:53,否,-,笑笑砖策略:no_hit(pattern_not_met) | 紫抄:no_hit(template_miss) | 买+红砖石:no_hit(red_ratio_low) | 紫色哭脸:no_hit(already_active) | 紫色卖出:no_hit(template_miss),
RZLV,4h,2026-03-09 04:27:31,否,-,笑笑砖策略:no_hit(pattern_not_met) | 紫抄:no_hit(template_miss) | 买+红砖石:no_hit(red_ratio_low) | 紫色哭脸:no_hit(template_miss) | 紫色卖出:no_hit(template_miss),
SOXS,1h,2026-03-09 04:28:23,否,-,笑笑砖策略:no_hit(pattern_not_met) | 紫抄:no_hit(template_miss) | 买+红砖石:no_hit(red_ratio_low) | 紫色哭脸:no_hit(template_miss) | 紫色卖出:no_hit(template_miss),
SOXS,2h,2026-03-09 04:29:03,否,-,笑笑砖策略:no_hit(pattern_not_met) | 紫抄:no_hit(template_miss) | 买+红砖石:no_hit(red_ratio_low) | 紫色哭脸:no_hit(template_miss) | 紫色卖出:no_hit(template_miss),
SOXS,3h,2026-03-09 04:29:35,否,-,笑笑砖策略:no_hit(pattern_not_met) | 紫抄:no_hit(template_miss) | 买+红砖石:no_hit(red_ratio_low) | 紫色哭脸:no_hit(template_miss) | 紫色卖出:no_hit(template_miss),
SOXS,4h,2026-03-09 04:30:02,否,-,笑笑砖策略:no_hit(pattern_not_met) | 紫抄:no_hit(template_miss) | 买+红砖石:no_hit(red_ratio_low) | 紫色哭脸:no_hit(purple_ratio_low) | 紫色卖出:no_hit(template_miss),
STM,1h,2026-03-09 04:30:50,否,-,笑笑砖策略:no_hit(pattern_not_met) | 紫抄:no_hit(template_miss) | 买+红砖石:no_hit(red_ratio_low) | 紫色哭脸:no_hit(template_miss) | 紫色卖出:no_hit(template_miss),
STM,2h,2026-03-09 04:31:22,否,-,笑笑砖策略:no_hit(pattern_not_met) | 紫抄:no_hit(template_miss) | 买+红砖石:no_hit(red_ratio_low) | 紫色哭脸:no_hit(template_miss) | 紫色卖出:no_hit(template_miss),
STM,3h,2026-03-09 04:32:27,否,-,笑笑砖策略:no_hit(pattern_not_met) | 紫抄:no_hit(template_miss) | 买+红砖石:no_hit(red_ratio_low) | 紫色哭脸:no_hit(template_miss) | 紫色卖出:no_hit(template_miss),
STM,4h,2026-03-09 04:33:50,否,-,笑笑砖策略:no_hit(pattern_not_met) | 紫抄:no_hit(template_miss) | 买+红砖石:no_hit(red_ratio_low) | 紫色哭脸:no_hit(template_miss) | 紫色卖出:no_hit(template_miss),
TSLA,1h,2026-03-09 04:34:22,否,-,笑笑砖策略:no_hit(pattern_not_met) | 紫抄:no_hit(template_miss) | 买+红砖石:no_hit(template_miss) | 紫色哭脸:no_hit(template_miss) | 紫色卖出:no_hit(template_miss),
TSLA,2h,2026-03-09 04:35:02,否,-,笑笑砖策略:no_hit(pattern_not_met) | 紫抄:no_hit(template_miss) | 买+红砖石:no_hit(red_ratio_low) | 紫色哭脸:no_hit(template_miss) | 紫色卖出:no_hit(template_miss),
TSLA,3h,2026-03-09 04:35:34,否,-,笑笑砖策略:no_hit(pattern_not_met) | 紫抄:no_hit(template_miss) | 买+红砖石:no_hit(template_miss) | 紫色哭脸:no_hit(template_miss) | 紫色卖出:no_hit(template_miss),
TSLA,4h,2026-03-09 04:36:13,否,-,笑笑砖策略:no_hit(pattern_not_met) | 紫抄:no_hit(template_miss) | 买+红砖石:no_hit(red_ratio_low) | 紫色哭脸:no_hit(template_miss) | 紫色卖出:no_hit(template_miss),
TSLQ,1h,2026-03-09 04:37:10,否,-,笑笑砖策略:no_hit(pattern_not_met) | 紫抄:no_hit(template_miss) | 买+红砖石:no_hit(template_miss) | 紫色哭脸:no_hit(template_miss) | 紫色卖出:no_hit(template_miss),
TSLQ,2h,2026-03-09 04:37:59,否,-,笑笑砖策略:no_hit(pattern_not_met) | 紫抄:no_hit(template_miss) | 买+红砖石:no_hit(red_ratio_low) | 紫色哭脸:no_hit(template_miss) | 紫色卖出:no_hit(template_miss),
TSLQ,3h,2026-03-09 04:38:48,否,-,笑笑砖策略:no_hit(pattern_not_met) | 紫抄:no_hit(template_miss) | 买+红砖石:no_hit(red_ratio_low) | 紫色哭脸:no_hit(template_miss) | 紫色卖出:no_hit(template_miss),
TSLQ,4h,2026-03-09 04:39:33,否,-,笑笑砖策略:no_hit(pattern_not_met) | 紫抄:no_hit(template_miss) | 买+红砖石:no_hit(red_ratio_low) | 紫色哭脸:no_hit(template_miss) | 紫色卖出:no_hit(template_miss),
UVIX,1h,2026-03-09 04:40:08,否,-,笑笑砖策略:no_hit(pattern_not_met) | 紫抄:no_hit(template_miss) | 买+红砖石:no_hit(red_ratio_low) | 紫色哭脸:no_hit(template_miss) | 紫色卖出:no_hit(template_miss),
UVIX,2h,2026-03-09 04:40:40,否,-,笑笑砖策略:no_hit(pattern_not_met) | 紫抄:no_hit(template_miss) | 买+红砖石:no_hit(red_ratio_low) | 紫色哭脸:no_hit(template_miss) | 紫色卖出:no_hit(template_miss),
UVIX,3h,2026-03-09 04:41:18,否,-,笑笑砖策略:no_hit(pattern_not_met) | 紫抄:no_hit(template_miss) | 买+红砖石:no_hit(red_ratio_low) | 紫色哭脸:no_hit(template_miss) | 紫色卖出:no_hit(template_miss),
UVIX,4h,2026-03-09 04:41:45,否,-,笑笑砖策略:no_hit(pattern_not_met) | 紫抄:no_hit(template_miss) | 买+红砖石:no_hit(red_ratio_low) | 紫色哭脸:no_hit(purple_ratio_low) | 紫色卖出:no_hit(template_miss),
WDC,1h,2026-03-09 04:42:15,否,-,笑笑砖策略:no_hit(pattern_not_met) | 紫抄:no_hit(template_miss) | 买+红砖石:no_hit(red_ratio_low) | 紫色哭脸:no_hit(template_miss) | 紫色卖出:no_hit(template_miss),
WDC,2h,2026-03-09 04:42:47,否,-,笑笑砖策略:no_hit(pattern_not_met) | 紫抄:no_hit(template_miss) | 买+红砖石:no_hit(red_ratio_low) | 紫色哭脸:no_hit(template_miss) | 紫色卖出:no_hit(template_miss),
WDC,3h,2026-03-09 04:43:19,否,-,笑笑砖策略:no_hit(pattern_not_met) | 紫抄:no_hit(template_miss) | 买+红砖石:no_hit(red_ratio_low) | 紫色哭脸:no_hit(template_miss) | 紫色卖出:no_hit(template_miss),
WDC,4h,2026-03-09 04:44:39,否,-,笑笑砖策略:no_hit(pattern_not_met) | 紫抄:no_hit(template_miss) | 买+红砖石:no_hit(template_miss) | 紫色哭脸:no_hit(template_miss) | 紫色卖出:no_hit(template_miss),
ZSL,1h,2026-03-09 04:45:12,否,-,笑笑砖策略:no_hit(pattern_not_met) | 紫抄:no_hit(template_miss) | 买+红砖石:no_hit(template_miss) | 紫色哭脸:no_hit(template_miss) | 紫色卖出:no_hit(template_miss),
ZSL,2h,2026-03-09 04:46:08,否,-,笑笑砖策略:no_hit(pattern_not_met) | 紫抄:no_hit(template_miss) | 买+红砖石:no_hit(red_ratio_low) | 紫色哭脸:no_hit(purple_ratio_low) | 紫色卖出:no_hit(template_miss),
ZSL,3h,2026-03-09 04:47:40,否,-,笑笑砖策略:no_hit(pattern_not_met) | 紫抄:no_hit(template_miss) | 买+红砖石:no_hit(red_ratio_low) | 紫色哭脸:no_hit(template_miss) | 紫色卖出:no_hit(template_miss),
ZSL,4h,2026-03-09 04:49:12,否,-,笑笑砖策略:no_hit(pattern_not_met) | 紫抄:no_hit(template_miss) | 买+红砖石:no_hit(red_ratio_low) | 紫色哭脸:no_hit(template_miss) | 紫色卖出:no_hit(template_miss),
BILI,1h,2026-03-09 05:00:34,否,-,笑笑砖策略:no_hit(pattern_not_met) | 紫抄:no_hit(template_miss) | 买+红砖石:no_hit(red_ratio_low) | 紫色哭脸:no_hit(template_miss) | 紫色卖出:no_hit(template_miss),
BILI,2h,2026-03-09 05:01:50,否,-,笑笑砖策略:no_hit(pattern_not_met) | 紫抄:no_hit(template_miss) | 买+红砖石:no_hit(template_miss) | 紫色哭脸:no_hit(template_miss) | 紫色卖出:no_hit(template_miss),
BILI,3h,2026-03-09 05:03:05,否,-,笑笑砖策略:no_hit(pattern_not_met) | 紫抄:no_hit(template_miss) | 买+红砖石:no_hit(template_miss) | 紫色哭脸:no_hit(template_miss) | 紫色卖出:no_hit(template_miss),
BILI,4h,2026-03-09 05:04:37,否,-,笑笑砖策略:no_hit(pattern_not_met) | 紫抄:no_hit(template_miss) | 买+红砖石:no_hit(red_ratio_low) | 紫色哭脸:no_hit(template_miss) | 紫色卖出:no_hit(template_miss),
CONI,1h,2026-03-09 05:05:37,否,-,笑笑砖策略:no_hit(pattern_not_met) | 紫抄:no_hit(template_miss) | 买+红砖石:no_hit(red_ratio_low) | 紫色哭脸:no_hit(template_miss) | 紫色卖出:no_hit(template_miss),
CONI,2h,2026-03-09 05:06:28,否,-,笑笑砖策略:no_hit(pattern_not_met) | 紫抄:no_hit(template_miss) | 买+红砖石:no_hit(red_ratio_low) | 紫色哭脸:no_hit(already_active) | 紫色卖出:no_hit(template_miss),
CONI,3h,2026-03-09 05:07:13,否,-,笑笑砖策略:no_hit(pattern_not_met) | 紫抄:no_hit(template_miss) | 买+红砖石:no_hit(red_ratio_low) | 紫色哭脸:no_hit(already_active) | 紫色卖出:no_hit(template_miss),
CONI,4h,2026-03-09 05:08:37,否,-,笑笑砖策略:no_hit(pattern_not_met) | 紫抄:no_hit(template_miss) | 买+红砖石:no_hit(red_ratio_low) | 紫色哭脸:no_hit(template_miss) | 紫色卖出:no_hit(template_miss),
CORD,1h,2026-03-09 05:09:16,否,-,笑笑砖策略:no_hit(pattern_not_met) | 紫抄:no_hit(template_miss) | 买+红砖石:no_hit(red_ratio_low) | 紫色哭脸:no_hit(template_miss) | 紫色卖出:no_hit(template_miss),
CORD,2h,2026-03-09 05:10:04,否,-,笑笑砖策略:no_hit(pattern_not_met) | 紫抄:no_hit(template_miss) | 买+红砖石:no_hit(red_ratio_low) | 紫色哭脸:no_hit(purple_ratio_low) | 紫色卖出:no_hit(template_miss),
CORD,3h,2026-03-09 05:10:47,否,-,笑笑砖策略:no_hit(pattern_not_met) | 紫抄:no_hit(template_miss) | 买+红砖石:no_hit(red_ratio_low) | 紫色哭脸:no_hit(already_active) | 紫色卖出:no_hit(template_miss),
CORD,4h,2026-03-09 05:11:38,否,-,笑笑砖策略:no_hit(pattern_not_met) | 紫抄:no_hit(template_miss) | 买+红砖石:no_hit(red_ratio_low) | 紫色哭脸:no_hit(already_active) | 紫色卖出:no_hit(template_miss),
CRCD,1h,2026-03-09 05:12:24,否,-,笑笑砖策略:no_hit(pattern_not_met) | 紫抄:no_hit(template_miss) | 买+红砖石:no_hit(template_miss) | 紫色哭脸:no_hit(template_miss) | 紫色卖出:no_hit(template_miss),
CRCD,2h,2026-03-09 05:13:24,否,-,笑笑砖策略:no_hit(pattern_not_met) | 紫抄:no_hit(template_miss) | 买+红砖石:no_hit(red_ratio_low) | 紫色哭脸:no_hit(already_active) | 紫色卖出:no_hit(template_miss),
CRCD,3h,2026-03-09 05:14:23,否,-,笑笑砖策略:no_hit(pattern_not_met) | 紫抄:no_hit(template_miss) | 买+红砖石:no_hit(red_ratio_low) | 紫色哭脸:no_hit(already_active) | 紫色卖出:no_hit(template_miss),
CRCD,4h,2026-03-09 05:15:35,否,-,笑笑砖策略:no_hit(pattern_not_met) | 紫抄:no_hit(template_miss) | 买+红砖石:no_hit(red_ratio_low) | 紫色哭脸:no_hit(template_miss) | 紫色卖出:no_hit(template_miss),
CRCL,1h,2026-03-09 05:17:06,否,-,笑笑砖策略:no_hit(pattern_not_met) | 紫抄:no_hit(template_miss) | 买+红砖石:no_hit(red_ratio_low) | 紫色哭脸:no_hit(template_miss) | 紫色卖出:no_hit(template_miss),
CRCL,2h,2026-03-09 05:18:20,否,-,笑笑砖策略:no_hit(pattern_not_met) | 紫抄:no_hit(template_miss) | 买+红砖石:no_hit(red_ratio_low) | 紫色哭脸:no_hit(template_miss) | 紫色卖出:no_hit(template_miss),
CRCL,3h,2026-03-09 05:19:30,否,-,笑笑砖策略:no_hit(pattern_not_met) | 紫抄:no_hit(template_miss) | 买+红砖石:no_hit(red_ratio_low) | 紫色哭脸:no_hit(template_miss) | 紫色卖出:no_hit(template_miss),
CRCL,4h,2026-03-09 05:20:12,否,-,笑笑砖策略:no_hit(pattern_not_met) | 紫抄:no_hit(template_miss) | 买+红砖石:no_hit(red_ratio_low) | 紫色哭脸:no_hit(already_active) | 紫色卖出:no_hit(template_miss),
CRDO,1h,2026-03-09 05:20:42,否,-,笑笑砖策略:no_hit(pattern_not_met) | 紫抄:no_hit(template_miss) | 买+红砖石:no_hit(red_ratio_low) | 紫色哭脸:no_hit(template_miss) | 紫色卖出:no_hit(template_miss),
CRDO,2h,2026-03-09 05:21:14,否,-,笑笑砖策略:no_hit(pattern_not_met) | 紫抄:no_hit(template_miss) | 买+红砖石:no_hit(red_ratio_low) | 紫色哭脸:no_hit(template_miss) | 紫色卖出:no_hit(template_miss),
CRDO,3h,2026-03-09 05:22:30,否,-,笑笑砖策略:no_hit(pattern_not_met) | 紫抄:no_hit(template_miss) | 买+红砖石:no_hit(red_ratio_low) | 紫色哭脸:no_hit(template_miss) | 紫色卖出:no_hit(template_miss),
CRDO,4h,2026-03-09 05:22:58,否,-,笑笑砖策略:no_hit(pattern_not_met) | 紫抄:no_hit(template_miss) | 买+红砖石:no_hit(red_ratio_low) | 紫色哭脸:no_hit(template_miss) | 紫色卖出:no_hit(template_miss),
CRML,1h,2026-03-09 05:23:16,否,-,笑笑砖策略:no_hit(pattern_not_met) | 紫抄:no_hit(template_miss) | 买+红砖石:no_hit(red_ratio_low) | 紫色哭脸:no_hit(template_miss) | 紫色卖出:no_hit(template_miss),
CRML,2h,2026-03-09 05:23:37,否,-,笑笑砖策略:no_hit(pattern_not_met) | 紫抄:no_hit(template_miss) | 买+红砖石:no_hit(red_ratio_low) | 紫色哭脸:no_hit(template_miss) | 紫色卖出:no_hit(template_miss),
CRML,3h,2026-03-09 05:23:58,否,-,笑笑砖策略:no_hit(pattern_not_met) | 紫抄:no_hit(template_miss) | 买+红砖石:no_hit(red_ratio_low) | 紫色哭脸:no_hit(template_miss) | 紫色卖出:no_hit(template_miss),
CRML,4h,2026-03-09 05:24:55,否,-,笑笑砖策略:no_hit(pattern_not_met) | 紫抄:no_hit(template_miss) | 买+红砖石:no_hit(red_ratio_low) | 紫色哭脸:no_hit(template_miss) | 紫色卖出:no_hit(template_miss),
DJT,1h,2026-03-09 05:25:20,否,-,笑笑砖策略:no_hit(pattern_not_met) | 紫抄:no_hit(template_miss) | 买+红砖石:no_hit(red_ratio_low) | 紫色哭脸:no_hit(template_miss) | 紫色卖出:no_hit(template_miss),
DJT,2h,2026-03-09 05:26:51,否,-,笑笑砖策略:no_hit(pattern_not_met) | 紫抄:no_hit(template_miss) | 买+红砖石:no_hit(red_ratio_low) | 紫色哭脸:no_hit(template_miss) | 紫色卖出:no_hit(template_miss),
DJT,3h,2026-03-09 05:27:31,否,-,笑笑砖策略:no_hit(pattern_not_met) | 紫抄:no_hit(template_miss) | 买+红砖石:no_hit(red_ratio_low) | 紫色哭脸:no_hit(template_miss) | 紫色卖出:no_hit(template_miss),
DJT,4h,2026-03-09 05:29:03,否,-,笑笑砖策略:no_hit(pattern_not_met) | 紫抄:no_hit(template_miss) | 买+红砖石:no_hit(red_ratio_low) | 紫色哭脸:no_hit(template_miss) | 紫色卖出:no_hit(template_miss),
DPST,1h,2026-03-09 05:30:14,否,-,笑笑砖策略:no_hit(pattern_not_met) | 紫抄:no_hit(template_miss) | 买+红砖石:no_hit(template_miss) | 紫色哭脸:no_hit(template_miss) | 紫色卖出:no_hit(template_miss),
DPST,2h,2026-03-09 05:30:51,否,-,笑笑砖策略:no_hit(pattern_not_met) | 紫抄:no_hit(template_miss) | 买+红砖石:no_hit(red_ratio_low) | 紫色哭脸:no_hit(template_miss) | 紫色卖出:no_hit(template_miss),
DPST,3h,2026-03-09 05:31:15,否,-,笑笑砖策略:no_hit(pattern_not_met) | 紫抄:no_hit(template_miss) | 买+红砖石:no_hit(red_ratio_low) | 紫色哭脸:no_hit(template_miss) | 紫色卖出:no_hit(template_miss),
DPST,4h,2026-03-09 05:31:35,否,-,笑笑砖策略:no_hit(pattern_not_met) | 紫抄:no_hit(template_miss) | 买+红砖石:no_hit(red_ratio_low) | 紫色哭脸:no_hit(purple_ratio_low) | 紫色卖出:no_hit(template_miss),
INTC,1h,2026-03-09 05:32:14,否,-,笑笑砖策略:no_hit(pattern_not_met) | 紫抄:no_hit(template_miss) | 买+红砖石:no_hit(red_ratio_low) | 紫色哭脸:no_hit(template_miss) | 紫色卖出:no_hit(template_miss),
INTC,2h,2026-03-09 05:32:53,否,-,笑笑砖策略:no_hit(pattern_not_met) | 紫抄:no_hit(template_miss) | 买+红砖石:no_hit(red_ratio_low) | 紫色哭脸:no_hit(template_miss) | 紫色卖出:no_hit(template_miss),
INTC,3h,2026-03-09 05:34:18,否,-,笑笑砖策略:no_hit(pattern_not_met) | 紫抄:no_hit(template_miss) | 买+红砖石:no_hit(red_ratio_low) | 紫色哭脸:no_hit(template_miss) | 紫色卖出:no_hit(template_miss),
INTC,4h,2026-03-09 05:34:36,否,-,笑笑砖策略:no_hit(pattern_not_met) | 紫抄:no_hit(template_miss) | 买+红砖石:no_hit(red_ratio_low) | 紫色哭脸:no_hit(already_active) | 紫色卖出:no_hit(template_miss),
KOLD,1h,2026-03-09 05:35:25,否,-,笑笑砖策略:no_hit(pattern_not_met) | 紫抄:no_hit(template_miss) | 买+红砖石:no_hit(red_ratio_low) | 紫色哭脸:no_hit(template_miss) | 紫色卖出:no_hit(template_miss),
KOLD,2h,2026-03-09 05:35:50,否,-,笑笑砖策略:no_hit(pattern_not_met) | 紫抄:no_hit(template_miss) | 买+红砖石:no_hit(red_ratio_low) | 紫色哭脸:no_hit(template_miss) | 紫色卖出:no_hit(template_miss),
KOLD,3h,2026-03-09 05:37:03,否,-,笑笑砖策略:no_hit(pattern_not_met) | 紫抄:no_hit(template_miss) | 买+红砖石:no_hit(red_ratio_low) | 紫色哭脸:no_hit(template_miss) | 紫色卖出:no_hit(template_miss),
KOLD,4h,2026-03-09 05:37:25,否,-,笑笑砖策略:no_hit(pattern_not_met) | 紫抄:no_hit(template_miss) | 买+红砖石:no_hit(red_ratio_low) | 紫色哭脸:no_hit(template_miss) | 紫色卖出:no_hit(template_miss),
LMND,1h,2026-03-09 05:38:49,否,-,笑笑砖策略:no_hit(pattern_not_met) | 紫抄:no_hit(template_miss) | 买+红砖石:no_hit(red_ratio_low) | 紫色哭脸:no_hit(template_miss) | 紫色卖出:no_hit(template_miss),
LMND,2h,2026-03-09 05:39:29,否,-,笑笑砖策略:no_hit(pattern_not_met) | 紫抄:no_hit(template_miss) | 买+红砖石:no_hit(red_ratio_low) | 紫色哭脸:no_hit(already_active) | 紫色卖出:no_hit(template_miss),
LMND,3h,2026-03-09 05:40:57,否,-,笑笑砖策略:no_hit(pattern_not_met) | 紫抄:no_hit(template_miss) | 买+红砖石:no_hit(template_miss) | 紫色哭脸:no_hit(template_miss) | 紫色卖出:no_hit(template_miss),
LMND,4h,2026-03-09 05:41:29,否,-,笑笑砖策略:no_hit(pattern_not_met) | 紫抄:no_hit(template_miss) | 买+红砖石:no_hit(red_ratio_low) | 紫色哭脸:no_hit(already_active) | 紫色卖出:no_hit(template_miss),
MP,1h,2026-03-09 05:42:25,否,-,笑笑砖策略:no_hit(pattern_not_met) | 紫抄:no_hit(template_miss) | 买+红砖石:no_hit(template_miss) | 紫色哭脸:no_hit(template_miss) | 紫色卖出:no_hit(template_miss),
MP,2h,2026-03-09 05:43:20,否,-,笑笑砖策略:no_hit(pattern_not_met) | 紫抄:no_hit(template_miss) | 买+红砖石:no_hit(template_miss) | 紫色哭脸:no_hit(template_miss) | 紫色卖出:no_hit(template_miss),
MP,3h,2026-03-09 05:44:22,否,-,笑笑砖策略:no_hit(pattern_not_met) | 紫抄:no_hit(template_miss) | 买+红砖石:no_hit(template_miss) | 紫色哭脸:no_hit(template_miss) | 紫色卖出:no_hit(template_miss),
MP,4h,2026-03-09 05:44:44,是,笑笑砖策略,笑笑砖策略:hit(repeat_suppressed) | 紫抄:no_hit(template_miss) | 买+红砖石:no_hit(buy_red_no_pair) | 紫色哭脸:no_hit(purple_ratio_low) | 紫色卖出:no_hit(template_miss),C:\Users\Administrator\Desktop\futu_combo_watch\output\hit_MP_4h_buy_core_20260309_054422.png
MU,1h,2026-03-09 05:45:15,否,-,笑笑砖策略:no_hit(pattern_not_met) | 紫抄:no_hit(template_miss) | 买+红砖石:no_hit(red_ratio_low) | 紫色哭脸:no_hit(template_miss) | 紫色卖出:no_hit(template_miss),
MU,2h,2026-03-09 05:45:52,否,-,笑笑砖策略:no_hit(pattern_not_met) | 紫抄:no_hit(template_miss) | 买+红砖石:no_hit(red_ratio_low) | 紫色哭脸:no_hit(template_miss) | 紫色卖出:no_hit(template_miss),
MU,3h,2026-03-09 05:46:28,否,-,笑笑砖策略:no_hit(pattern_not_met) | 紫抄:no_hit(template_miss) | 买+红砖石:no_hit(red_ratio_low) | 紫色哭脸:no_hit(template_miss) | 紫色卖出:no_hit(template_miss),
MU,4h,2026-03-09 05:47:06,否,-,笑笑砖策略:no_hit(pattern_not_met) | 紫抄:no_hit(template_miss) | 买+红砖石:no_hit(red_ratio_low) | 紫色哭脸:no_hit(template_miss) | 紫色卖出:no_hit(template_miss),
NBIS,1h,2026-03-09 05:47:47,否,-,笑笑砖策略:no_hit(pattern_not_met) | 紫抄:no_hit(template_miss) | 买+红砖石:no_hit(red_ratio_low) | 紫色哭脸:no_hit(template_miss) | 紫色卖出:no_hit(template_miss),
NBIS,2h,2026-03-09 05:49:00,否,-,笑笑砖策略:no_hit(pattern_not_met) | 紫抄:no_hit(template_miss) | 买+红砖石:no_hit(red_ratio_low) | 紫色哭脸:no_hit(template_miss) | 紫色卖出:no_hit(template_miss),
NBIS,3h,2026-03-09 05:49:23,否,-,笑笑砖策略:no_hit(pattern_not_met) | 紫抄:no_hit(template_miss) | 买+红砖石:no_hit(red_ratio_low) | 紫色哭脸:no_hit(purple_ratio_low) | 紫色卖出:no_hit(template_miss),
NBIS,4h,2026-03-09 05:50:49,否,-,笑笑砖策略:no_hit(pattern_not_met) | 紫抄:no_hit(template_miss) | 买+红砖石:no_hit(red_ratio_low) | 紫色哭脸:no_hit(template_miss) | 紫色卖出:no_hit(template_miss),
NBIZ,1h,2026-03-09 05:51:50,否,-,笑笑砖策略:no_hit(pattern_not_met) | 紫抄:no_hit(template_miss) | 买+红砖石:no_hit(red_ratio_low) | 紫色哭脸:no_hit(template_miss) | 紫色卖出:no_hit(template_miss),
NBIZ,2h,2026-03-09 05:52:36,否,-,笑笑砖策略:no_hit(pattern_not_met) | 紫抄:no_hit(template_miss) | 买+红砖石:no_hit(template_miss) | 紫色哭脸:no_hit(template_miss) | 紫色卖出:no_hit(template_miss),
NBIZ,3h,2026-03-09 05:54:13,否,-,笑笑砖策略:no_hit(pattern_not_met) | 紫抄:no_hit(template_miss) | 买+红砖石:no_hit(template_miss) | 紫色哭脸:no_hit(template_miss) | 紫色卖出:no_hit(template_miss),
NBIZ,4h,2026-03-09 05:55:23,否,-,笑笑砖策略:no_hit(pattern_not_met) | 紫抄:no_hit(template_miss) | 买+红砖石:no_hit(template_miss) | 紫色哭脸:no_hit(template_miss) | 紫色卖出:no_hit(template_miss),
NVDA,1h,2026-03-09 05:56:01,否,-,笑笑砖策略:no_hit(pattern_not_met) | 紫抄:no_hit(template_miss) | 买+红砖石:no_hit(red_ratio_low) | 紫色哭脸:no_hit(template_miss) | 紫色卖出:no_hit(template_miss),
NVDA,2h,2026-03-09 05:56:41,否,-,笑笑砖策略:no_hit(pattern_not_met) | 紫抄:no_hit(template_miss) | 买+红砖石:no_hit(template_miss) | 紫色哭脸:no_hit(template_miss) | 紫色卖出:no_hit(template_miss),
NVDA,3h,2026-03-09 05:57:11,否,-,笑笑砖策略:no_hit(pattern_not_met) | 紫抄:no_hit(template_miss) | 买+红砖石:no_hit(template_miss) | 紫色哭脸:no_hit(template_miss) | 紫色卖出:no_hit(template_miss),
NVDA,4h,2026-03-09 05:58:38,否,-,笑笑砖策略:no_hit(pattern_not_met) | 紫抄:no_hit(template_miss) | 买+红砖石:no_hit(template_miss) | 紫色哭脸:no_hit(template_miss) | 紫色卖出:no_hit(template_miss),
OKLO,1h,2026-03-09 05:59:19,否,-,笑笑砖策略:no_hit(pattern_not_met) | 紫抄:no_hit(template_miss) | 买+红砖石:no_hit(red_ratio_low) | 紫色哭脸:no_hit(template_miss) | 紫色卖出:no_hit(template_miss),
OKLO,2h,2026-03-09 05:59:56,否,-,笑笑砖策略:no_hit(pattern_not_met) | 紫抄:no_hit(template_miss) | 买+红砖石:no_hit(red_ratio_low) | 紫色哭脸:no_hit(template_miss) | 紫色卖出:no_hit(template_miss),
OKLO,3h,2026-03-09 06:00:28,否,-,笑笑砖策略:no_hit(pattern_not_met) | 紫抄:no_hit(template_miss) | 买+红砖石:no_hit(red_ratio_low) | 紫色哭脸:no_hit(template_miss) | 紫色卖出:no_hit(template_miss),
OKLO,4h,2026-03-09 06:01:52,否,-,笑笑砖策略:no_hit(pattern_not_met) | 紫抄:no_hit(template_miss) | 买+红砖石:no_hit(red_ratio_low) | 紫色哭脸:no_hit(template_miss) | 紫色卖出:no_hit(template_miss),
OKLS,1h,2026-03-09 06:02:43,否,-,笑笑砖策略:no_hit(pattern_not_met) | 紫抄:no_hit(template_miss) | 买+红砖石:no_hit(red_ratio_low) | 紫色哭脸:no_hit(template_miss) | 紫色卖出:no_hit(template_miss),
OKLS,2h,2026-03-09 06:03:41,否,-,笑笑砖策略:no_hit(pattern_not_met) | 紫抄:no_hit(template_miss) | 买+红砖石:no_hit(red_ratio_low) | 紫色哭脸:no_hit(template_miss) | 紫色卖出:no_hit(template_miss),
OKLS,3h,2026-03-09 06:04:18,否,-,笑笑砖策略:no_hit(pattern_not_met) | 紫抄:no_hit(template_miss) | 买+红砖石:no_hit(red_ratio_low) | 紫色哭脸:no_hit(template_miss) | 紫色卖出:no_hit(template_miss),
OKLS,4h,2026-03-09 06:05:16,否,-,笑笑砖策略:no_hit(pattern_not_met) | 紫抄:no_hit(template_miss) | 买+红砖石:no_hit(red_ratio_low) | 紫色哭脸:no_hit(template_miss) | 紫色卖出:no_hit(template_miss),
PLTR,1h,2026-03-09 06:06:38,否,-,笑笑砖策略:no_hit(pattern_not_met) | 紫抄:no_hit(template_miss) | 买+红砖石:no_hit(red_ratio_low) | 紫色哭脸:no_hit(template_miss) | 紫色卖出:no_hit(template_miss),
PLTR,2h,2026-03-09 06:07:54,否,-,笑笑砖策略:no_hit(pattern_not_met) | 紫抄:no_hit(template_miss) | 买+红砖石:no_hit(template_miss) | 紫色哭脸:no_hit(template_miss) | 紫色卖出:no_hit(template_miss),
PLTR,3h,2026-03-09 06:09:05,否,-,笑笑砖策略:no_hit(pattern_not_met) | 紫抄:no_hit(template_miss) | 买+红砖石:no_hit(template_miss) | 紫色哭脸:no_hit(template_miss) | 紫色卖出:no_hit(template_miss),
PLTR,4h,2026-03-09 06:10:32,否,-,笑笑砖策略:no_hit(pattern_not_met) | 紫抄:no_hit(template_miss) | 买+红砖石:no_hit(template_miss) | 紫色哭脸:no_hit(template_miss) | 紫色卖出:no_hit(template_miss),
PLTZ,1h,2026-03-09 06:12:00,否,-,笑笑砖策略:no_hit(pattern_not_met) | 紫抄:no_hit(template_miss) | 买+红砖石:no_hit(red_ratio_low) | 紫色哭脸:no_hit(template_miss) | 紫色卖出:no_hit(template_miss),
PLTZ,2h,2026-03-09 06:13:15,否,-,笑笑砖策略:no_hit(pattern_not_met) | 紫抄:no_hit(template_miss) | 买+红砖石:no_hit(template_miss) | 紫色哭脸:no_hit(template_miss) | 紫色卖出:no_hit(template_miss),
PLTZ,3h,2026-03-09 06:14:29,否,-,笑笑砖策略:no_hit(pattern_not_met) | 紫抄:no_hit(template_miss) | 买+红砖石:no_hit(red_ratio_low) | 紫色哭脸:no_hit(template_miss) | 紫色卖出:no_hit(template_miss),
PLTZ,4h,2026-03-09 06:14:52,否,-,笑笑砖策略:no_hit(pattern_not_met) | 紫抄:no_hit(template_miss) | 买+红砖石:no_hit(red_ratio_low) | 紫色哭脸:no_hit(template_miss) | 紫色卖出:no_hit(template_miss),
RDW,1h,2026-03-09 06:15:34,否,-,笑笑砖策略:no_hit(pattern_not_met) | 紫抄:no_hit(template_miss) | 买+红砖石:no_hit(red_ratio_low) | 紫色哭脸:no_hit(template_miss) | 紫色卖出:no_hit(template_miss),
RDW,2h,2026-03-09 06:16:06,否,-,笑笑砖策略:no_hit(pattern_not_met) | 紫抄:no_hit(template_miss) | 买+红砖石:no_hit(red_ratio_low) | 紫色哭脸:no_hit(template_miss) | 紫色卖出:no_hit(template_miss),
RDW,3h,2026-03-09 06:16:37,否,-,笑笑砖策略:no_hit(pattern_not_met) | 紫抄:no_hit(template_miss) | 买+红砖石:no_hit(red_ratio_low) | 紫色哭脸:no_hit(template_miss) | 紫色卖出:no_hit(template_miss),
RDW,4h,2026-03-09 06:17:13,否,-,笑笑砖策略:no_hit(pattern_not_met) | 紫抄:no_hit(template_miss) | 买+红砖石:no_hit(red_ratio_low) | 紫色哭脸:no_hit(template_miss) | 紫色卖出:no_hit(template_miss),
RGTZ,1h,2026-03-09 06:17:47,否,-,笑笑砖策略:no_hit(pattern_not_met) | 紫抄:no_hit(template_miss) | 买+红砖石:no_hit(red_ratio_low) | 紫色哭脸:no_hit(already_active) | 紫色卖出:no_hit(template_miss),
RGTZ,2h,2026-03-09 06:18:33,否,-,笑笑砖策略:no_hit(pattern_not_met) | 紫抄:no_hit(template_miss) | 买+红砖石:no_hit(red_ratio_low) | 紫色哭脸:no_hit(template_miss) | 紫色卖出:no_hit(template_miss),
RGTZ,3h,2026-03-09 06:19:32,否,-,笑笑砖策略:no_hit(pattern_not_met) | 紫抄:no_hit(template_miss) | 买+红砖石:no_hit(red_ratio_low) | 紫色哭脸:no_hit(purple_ratio_low) | 紫色卖出:no_hit(template_miss),
RGTZ,4h,2026-03-09 06:19:58,否,-,笑笑砖策略:no_hit(pattern_not_met) | 紫抄:no_hit(template_miss) | 买+红砖石:no_hit(red_ratio_low) | 紫色哭脸:no_hit(purple_ratio_low) | 紫色卖出:no_hit(template_miss),
RKLB,1h,2026-03-09 06:21:17,否,-,笑笑砖策略:no_hit(pattern_not_met) | 紫抄:no_hit(template_miss) | 买+红砖石:no_hit(red_ratio_low) | 紫色哭脸:no_hit(template_miss) | 紫色卖出:no_hit(template_miss),
RKLB,2h,2026-03-09 06:22:00,否,-,笑笑砖策略:no_hit(pattern_not_met) | 紫抄:no_hit(template_miss) | 买+红砖石:no_hit(red_ratio_low) | 紫色哭脸:no_hit(already_active) | 紫色卖出:no_hit(template_miss),
RKLB,3h,2026-03-09 06:22:57,否,-,笑笑砖策略:no_hit(pattern_not_met) | 紫抄:no_hit(template_miss) | 买+红砖石:no_hit(red_ratio_low) | 紫色哭脸:no_hit(template_miss) | 紫色卖出:no_hit(template_miss),
RKLB,4h,2026-03-09 06:23:28,否,-,笑笑砖策略:no_hit(pattern_not_met) | 紫抄:no_hit(template_miss) | 买+红砖石:no_hit(red_ratio_low) | 紫色哭脸:no_hit(purple_ratio_low) | 紫色卖出:no_hit(template_miss),
RKLZ,1h,2026-03-09 06:24:02,否,-,笑笑砖策略:no_hit(pattern_not_met) | 紫抄:no_hit(template_miss) | 买+红砖石:no_hit(red_ratio_low) | 紫色哭脸:no_hit(already_active) | 紫色卖出:no_hit(template_miss),
RKLZ,2h,2026-03-09 06:24:39,否,-,笑笑砖策略:no_hit(pattern_not_met) | 紫抄:no_hit(template_miss) | 买+红砖石:no_hit(red_ratio_low) | 紫色哭脸:no_hit(template_miss) | 紫色卖出:no_hit(template_miss),
RKLZ,3h,2026-03-09 06:24:57,否,-,笑笑砖策略:no_hit(pattern_not_met) | 紫抄:no_hit(template_miss) | 买+红砖石:no_hit(red_ratio_low) | 紫色哭脸:no_hit(already_active) | 紫色卖出:no_hit(template_miss),
RKLZ,4h,2026-03-09 06:25:25,否,-,笑笑砖策略:no_hit(pattern_not_met) | 紫抄:no_hit(template_miss) | 买+红砖石:no_hit(red_ratio_low) | 紫色哭脸:no_hit(already_active) | 紫色卖出:no_hit(template_miss),
RZLV,1h,2026-03-09 06:26:35,否,-,笑笑砖策略:no_hit(pattern_not_met) | 紫抄:no_hit(template_miss) | 买+红砖石:no_hit(red_ratio_low) | 紫色哭脸:no_hit(template_miss) | 紫色卖出:no_hit(template_miss),
RZLV,2h,2026-03-09 06:27:26,否,-,笑笑砖策略:no_hit(pattern_not_met) | 紫抄:no_hit(template_miss) | 买+红砖石:no_hit(red_ratio_low) | 紫色哭脸:no_hit(template_miss) | 紫色卖出:no_hit(template_miss),
RZLV,3h,2026-03-09 06:27:44,否,-,笑笑砖策略:no_hit(pattern_not_met) | 紫抄:no_hit(template_miss) | 买+红砖石:no_hit(red_ratio_low) | 紫色哭脸:no_hit(already_active) | 紫色卖出:no_hit(template_miss),
RZLV,4h,2026-03-09 06:28:22,否,-,笑笑砖策略:no_hit(pattern_not_met) | 紫抄:no_hit(template_miss) | 买+红砖石:no_hit(red_ratio_low) | 紫色哭脸:no_hit(template_miss) | 紫色卖出:no_hit(template_miss),
SOXS,1h,2026-03-09 06:29:17,否,-,笑笑砖策略:no_hit(pattern_not_met) | 紫抄:no_hit(template_miss) | 买+红砖石:no_hit(red_ratio_low) | 紫色哭脸:no_hit(template_miss) | 紫色卖出:no_hit(template_miss),
SOXS,2h,2026-03-09 06:29:56,否,-,笑笑砖策略:no_hit(pattern_not_met) | 紫抄:no_hit(template_miss) | 买+红砖石:no_hit(red_ratio_low) | 紫色哭脸:no_hit(template_miss) | 紫色卖出:no_hit(template_miss),
SOXS,3h,2026-03-09 06:30:29,否,-,笑笑砖策略:no_hit(pattern_not_met) | 紫抄:no_hit(template_miss) | 买+红砖石:no_hit(red_ratio_low) | 紫色哭脸:no_hit(template_miss) | 紫色卖出:no_hit(template_miss),
SOXS,4h,2026-03-09 06:30:56,否,-,笑笑砖策略:no_hit(pattern_not_met) | 紫抄:no_hit(template_miss) | 买+红砖石:no_hit(red_ratio_low) | 紫色哭脸:no_hit(purple_ratio_low) | 紫色卖出:no_hit(template_miss),
STM,1h,2026-03-09 06:31:43,否,-,笑笑砖策略:no_hit(pattern_not_met) | 紫抄:no_hit(template_miss) | 买+红砖石:no_hit(red_ratio_low) | 紫色哭脸:no_hit(template_miss) | 紫色卖出:no_hit(template_miss),
STM,2h,2026-03-09 06:32:15,否,-,笑笑砖策略:no_hit(pattern_not_met) | 紫抄:no_hit(template_miss) | 买+红砖石:no_hit(red_ratio_low) | 紫色哭脸:no_hit(template_miss) | 紫色卖出:no_hit(template_miss),
STM,3h,2026-03-09 06:33:21,否,-,笑笑砖策略:no_hit(pattern_not_met) | 紫抄:no_hit(template_miss) | 买+红砖石:no_hit(red_ratio_low) | 紫色哭脸:no_hit(template_miss) | 紫色卖出:no_hit(template_miss),
STM,4h,2026-03-09 06:34:45,否,-,笑笑砖策略:no_hit(pattern_not_met) | 紫抄:no_hit(template_miss) | 买+红砖石:no_hit(red_ratio_low) | 紫色哭脸:no_hit(template_miss) | 紫色卖出:no_hit(template_miss),
TSLA,1h,2026-03-09 06:35:17,否,-,笑笑砖策略:no_hit(pattern_not_met) | 紫抄:no_hit(template_miss) | 买+红砖石:no_hit(template_miss) | 紫色哭脸:no_hit(template_miss) | 紫色卖出:no_hit(template_miss),
TSLA,2h,2026-03-09 06:35:57,否,-,笑笑砖策略:no_hit(pattern_not_met) | 紫抄:no_hit(template_miss) | 买+红砖石:no_hit(red_ratio_low) | 紫色哭脸:no_hit(template_miss) | 紫色卖出:no_hit(template_miss),
TSLA,3h,2026-03-09 06:36:30,否,-,笑笑砖策略:no_hit(pattern_not_met) | 紫抄:no_hit(template_miss) | 买+红砖石:no_hit(template_miss) | 紫色哭脸:no_hit(template_miss) | 紫色卖出:no_hit(template_miss),
TSLA,4h,2026-03-09 06:37:08,否,-,笑笑砖策略:no_hit(pattern_not_met) | 紫抄:no_hit(template_miss) | 买+红砖石:no_hit(red_ratio_low) | 紫色哭脸:no_hit(template_miss) | 紫色卖出:no_hit(template_miss),
TSLQ,1h,2026-03-09 06:38:03,否,-,笑笑砖策略:no_hit(pattern_not_met) | 紫抄:no_hit(template_miss) | 买+红砖石:no_hit(template_miss) | 紫色哭脸:no_hit(template_miss) | 紫色卖出:no_hit(template_miss),
TSLQ,2h,2026-03-09 06:38:53,否,-,笑笑砖策略:no_hit(pattern_not_met) | 紫抄:no_hit(template_miss) | 买+红砖石:no_hit(red_ratio_low) | 紫色哭脸:no_hit(template_miss) | 紫色卖出:no_hit(template_miss),
TSLQ,3h,2026-03-09 06:39:42,否,-,笑笑砖策略:no_hit(pattern_not_met) | 紫抄:no_hit(template_miss) | 买+红砖石:no_hit(red_ratio_low) | 紫色哭脸:no_hit(template_miss) | 紫色卖出:no_hit(template_miss),
TSLQ,4h,2026-03-09 06:40:27,否,-,笑笑砖策略:no_hit(pattern_not_met) | 紫抄:no_hit(template_miss) | 买+红砖石:no_hit(red_ratio_low) | 紫色哭脸:no_hit(template_miss) | 紫色卖出:no_hit(template_miss),
UVIX,1h,2026-03-09 06:41:00,否,-,笑笑砖策略:no_hit(pattern_not_met) | 紫抄:no_hit(template_miss) | 买+红砖石:no_hit(red_ratio_low) | 紫色哭脸:no_hit(template_miss) | 紫色卖出:no_hit(template_miss),
UVIX,2h,2026-03-09 06:41:33,否,-,笑笑砖策略:no_hit(pattern_not_met) | 紫抄:no_hit(template_miss) | 买+红砖石:no_hit(red_ratio_low) | 紫色哭脸:no_hit(template_miss) | 紫色卖出:no_hit(template_miss),
UVIX,3h,2026-03-09 06:42:11,否,-,笑笑砖策略:no_hit(pattern_not_met) | 紫抄:no_hit(template_miss) | 买+红砖石:no_hit(red_ratio_low) | 紫色哭脸:no_hit(template_miss) | 紫色卖出:no_hit(template_miss),
UVIX,4h,2026-03-09 06:42:37,否,-,笑笑砖策略:no_hit(pattern_not_met) | 紫抄:no_hit(template_miss) | 买+红砖石:no_hit(red_ratio_low) | 紫色哭脸:no_hit(purple_ratio_low) | 紫色卖出:no_hit(template_miss),
WDC,1h,2026-03-09 06:43:08,否,-,笑笑砖策略:no_hit(pattern_not_met) | 紫抄:no_hit(template_miss) | 买+红砖石:no_hit(red_ratio_low) | 紫色哭脸:no_hit(template_miss) | 紫色卖出:no_hit(template_miss),
WDC,2h,2026-03-09 06:43:40,否,-,笑笑砖策略:no_hit(pattern_not_met) | 紫抄:no_hit(template_miss) | 买+红砖石:no_hit(red_ratio_low) | 紫色哭脸:no_hit(template_miss) | 紫色卖出:no_hit(template_miss),
WDC,3h,2026-03-09 06:44:12,否,-,笑笑砖策略:no_hit(pattern_not_met) | 紫抄:no_hit(template_miss) | 买+红砖石:no_hit(red_ratio_low) | 紫色哭脸:no_hit(template_miss) | 紫色卖出:no_hit(template_miss),
WDC,4h,2026-03-09 06:45:32,否,-,笑笑砖策略:no_hit(pattern_not_met) | 紫抄:no_hit(template_miss) | 买+红砖石:no_hit(template_miss) | 紫色哭脸:no_hit(template_miss) | 紫色卖出:no_hit(template_miss),
ZSL,1h,2026-03-09 06:46:05,否,-,笑笑砖策略:no_hit(pattern_not_met) | 紫抄:no_hit(template_miss) | 买+红砖石:no_hit(template_miss) | 紫色哭脸:no_hit(template_miss) | 紫色卖出:no_hit(template_miss),
ZSL,2h,2026-03-09 06:47:02,否,-,笑笑砖策略:no_hit(pattern_not_met) | 紫抄:no_hit(template_miss) | 买+红砖石:no_hit(red_ratio_low) | 紫色哭脸:no_hit(purple_ratio_low) | 紫色卖出:no_hit(template_miss),
ZSL,3h,2026-03-09 06:48:33,否,-,笑笑砖策略:no_hit(pattern_not_met) | 紫抄:no_hit(template_miss) | 买+红砖石:no_hit(red_ratio_low) | 紫色哭脸:no_hit(template_miss) | 紫色卖出:no_hit(template_miss),
ZSL,4h,2026-03-09 06:50:05,否,-,笑笑砖策略:no_hit(pattern_not_met) | 紫抄:no_hit(template_miss) | 买+红砖石:no_hit(red_ratio_low) | 紫色哭脸:no_hit(template_miss) | 紫色卖出:no_hit(template_miss),
BILI,1h,2026-03-09 07:00:33,否,-,笑笑砖策略:no_hit(pattern_not_met) | 紫抄:no_hit(template_miss) | 买+红砖石:no_hit(red_ratio_low) | 紫色哭脸:no_hit(template_miss) | 紫色卖出:no_hit(template_miss),
BILI,2h,2026-03-09 07:01:48,否,-,笑笑砖策略:no_hit(pattern_not_met) | 紫抄:no_hit(template_miss) | 买+红砖石:no_hit(template_miss) | 紫色哭脸:no_hit(template_miss) | 紫色卖出:no_hit(template_miss),
BILI,3h,2026-03-09 07:03:03,否,-,笑笑砖策略:no_hit(pattern_not_met) | 紫抄:no_hit(template_miss) | 买+红砖石:no_hit(template_miss) | 紫色哭脸:no_hit(template_miss) | 紫色卖出:no_hit(template_miss),
BILI,4h,2026-03-09 07:04:35,否,-,笑笑砖策略:no_hit(pattern_not_met) | 紫抄:no_hit(template_miss) | 买+红砖石:no_hit(red_ratio_low) | 紫色哭脸:no_hit(template_miss) | 紫色卖出:no_hit(template_miss),
CONI,1h,2026-03-09 07:05:35,否,-,笑笑砖策略:no_hit(pattern_not_met) | 紫抄:no_hit(template_miss) | 买+红砖石:no_hit(red_ratio_low) | 紫色哭脸:no_hit(template_miss) | 紫色卖出:no_hit(template_miss),
CONI,2h,2026-03-09 07:06:26,否,-,笑笑砖策略:no_hit(pattern_not_met) | 紫抄:no_hit(template_miss) | 买+红砖石:no_hit(red_ratio_low) | 紫色哭脸:no_hit(already_active) | 紫色卖出:no_hit(template_miss),
CONI,3h,2026-03-09 07:07:11,否,-,笑笑砖策略:no_hit(pattern_not_met) | 紫抄:no_hit(template_miss) | 买+红砖石:no_hit(red_ratio_low) | 紫色哭脸:no_hit(already_active) | 紫色卖出:no_hit(template_miss),
CONI,4h,2026-03-09 07:08:35,否,-,笑笑砖策略:no_hit(pattern_not_met) | 紫抄:no_hit(template_miss) | 买+红砖石:no_hit(red_ratio_low) | 紫色哭脸:no_hit(template_miss) | 紫色卖出:no_hit(template_miss),
CORD,1h,2026-03-09 07:09:14,否,-,笑笑砖策略:no_hit(pattern_not_met) | 紫抄:no_hit(template_miss) | 买+红砖石:no_hit(red_ratio_low) | 紫色哭脸:no_hit(template_miss) | 紫色卖出:no_hit(template_miss),
CORD,2h,2026-03-09 07:10:02,否,-,笑笑砖策略:no_hit(pattern_not_met) | 紫抄:no_hit(template_miss) | 买+红砖石:no_hit(red_ratio_low) | 紫色哭脸:no_hit(purple_ratio_low) | 紫色卖出:no_hit(template_miss),
CORD,3h,2026-03-09 07:10:45,否,-,笑笑砖策略:no_hit(pattern_not_met) | 紫抄:no_hit(template_miss) | 买+红砖石:no_hit(red_ratio_low) | 紫色哭脸:no_hit(already_active) | 紫色卖出:no_hit(template_miss),
CORD,4h,2026-03-09 07:11:36,否,-,笑笑砖策略:no_hit(pattern_not_met) | 紫抄:no_hit(template_miss) | 买+红砖石:no_hit(red_ratio_low) | 紫色哭脸:no_hit(already_active) | 紫色卖出:no_hit(template_miss),
CRCD,1h,2026-03-09 07:12:23,否,-,笑笑砖策略:no_hit(pattern_not_met) | 紫抄:no_hit(template_miss) | 买+红砖石:no_hit(template_miss) | 紫色哭脸:no_hit(template_miss) | 紫色卖出:no_hit(template_miss),
CRCD,2h,2026-03-09 07:13:22,否,-,笑笑砖策略:no_hit(pattern_not_met) | 紫抄:no_hit(template_miss) | 买+红砖石:no_hit(red_ratio_low) | 紫色哭脸:no_hit(already_active) | 紫色卖出:no_hit(template_miss),
CRCD,3h,2026-03-09 07:14:22,否,-,笑笑砖策略:no_hit(pattern_not_met) | 紫抄:no_hit(template_miss) | 买+红砖石:no_hit(red_ratio_low) | 紫色哭脸:no_hit(already_active) | 紫色卖出:no_hit(template_miss),
CRCD,4h,2026-03-09 07:15:34,否,-,笑笑砖策略:no_hit(pattern_not_met) | 紫抄:no_hit(template_miss) | 买+红砖石:no_hit(red_ratio_low) | 紫色哭脸:no_hit(template_miss) | 紫色卖出:no_hit(template_miss),
CRCL,1h,2026-03-09 07:17:05,否,-,笑笑砖策略:no_hit(pattern_not_met) | 紫抄:no_hit(template_miss) | 买+红砖石:no_hit(red_ratio_low) | 紫色哭脸:no_hit(template_miss) | 紫色卖出:no_hit(template_miss),
CRCL,2h,2026-03-09 07:18:18,否,-,笑笑砖策略:no_hit(pattern_not_met) | 紫抄:no_hit(template_miss) | 买+红砖石:no_hit(red_ratio_low) | 紫色哭脸:no_hit(template_miss) | 紫色卖出:no_hit(template_miss),
CRCL,3h,2026-03-09 07:19:29,否,-,笑笑砖策略:no_hit(pattern_not_met) | 紫抄:no_hit(template_miss) | 买+红砖石:no_hit(red_ratio_low) | 紫色哭脸:no_hit(template_miss) | 紫色卖出:no_hit(template_miss),
CRCL,4h,2026-03-09 07:20:11,否,-,笑笑砖策略:no_hit(pattern_not_met) | 紫抄:no_hit(template_miss) | 买+红砖石:no_hit(red_ratio_low) | 紫色哭脸:no_hit(already_active) | 紫色卖出:no_hit(template_miss),
CRDO,1h,2026-03-09 07:20:43,否,-,笑笑砖策略:no_hit(pattern_not_met) | 紫抄:no_hit(template_miss) | 买+红砖石:no_hit(red_ratio_low) | 紫色哭脸:no_hit(template_miss) | 紫色卖出:no_hit(template_miss),
CRDO,2h,2026-03-09 07:21:15,否,-,笑笑砖策略:no_hit(pattern_not_met) | 紫抄:no_hit(template_miss) | 买+红砖石:no_hit(red_ratio_low) | 紫色哭脸:no_hit(template_miss) | 紫色卖出:no_hit(template_miss),
CRDO,3h,2026-03-09 07:22:31,否,-,笑笑砖策略:no_hit(pattern_not_met) | 紫抄:no_hit(template_miss) | 买+红砖石:no_hit(red_ratio_low) | 紫色哭脸:no_hit(template_miss) | 紫色卖出:no_hit(template_miss),
CRDO,4h,2026-03-09 07:22:59,否,-,笑笑砖策略:no_hit(pattern_not_met) | 紫抄:no_hit(template_miss) | 买+红砖石:no_hit(red_ratio_low) | 紫色哭脸:no_hit(template_miss) | 紫色卖出:no_hit(template_miss),
CRML,1h,2026-03-09 07:23:17,否,-,笑笑砖策略:no_hit(pattern_not_met) | 紫抄:no_hit(template_miss) | 买+红砖石:no_hit(red_ratio_low) | 紫色哭脸:no_hit(template_miss) | 紫色卖出:no_hit(template_miss),
CRML,2h,2026-03-09 07:23:38,否,-,笑笑砖策略:no_hit(pattern_not_met) | 紫抄:no_hit(template_miss) | 买+红砖石:no_hit(red_ratio_low) | 紫色哭脸:no_hit(template_miss) | 紫色卖出:no_hit(template_miss),
CRML,3h,2026-03-09 07:23:59,否,-,笑笑砖策略:no_hit(pattern_not_met) | 紫抄:no_hit(template_miss) | 买+红砖石:no_hit(red_ratio_low) | 紫色哭脸:no_hit(template_miss) | 紫色卖出:no_hit(template_miss),
CRML,4h,2026-03-09 07:24:56,否,-,笑笑砖策略:no_hit(pattern_not_met) | 紫抄:no_hit(template_miss) | 买+红砖石:no_hit(red_ratio_low) | 紫色哭脸:no_hit(template_miss) | 紫色卖出:no_hit(template_miss),
DJT,1h,2026-03-09 07:25:20,否,-,笑笑砖策略:no_hit(pattern_not_met) | 紫抄:no_hit(template_miss) | 买+红砖石:no_hit(red_ratio_low) | 紫色哭脸:no_hit(template_miss) | 紫色卖出:no_hit(template_miss),
DJT,2h,2026-03-09 07:26:52,否,-,笑笑砖策略:no_hit(pattern_not_met) | 紫抄:no_hit(template_miss) | 买+红砖石:no_hit(red_ratio_low) | 紫色哭脸:no_hit(template_miss) | 紫色卖出:no_hit(template_miss),
DJT,3h,2026-03-09 07:27:31,否,-,笑笑砖策略:no_hit(pattern_not_met) | 紫抄:no_hit(template_miss) | 买+红砖石:no_hit(red_ratio_low) | 紫色哭脸:no_hit(template_miss) | 紫色卖出:no_hit(template_miss),
DJT,4h,2026-03-09 07:29:04,否,-,笑笑砖策略:no_hit(pattern_not_met) | 紫抄:no_hit(template_miss) | 买+红砖石:no_hit(red_ratio_low) | 紫色哭脸:no_hit(template_miss) | 紫色卖出:no_hit(template_miss),
DPST,1h,2026-03-09 07:30:15,否,-,笑笑砖策略:no_hit(pattern_not_met) | 紫抄:no_hit(template_miss) | 买+红砖石:no_hit(template_miss) | 紫色哭脸:no_hit(template_miss) | 紫色卖出:no_hit(template_miss),
DPST,2h,2026-03-09 07:30:52,否,-,笑笑砖策略:no_hit(pattern_not_met) | 紫抄:no_hit(template_miss) | 买+红砖石:no_hit(red_ratio_low) | 紫色哭脸:no_hit(template_miss) | 紫色卖出:no_hit(template_miss),
DPST,3h,2026-03-09 07:31:15,否,-,笑笑砖策略:no_hit(pattern_not_met) | 紫抄:no_hit(template_miss) | 买+红砖石:no_hit(red_ratio_low) | 紫色哭脸:no_hit(template_miss) | 紫色卖出:no_hit(template_miss),
DPST,4h,2026-03-09 07:31:36,否,-,笑笑砖策略:no_hit(pattern_not_met) | 紫抄:no_hit(template_miss) | 买+红砖石:no_hit(red_ratio_low) | 紫色哭脸:no_hit(purple_ratio_low) | 紫色卖出:no_hit(template_miss),
INTC,1h,2026-03-09 07:32:14,否,-,笑笑砖策略:no_hit(pattern_not_met) | 紫抄:no_hit(template_miss) | 买+红砖石:no_hit(red_ratio_low) | 紫色哭脸:no_hit(template_miss) | 紫色卖出:no_hit(template_miss),
INTC,2h,2026-03-09 07:32:53,否,-,笑笑砖策略:no_hit(pattern_not_met) | 紫抄:no_hit(template_miss) | 买+红砖石:no_hit(red_ratio_low) | 紫色哭脸:no_hit(template_miss) | 紫色卖出:no_hit(template_miss),
INTC,3h,2026-03-09 07:34:18,否,-,笑笑砖策略:no_hit(pattern_not_met) | 紫抄:no_hit(template_miss) | 买+红砖石:no_hit(red_ratio_low) | 紫色哭脸:no_hit(template_miss) | 紫色卖出:no_hit(template_miss),
INTC,4h,2026-03-09 07:34:36,否,-,笑笑砖策略:no_hit(pattern_not_met) | 紫抄:no_hit(template_miss) | 买+红砖石:no_hit(red_ratio_low) | 紫色哭脸:no_hit(already_active) | 紫色卖出:no_hit(template_miss),
KOLD,1h,2026-03-09 07:35:25,否,-,笑笑砖策略:no_hit(pattern_not_met) | 紫抄:no_hit(template_miss) | 买+红砖石:no_hit(red_ratio_low) | 紫色哭脸:no_hit(template_miss) | 紫色卖出:no_hit(template_miss),
KOLD,2h,2026-03-09 07:35:50,否,-,笑笑砖策略:no_hit(pattern_not_met) | 紫抄:no_hit(template_miss) | 买+红砖石:no_hit(red_ratio_low) | 紫色哭脸:no_hit(template_miss) | 紫色卖出:no_hit(template_miss),
KOLD,3h,2026-03-09 07:37:03,否,-,笑笑砖策略:no_hit(pattern_not_met) | 紫抄:no_hit(template_miss) | 买+红砖石:no_hit(red_ratio_low) | 紫色哭脸:no_hit(template_miss) | 紫色卖出:no_hit(template_miss),
KOLD,4h,2026-03-09 07:37:25,否,-,笑笑砖策略:no_hit(pattern_not_met) | 紫抄:no_hit(template_miss) | 买+红砖石:no_hit(red_ratio_low) | 紫色哭脸:no_hit(template_miss) | 紫色卖出:no_hit(template_miss),
LMND,1h,2026-03-09 07:38:20,否,-,笑笑砖策略:no_hit(pattern_not_met) | 紫抄:no_hit(template_miss) | 买+红砖石:no_hit(red_ratio_low) | 紫色哭脸:no_hit(template_miss) | 紫色卖出:no_hit(template_miss),
LMND,2h,2026-03-09 07:39:00,否,-,笑笑砖策略:no_hit(pattern_not_met) | 紫抄:no_hit(template_miss) | 买+红砖石:no_hit(red_ratio_low) | 紫色哭脸:no_hit(already_active) | 紫色卖出:no_hit(template_miss),
LMND,3h,2026-03-09 07:40:29,否,-,笑笑砖策略:no_hit(pattern_not_met) | 紫抄:no_hit(template_miss) | 买+红砖石:no_hit(template_miss) | 紫色哭脸:no_hit(template_miss) | 紫色卖出:no_hit(template_miss),
LMND,4h,2026-03-09 07:41:00,否,-,笑笑砖策略:no_hit(pattern_not_met) | 紫抄:no_hit(template_miss) | 买+红砖石:no_hit(red_ratio_low) | 紫色哭脸:no_hit(already_active) | 紫色卖出:no_hit(template_miss),
MP,1h,2026-03-09 07:41:55,否,-,笑笑砖策略:no_hit(pattern_not_met) | 紫抄:no_hit(template_miss) | 买+红砖石:no_hit(template_miss) | 紫色哭脸:no_hit(template_miss) | 紫色卖出:no_hit(template_miss),
MP,2h,2026-03-09 07:42:50,否,-,笑笑砖策略:no_hit(pattern_not_met) | 紫抄:no_hit(template_miss) | 买+红砖石:no_hit(template_miss) | 紫色哭脸:no_hit(template_miss) | 紫色卖出:no_hit(template_miss),
MP,3h,2026-03-09 07:43:53,否,-,笑笑砖策略:no_hit(pattern_not_met) | 紫抄:no_hit(template_miss) | 买+红砖石:no_hit(template_miss) | 紫色哭脸:no_hit(template_miss) | 紫色卖出:no_hit(template_miss),
MP,4h,2026-03-09 07:44:14,是,笑笑砖策略,笑笑砖策略:hit(repeat_suppressed) | 紫抄:no_hit(template_miss) | 买+红砖石:no_hit(buy_red_no_pair) | 紫色哭脸:no_hit(purple_ratio_low) | 紫色卖出:no_hit(template_miss),C:\Users\Administrator\Desktop\futu_combo_watch\output\hit_MP_4h_buy_core_20260309_074353.png
MU,1h,2026-03-09 07:44:45,否,-,笑笑砖策略:no_hit(pattern_not_met) | 紫抄:no_hit(template_miss) | 买+红砖石:no_hit(red_ratio_low) | 紫色哭脸:no_hit(template_miss) | 紫色卖出:no_hit(template_miss),
MU,2h,2026-03-09 07:45:22,否,-,笑笑砖策略:no_hit(pattern_not_met) | 紫抄:no_hit(template_miss) | 买+红砖石:no_hit(red_ratio_low) | 紫色哭脸:no_hit(template_miss) | 紫色卖出:no_hit(template_miss),
MU,3h,2026-03-09 07:45:59,否,-,笑笑砖策略:no_hit(pattern_not_met) | 紫抄:no_hit(template_miss) | 买+红砖石:no_hit(red_ratio_low) | 紫色哭脸:no_hit(template_miss) | 紫色卖出:no_hit(template_miss),
MU,4h,2026-03-09 07:46:36,否,-,笑笑砖策略:no_hit(pattern_not_met) | 紫抄:no_hit(template_miss) | 买+红砖石:no_hit(red_ratio_low) | 紫色哭脸:no_hit(template_miss) | 紫色卖出:no_hit(template_miss),
NBIS,1h,2026-03-09 07:47:14,否,-,笑笑砖策略:no_hit(pattern_not_met) | 紫抄:no_hit(template_miss) | 买+红砖石:no_hit(red_ratio_low) | 紫色哭脸:no_hit(template_miss) | 紫色卖出:no_hit(template_miss),
NBIS,2h,2026-03-09 07:48:27,否,-,笑笑砖策略:no_hit(pattern_not_met) | 紫抄:no_hit(template_miss) | 买+红砖石:no_hit(red_ratio_low) | 紫色哭脸:no_hit(template_miss) | 紫色卖出:no_hit(template_miss),
NBIS,3h,2026-03-09 07:48:50,否,-,笑笑砖策略:no_hit(pattern_not_met) | 紫抄:no_hit(template_miss) | 买+红砖石:no_hit(red_ratio_low) | 紫色哭脸:no_hit(purple_ratio_low) | 紫色卖出:no_hit(template_miss),
NBIS,4h,2026-03-09 07:50:16,否,-,笑笑砖策略:no_hit(pattern_not_met) | 紫抄:no_hit(template_miss) | 买+红砖石:no_hit(red_ratio_low) | 紫色哭脸:no_hit(template_miss) | 紫色卖出:no_hit(template_miss),
NBIZ,1h,2026-03-09 07:51:17,否,-,笑笑砖策略:no_hit(pattern_not_met) | 紫抄:no_hit(template_miss) | 买+红砖石:no_hit(red_ratio_low) | 紫色哭脸:no_hit(template_miss) | 紫色卖出:no_hit(template_miss),
NBIZ,2h,2026-03-09 07:52:03,否,-,笑笑砖策略:no_hit(pattern_not_met) | 紫抄:no_hit(template_miss) | 买+红砖石:no_hit(template_miss) | 紫色哭脸:no_hit(template_miss) | 紫色卖出:no_hit(template_miss),
NBIZ,3h,2026-03-09 07:53:39,否,-,笑笑砖策略:no_hit(pattern_not_met) | 紫抄:no_hit(template_miss) | 买+红砖石:no_hit(template_miss) | 紫色哭脸:no_hit(template_miss) | 紫色卖出:no_hit(template_miss),
NBIZ,4h,2026-03-09 07:54:49,否,-,笑笑砖策略:no_hit(pattern_not_met) | 紫抄:no_hit(template_miss) | 买+红砖石:no_hit(template_miss) | 紫色哭脸:no_hit(template_miss) | 紫色卖出:no_hit(template_miss),
NVDA,1h,2026-03-09 07:55:27,否,-,笑笑砖策略:no_hit(pattern_not_met) | 紫抄:no_hit(template_miss) | 买+红砖石:no_hit(red_ratio_low) | 紫色哭脸:no_hit(template_miss) | 紫色卖出:no_hit(template_miss),
NVDA,2h,2026-03-09 07:56:07,否,-,笑笑砖策略:no_hit(pattern_not_met) | 紫抄:no_hit(template_miss) | 买+红砖石:no_hit(template_miss) | 紫色哭脸:no_hit(template_miss) | 紫色卖出:no_hit(template_miss),
NVDA,3h,2026-03-09 07:56:36,否,-,笑笑砖策略:no_hit(pattern_not_met) | 紫抄:no_hit(template_miss) | 买+红砖石:no_hit(template_miss) | 紫色哭脸:no_hit(template_miss) | 紫色卖出:no_hit(template_miss),
NVDA,4h,2026-03-09 07:58:02,否,-,笑笑砖策略:no_hit(pattern_not_met) | 紫抄:no_hit(template_miss) | 买+红砖石:no_hit(template_miss) | 紫色哭脸:no_hit(template_miss) | 紫色卖出:no_hit(template_miss),
OKLO,1h,2026-03-09 07:58:43,否,-,笑笑砖策略:no_hit(pattern_not_met) | 紫抄:no_hit(template_miss) | 买+红砖石:no_hit(red_ratio_low) | 紫色哭脸:no_hit(template_miss) | 紫色卖出:no_hit(template_miss),
OKLO,2h,2026-03-09 07:59:20,否,-,笑笑砖策略:no_hit(pattern_not_met) | 紫抄:no_hit(template_miss) | 买+红砖石:no_hit(red_ratio_low) | 紫色哭脸:no_hit(template_miss) | 紫色卖出:no_hit(template_miss),
OKLO,3h,2026-03-09 07:59:52,否,-,笑笑砖策略:no_hit(pattern_not_met) | 紫抄:no_hit(template_miss) | 买+红砖石:no_hit(red_ratio_low) | 紫色哭脸:no_hit(template_miss) | 紫色卖出:no_hit(template_miss),
OKLO,4h,2026-03-09 08:01:15,否,-,笑笑砖策略:no_hit(pattern_not_met) | 紫抄:no_hit(template_miss) | 买+红砖石:no_hit(red_ratio_low) | 紫色哭脸:no_hit(template_miss) | 紫色卖出:no_hit(template_miss),
OKLS,1h,2026-03-09 08:02:05,否,-,笑笑砖策略:no_hit(pattern_not_met) | 紫抄:no_hit(template_miss) | 买+红砖石:no_hit(red_ratio_low) | 紫色哭脸:no_hit(template_miss) | 紫色卖出:no_hit(template_miss),
OKLS,2h,2026-03-09 08:03:03,否,-,笑笑砖策略:no_hit(pattern_not_met) | 紫抄:no_hit(template_miss) | 买+红砖石:no_hit(red_ratio_low) | 紫色哭脸:no_hit(template_miss) | 紫色卖出:no_hit(template_miss),
OKLS,3h,2026-03-09 08:03:41,否,-,笑笑砖策略:no_hit(pattern_not_met) | 紫抄:no_hit(template_miss) | 买+红砖石:no_hit(red_ratio_low) | 紫色哭脸:no_hit(template_miss) | 紫色卖出:no_hit(template_miss),
OKLS,4h,2026-03-09 08:04:38,否,-,笑笑砖策略:no_hit(pattern_not_met) | 紫抄:no_hit(template_miss) | 买+红砖石:no_hit(red_ratio_low) | 紫色哭脸:no_hit(template_miss) | 紫色卖出:no_hit(template_miss),
